-- MariaDB dump 10.19  Distrib 10.4.22-MariaDB, for Win64 (AMD64)
--
-- Host: localhost    Database: base_captis
-- ------------------------------------------------------
-- Server version	10.4.22-MariaDB

/*!40101 SET @OLD_CHARACTER_SET_CLIENT=@@CHARACTER_SET_CLIENT */;
/*!40101 SET @OLD_CHARACTER_SET_RESULTS=@@CHARACTER_SET_RESULTS */;
/*!40101 SET @OLD_COLLATION_CONNECTION=@@COLLATION_CONNECTION */;
/*!40101 SET NAMES utf8mb4 */;
/*!40103 SET @OLD_TIME_ZONE=@@TIME_ZONE */;
/*!40103 SET TIME_ZONE='+00:00' */;
/*!40014 SET @OLD_UNIQUE_CHECKS=@@UNIQUE_CHECKS, UNIQUE_CHECKS=0 */;
/*!40014 SET @OLD_FOREIGN_KEY_CHECKS=@@FOREIGN_KEY_CHECKS, FOREIGN_KEY_CHECKS=0 */;
/*!40101 SET @OLD_SQL_MODE=@@SQL_MODE, SQL_MODE='NO_AUTO_VALUE_ON_ZERO' */;
/*!40111 SET @OLD_SQL_NOTES=@@SQL_NOTES, SQL_NOTES=0 */;

--
-- Table structure for table `activity_log`
--

DROP TABLE IF EXISTS `activity_log`;
/*!40101 SET @saved_cs_client     = @@character_set_client */;
/*!40101 SET character_set_client = utf8 */;
CREATE TABLE `activity_log` (
  `id` bigint(20) unsigned NOT NULL AUTO_INCREMENT,
  `log_name` varchar(255) COLLATE utf8mb4_unicode_ci DEFAULT NULL,
  `description` text COLLATE utf8mb4_unicode_ci NOT NULL,
  `subject_type` varchar(255) COLLATE utf8mb4_unicode_ci DEFAULT NULL,
  `event` varchar(255) COLLATE utf8mb4_unicode_ci DEFAULT NULL,
  `subject_id` bigint(20) unsigned DEFAULT NULL,
  `causer_type` varchar(255) COLLATE utf8mb4_unicode_ci DEFAULT NULL,
  `causer_id` bigint(20) unsigned DEFAULT NULL,
  `properties` longtext CHARACTER SET utf8mb4 COLLATE utf8mb4_bin DEFAULT NULL CHECK (json_valid(`properties`)),
  `batch_uuid` char(36) COLLATE utf8mb4_unicode_ci DEFAULT NULL,
  `created_at` timestamp NULL DEFAULT NULL,
  `updated_at` timestamp NULL DEFAULT NULL,
  PRIMARY KEY (`id`),
  KEY `subject` (`subject_type`,`subject_id`),
  KEY `causer` (`causer_type`,`causer_id`),
  KEY `activity_log_log_name_index` (`log_name`)
) ENGINE=InnoDB AUTO_INCREMENT=1023 DEFAULT CHARSET=utf8mb4 COLLATE=utf8mb4_unicode_ci;
/*!40101 SET character_set_client = @saved_cs_client */;

--
-- Dumping data for table `activity_log`
--

LOCK TABLES `activity_log` WRITE;
/*!40000 ALTER TABLE `activity_log` DISABLE KEYS */;
INSERT INTO `activity_log` VALUES (178,'SuperAdmin','El usuario ha cerrado sesión',NULL,'Logout',NULL,'App\\Models\\User',1,'[]',NULL,'2021-10-15 03:26:47','2021-10-15 03:26:47'),(179,'SuperAdmin','El usuario ha ingresado al sistema',NULL,'Login',NULL,'App\\Models\\User',1,'[]',NULL,'2021-10-15 03:26:51','2021-10-15 03:26:51'),(180,'SuperAdmin','Se le ha asignado el rol de: Generador, prueba, algun rol299j al usuario con id: 20','App\\Models\\User','actualizado',20,'App\\Models\\User',1,'{\"attributes\":{\"role_id\":\"4, 10, 18\",\"model_id\":20},\"old\":{\"role_id\":\"4, 18\",\"model_id\":20}}',NULL,'2021-10-15 03:27:15','2021-10-15 03:27:15'),(181,'SuperAdmin','Se ha borrado el usuario','App\\Models\\User','deleted',20,'App\\Models\\User',1,'{\"old\":{\"name\":\"cris3448\",\"email\":\"cris_it3g@yahoo.es\",\"password\":\"$2y$10$17RIQcDsM\\/KGJiwDYB8tGOgEfqXJx.59p3W58hyyw5.J9kfhNE0M2\",\"two_factor_secret\":null}}',NULL,'2021-10-15 03:27:37','2021-10-15 03:27:37'),(182,'SuperAdmin','Se ha creado el usuario','App\\Models\\User','created',21,'App\\Models\\User',1,'{\"attributes\":{\"name\":\"cris878\",\"email\":\"cris_itgssss@yahoo.es\",\"password\":\"$2y$10$dthikoRjkS7qHCkPuRrnj.3hk6L9zqoHki0W8LDOBT40CRhlnvajG\",\"two_factor_secret\":null}}',NULL,'2021-10-15 03:28:35','2021-10-15 03:28:35'),(183,'SuperAdmin','Se ha borrado el usuario','App\\Models\\User','deleted',21,'App\\Models\\User',1,'{\"old\":{\"name\":\"cris878\",\"email\":\"cris_itgssss@yahoo.es\",\"password\":\"$2y$10$dthikoRjkS7qHCkPuRrnj.3hk6L9zqoHki0W8LDOBT40CRhlnvajG\",\"two_factor_secret\":null}}',NULL,'2021-10-15 03:31:55','2021-10-15 03:31:55'),(184,'SuperAdmin','Se ha creado el usuario','App\\Models\\User','created',22,'App\\Models\\User',1,'{\"attributes\":{\"name\":\"crisrtrt\",\"email\":\"cris_itsdfg@yahoo.es\",\"password\":\"$2y$10$1r9y7fpx.LiuU9Zw6M76o.UjnwlH6ZiMPteuO73aqzOP0pJZPgLnu\",\"two_factor_secret\":null}}',NULL,'2021-10-15 03:32:23','2021-10-15 03:32:23'),(185,'SuperAdmin','Se ha borrado el usuario','App\\Models\\User','deleted',22,'App\\Models\\User',1,'{\"old\":{\"name\":\"crisrtrt\",\"email\":\"cris_itsdfg@yahoo.es\",\"password\":\"$2y$10$1r9y7fpx.LiuU9Zw6M76o.UjnwlH6ZiMPteuO73aqzOP0pJZPgLnu\",\"two_factor_secret\":null}}',NULL,'2021-10-15 03:33:14','2021-10-15 03:33:14'),(186,'SuperAdmin','Se ha creado el usuario','App\\Models\\User','created',23,'App\\Models\\User',1,'{\"attributes\":{\"name\":\"cris55\",\"email\":\"cris_it3g@yahoo.es\",\"password\":\"$2y$10$\\/z1NZhX7qoeMF\\/.HTQJ.3ubDXU2zva1OungKg.XMnvUHk7aGrGc32\",\"two_factor_secret\":null}}',NULL,'2021-10-15 03:33:37','2021-10-15 03:33:37'),(187,'SuperAdmin','Se ha borrado el usuario','App\\Models\\User','deleted',23,'App\\Models\\User',1,'{\"old\":{\"name\":\"cris55\",\"email\":\"cris_it3g@yahoo.es\",\"password\":\"$2y$10$\\/z1NZhX7qoeMF\\/.HTQJ.3ubDXU2zva1OungKg.XMnvUHk7aGrGc32\",\"two_factor_secret\":null}}',NULL,'2021-10-15 03:34:30','2021-10-15 03:34:30'),(188,'SuperAdmin','Se ha creado el usuario','App\\Models\\User','created',24,'App\\Models\\User',1,'{\"attributes\":{\"name\":\"crisssas22\",\"email\":\"cris_it33g@yahoo.es\",\"password\":\"$2y$10$xjZ0dPmLPTVwEPe7Su1W.utyfW1.7B3ThjhzpWD0DePxtPTDzgzaS\",\"two_factor_secret\":null}}',NULL,'2021-10-15 03:35:00','2021-10-15 03:35:00'),(189,'SuperAdmin','Se ha borrado el usuario','App\\Models\\User','deleted',24,'App\\Models\\User',1,'{\"old\":{\"name\":\"crisssas22\",\"email\":\"cris_it33g@yahoo.es\",\"password\":\"$2y$10$xjZ0dPmLPTVwEPe7Su1W.utyfW1.7B3ThjhzpWD0DePxtPTDzgzaS\",\"two_factor_secret\":null}}',NULL,'2021-10-15 03:35:44','2021-10-15 03:35:44'),(190,'SuperAdmin','Se ha creado el usuario','App\\Models\\User','created',25,'App\\Models\\User',1,'{\"attributes\":{\"name\":\"cris222\",\"email\":\"cris_itgsd@yahoo.es\",\"password\":\"$2y$10$ljyTQVqnegmcUSGDFMKKAuorgqVYE3xe4SftTb2OoYu1D2jfW8oFm\",\"two_factor_secret\":null}}',NULL,'2021-10-15 03:36:14','2021-10-15 03:36:14'),(191,'SuperAdmin','Se le ha asignado el rol de: Visualizador, prueba al usuario con id: 25','App\\Models\\User','actualizado',25,'App\\Models\\User',1,'{\"attributes\":{\"role_id\":\"2, 10\"}}',NULL,'2021-10-15 03:36:14','2021-10-15 03:36:14'),(192,'SuperAdmin','El usuario ha ingresado al sistema',NULL,'Login',NULL,'App\\Models\\User',1,'[]',NULL,'2021-10-18 21:06:01','2021-10-18 21:06:01'),(193,'SuperAdmin','El usuario ha ingresado al sistema',NULL,'Login',NULL,'App\\Models\\User',1,'[]',NULL,'2021-10-18 23:07:06','2021-10-18 23:07:06'),(194,'SuperAdmin','El usuario ha cerrado sesión',NULL,'Logout',NULL,'App\\Models\\User',1,'[]',NULL,'2021-10-18 23:08:58','2021-10-18 23:08:58'),(195,'SuperAdmin','El usuario ha ingresado al sistema',NULL,'Login',NULL,'App\\Models\\User',1,'[]',NULL,'2021-10-18 23:09:02','2021-10-18 23:09:02'),(196,'SuperAdmin','Se ha actualizado el rol','Spatie\\Permission\\Models\\Role','updated',18,'App\\Models\\User',1,'{\"attributes\":{\"name\":\"algun rol2\"},\"old\":{\"name\":\"algun rol299j\"}}',NULL,'2021-10-18 23:14:44','2021-10-18 23:14:44'),(197,'SuperAdmin','Se le ha asignado el rol de: Visualizador, Generador, prueba al usuario con id: 25','App\\Models\\User','actualizado',25,'App\\Models\\User',1,'{\"attributes\":{\"role_id\":\"2, 4, 10\",\"model_id\":25},\"old\":{\"role_id\":\"2, 10\",\"model_id\":25}}',NULL,'2021-10-18 23:15:20','2021-10-18 23:15:20'),(198,'SuperAdmin','Se ha actualizado el usuario','App\\Models\\User','updated',25,'App\\Models\\User',1,'{\"attributes\":{\"two_factor_secret\":\"eyJpdiI6IlgvOFNqeUsyd3NDY2M3S2tDVUNPYnc9PSIsInZhbHVlIjoiTlJJUm4yMVNGL1l1NVNZVVplOWZPZ1YyOUVQa09pa0k3Mzd0RlQ2eEhpWT0iLCJtYWMiOiIwOTMxMTQ0ZTgwMTg4NDE0Mzc4Yjc2ZjYzNzBlNGM2MDU4OTU1ZDlmODcyNzg4YjI4YzRjM2Y4NDIyYzM0MTNiIiwidGFnIjoiIn0=\"},\"old\":{\"two_factor_secret\":null}}',NULL,'2021-10-18 23:23:44','2021-10-18 23:23:44'),(199,'SuperAdmin','Se ha actualizado el usuario','App\\Models\\User','updated',25,'App\\Models\\User',1,'{\"attributes\":{\"two_factor_secret\":null},\"old\":{\"two_factor_secret\":\"eyJpdiI6IlgvOFNqeUsyd3NDY2M3S2tDVUNPYnc9PSIsInZhbHVlIjoiTlJJUm4yMVNGL1l1NVNZVVplOWZPZ1YyOUVQa09pa0k3Mzd0RlQ2eEhpWT0iLCJtYWMiOiIwOTMxMTQ0ZTgwMTg4NDE0Mzc4Yjc2ZjYzNzBlNGM2MDU4OTU1ZDlmODcyNzg4YjI4YzRjM2Y4NDIyYzM0MTNiIiwidGFnIjoiIn0=\"}}',NULL,'2021-10-18 23:24:13','2021-10-18 23:24:13'),(200,'SuperAdmin','Se ha actualizado el usuario','App\\Models\\User','updated',25,'App\\Models\\User',1,'{\"attributes\":{\"name\":\"cris2522\",\"email\":\"cris_itg6sd@yahoo.es\"},\"old\":{\"name\":\"cris222\",\"email\":\"cris_itgsd@yahoo.es\"}}',NULL,'2021-10-18 23:24:24','2021-10-18 23:24:24'),(201,'SuperAdmin','Se ha creado el usuario','App\\Models\\User','created',26,'App\\Models\\User',1,'{\"attributes\":{\"name\":\"criswe2\",\"email\":\"cris_itgse333@yahoo.es\",\"password\":\"$2y$10$Fi3KdAd5oVH6HXodGeeVCeewy4crrBfESkrh50yuJtFC7ZS0Fd\\/ge\",\"two_factor_secret\":null}}',NULL,'2021-10-18 23:29:20','2021-10-18 23:29:20'),(202,'SuperAdmin','Se le ha asignado el rol de: Visualizador al usuario con id: 26','App\\Models\\User','actualizado',26,'App\\Models\\User',1,'{\"attributes\":{\"role_id\":\"2\"}}',NULL,'2021-10-18 23:29:20','2021-10-18 23:29:20'),(203,'SuperAdmin','Se ha creado el usuario','App\\Models\\User','created',27,'App\\Models\\User',1,'{\"attributes\":{\"name\":\"cris9898\",\"email\":\"cris_i87tg@yahoo.es\",\"password\":\"$2y$10$iW1yzreri8CMSIuKsL\\/Ovu07zg8bZJChXcFWKy67pMQprP0gOos9m\",\"two_factor_secret\":null}}',NULL,'2021-10-18 23:34:29','2021-10-18 23:34:29'),(204,'SuperAdmin','Se ha borrado el usuario','App\\Models\\User','deleted',27,'App\\Models\\User',1,'{\"old\":{\"name\":\"cris9898\",\"email\":\"cris_i87tg@yahoo.es\",\"password\":\"$2y$10$iW1yzreri8CMSIuKsL\\/Ovu07zg8bZJChXcFWKy67pMQprP0gOos9m\",\"two_factor_secret\":null}}',NULL,'2021-10-18 23:35:44','2021-10-18 23:35:44'),(205,'SuperAdmin','Se ha creado el usuario','App\\Models\\User','created',28,'App\\Models\\User',1,'{\"attributes\":{\"name\":\"cris34535\",\"email\":\"cris_3455itg@yahoo.es\",\"password\":\"$2y$10$zZoRgqOICWHm\\/YZHb6TPcufKghb76AmBgxzkSsTWqJDQ1EZEQufca\",\"two_factor_secret\":null}}',NULL,'2021-10-18 23:36:12','2021-10-18 23:36:12'),(206,'SuperAdmin','Se ha borrado el usuario','App\\Models\\User','deleted',28,'App\\Models\\User',1,'{\"old\":{\"name\":\"cris34535\",\"email\":\"cris_3455itg@yahoo.es\",\"password\":\"$2y$10$zZoRgqOICWHm\\/YZHb6TPcufKghb76AmBgxzkSsTWqJDQ1EZEQufca\",\"two_factor_secret\":null}}',NULL,'2021-10-18 23:38:07','2021-10-18 23:38:07'),(207,'SuperAdmin','Se ha creado el usuario','App\\Models\\User','created',29,'App\\Models\\User',1,'{\"attributes\":{\"name\":\"cris24555\",\"email\":\"cris_itgwerw@yahoo.es\",\"password\":\"$2y$10$FJ5TYLQGvRZ9nUGLyUDO4.Yi3kE.U6WF8zBQ5YcnDTrjEtTB5ap4y\",\"two_factor_secret\":null}}',NULL,'2021-10-18 23:38:37','2021-10-18 23:38:37'),(208,'SuperAdmin','Se ha borrado el usuario','App\\Models\\User','deleted',29,'App\\Models\\User',1,'{\"old\":{\"name\":\"cris24555\",\"email\":\"cris_itgwerw@yahoo.es\",\"password\":\"$2y$10$FJ5TYLQGvRZ9nUGLyUDO4.Yi3kE.U6WF8zBQ5YcnDTrjEtTB5ap4y\",\"two_factor_secret\":null}}',NULL,'2021-10-18 23:39:50','2021-10-18 23:39:50'),(209,'SuperAdmin','Se ha creado el usuario','App\\Models\\User','created',30,'App\\Models\\User',1,'{\"attributes\":{\"name\":\"cris2426\",\"email\":\"cris_ibb34tg@yahoo.es\",\"password\":\"$2y$10$e9G8dKlU7..hfE16V9jku.5AyJw16hxkuTRoQHn1AiqiQ2W5WMl5e\",\"two_factor_secret\":null}}',NULL,'2021-10-18 23:40:19','2021-10-18 23:40:19'),(210,'SuperAdmin','Se ha borrado el usuario','App\\Models\\User','deleted',30,'App\\Models\\User',1,'{\"old\":{\"name\":\"cris2426\",\"email\":\"cris_ibb34tg@yahoo.es\",\"password\":\"$2y$10$e9G8dKlU7..hfE16V9jku.5AyJw16hxkuTRoQHn1AiqiQ2W5WMl5e\",\"two_factor_secret\":null}}',NULL,'2021-10-18 23:42:04','2021-10-18 23:42:04'),(211,'SuperAdmin','Se ha creado el usuario','App\\Models\\User','created',31,'App\\Models\\User',1,'{\"attributes\":{\"name\":\"cris98u9\",\"email\":\"cris_itioing@yahoo.es\",\"password\":\"$2y$10$B0GoJct7\\/wdK2UOwG4DGuuLA7H2Q0jFDDRhtUkmnYjHUucHOt5E4C\",\"two_factor_secret\":null}}',NULL,'2021-10-18 23:42:32','2021-10-18 23:42:32'),(212,'SuperAdmin','Se ha borrado el usuario','App\\Models\\User','deleted',31,'App\\Models\\User',1,'{\"old\":{\"name\":\"cris98u9\",\"email\":\"cris_itioing@yahoo.es\",\"password\":\"$2y$10$B0GoJct7\\/wdK2UOwG4DGuuLA7H2Q0jFDDRhtUkmnYjHUucHOt5E4C\",\"two_factor_secret\":null}}',NULL,'2021-10-18 23:43:20','2021-10-18 23:43:20'),(213,'SuperAdmin','Se ha creado el usuario','App\\Models\\User','created',32,'App\\Models\\User',1,'{\"attributes\":{\"name\":\"cris234s\",\"email\":\"cris_itg23r@yahoo.es\",\"password\":\"$2y$10$6piqa8AdL5el0cR3VjAXxu1ndQ7Bvpe9Tmhh5L8jhkOGZYX3uqM56\",\"two_factor_secret\":null}}',NULL,'2021-10-18 23:43:51','2021-10-18 23:43:51'),(214,'SuperAdmin','Se ha borrado el usuario','App\\Models\\User','deleted',32,'App\\Models\\User',1,'{\"old\":{\"name\":\"cris234s\",\"email\":\"cris_itg23r@yahoo.es\",\"password\":\"$2y$10$6piqa8AdL5el0cR3VjAXxu1ndQ7Bvpe9Tmhh5L8jhkOGZYX3uqM56\",\"two_factor_secret\":null}}',NULL,'2021-10-18 23:45:57','2021-10-18 23:45:57'),(215,'SuperAdmin','Se ha creado el usuario','App\\Models\\User','created',33,'App\\Models\\User',1,'{\"attributes\":{\"name\":\"cris87hh\",\"email\":\"cris_itg45454@yahoo.es\",\"password\":\"$2y$10$IJbORlCLcO1mLx1lW4xaM.7T4zaSgYFo5gt3MsL1KJ7a3lAhHtMNK\",\"two_factor_secret\":null}}',NULL,'2021-10-18 23:52:25','2021-10-18 23:52:25'),(216,'SuperAdmin','Se ha borrado el usuario','App\\Models\\User','deleted',33,'App\\Models\\User',1,'{\"old\":{\"name\":\"cris87hh\",\"email\":\"cris_itg45454@yahoo.es\",\"password\":\"$2y$10$IJbORlCLcO1mLx1lW4xaM.7T4zaSgYFo5gt3MsL1KJ7a3lAhHtMNK\",\"two_factor_secret\":null}}',NULL,'2021-10-18 23:53:23','2021-10-18 23:53:23'),(217,'SuperAdmin','Se ha creado el usuario','App\\Models\\User','created',34,'App\\Models\\User',1,'{\"attributes\":{\"name\":\"crisjj99\",\"email\":\"cris_it999g@yahoo.es\",\"password\":\"$2y$10$IWQeTs2EI4NODze5DoLHs.658rHrukCwCbJGnX8tDS0iBo4etKroW\",\"two_factor_secret\":null}}',NULL,'2021-10-18 23:53:51','2021-10-18 23:53:51'),(218,'SuperAdmin','Se le ha asignado el permiso de: crear usuarios, editar roles al usuario con id: 34','App\\Models\\User','creado',34,'App\\Models\\User',1,'{\"attributes\":{\"permission_id\":\"7, 8\"}}',NULL,'2021-10-18 23:53:51','2021-10-18 23:53:51'),(219,'SuperAdmin','Se le ha asignado el permiso de: borrar usuarios, crear roles, crear usuarios al usuario con id: 34','App\\Models\\User','creado',34,'App\\Models\\User',1,'{\"attributes\":{\"permission_id\":\"11, 2, 7\"}}',NULL,'2021-10-19 00:01:16','2021-10-19 00:01:16'),(220,'SuperAdmin','Se le ha asignado el permiso de: borrar usuarios, crear roles, crear usuarios, editar usuarios al usuario con id: 34','App\\Models\\User','creado',34,'App\\Models\\User',1,'{\"attributes\":{\"permission_id\":\"11, 2, 7, 12\"}}',NULL,'2021-10-19 00:02:26','2021-10-19 00:02:26'),(221,'SuperAdmin','Se le ha asignado el permiso de: borrar usuarios, editar usuarios al usuario con id: 34','App\\Models\\User','creado',34,'App\\Models\\User',1,'{\"attributes\":{\"permission_id\":\"11, 12\",\"model_id\":34},\"old\":{\"permission_id\":\"2, 7, 11, 12\",\"model_id\":34}}',NULL,'2021-10-19 01:44:26','2021-10-19 01:44:26'),(222,'SuperAdmin','Se le ha asignado el permiso de: borrar usuarios al usuario con id: 34','App\\Models\\User','creado',34,'App\\Models\\User',1,'{\"attributes\":{\"permission_id\":\"11\",\"model_id\":34},\"old\":{\"permission_id\":\"11, 12\",\"model_id\":34}}',NULL,'2021-10-19 01:44:52','2021-10-19 01:44:52'),(223,'SuperAdmin','El usuario ha ingresado al sistema',NULL,'Login',NULL,'App\\Models\\User',1,'[]',NULL,'2021-10-19 09:26:29','2021-10-19 09:26:29'),(224,'SuperAdmin','Se ha creado el tipo de droga','App\\Models\\TipoDroga','created',1,'App\\Models\\User',1,'{\"attributes\":{\"name\":null}}',NULL,'2021-10-19 10:34:16','2021-10-19 10:34:16'),(225,'SuperAdmin','El usuario ha ingresado al sistema',NULL,'Login',NULL,'App\\Models\\User',1,'[]',NULL,'2021-10-20 01:51:17','2021-10-20 01:51:17'),(226,'SuperAdmin','Se ha creado el tipo de droga','App\\Models\\TipoDroga','created',2,'App\\Models\\User',1,'{\"attributes\":{\"descripcion\":\"primera descripci\\u00f3nn\"}}',NULL,'2021-10-20 03:23:12','2021-10-20 03:23:12'),(227,'SuperAdmin','Se ha creado el tipo de droga','App\\Models\\TipoDroga','created',3,'App\\Models\\User',1,'{\"attributes\":{\"descripcion\":\"primera descripci\\u00f3nnj\"}}',NULL,'2021-10-20 03:23:51','2021-10-20 03:23:51'),(228,'SuperAdmin','Se ha actualizado el rol','Spatie\\Permission\\Models\\Role','updated',18,'App\\Models\\User',1,'{\"attributes\":{\"name\":\"algun rol23\"},\"old\":{\"name\":\"algun rol2\"}}',NULL,'2021-10-20 03:29:39','2021-10-20 03:29:39'),(229,'SuperAdmin','Se ha actualizado el tipo de droga','App\\Models\\TipoDroga','updated',3,'App\\Models\\User',1,'{\"attributes\":{\"descripcion\":\"primera descripci\\u00f3nnj4\"},\"old\":{\"descripcion\":\"primera descripci\\u00f3nnj\"}}',NULL,'2021-10-20 03:32:06','2021-10-20 03:32:06'),(230,'SuperAdmin','Se ha actualizado el tipo de droga','App\\Models\\TipoDroga','updated',3,'App\\Models\\User',1,'{\"attributes\":{\"descripcion\":\"primera descripci\\u00f3nnj4k\"},\"old\":{\"descripcion\":\"primera descripci\\u00f3nnj4\"}}',NULL,'2021-10-20 03:32:13','2021-10-20 03:32:13'),(231,'SuperAdmin','Se ha borrado el tipo de droga','App\\Models\\TipoDroga','deleted',3,'App\\Models\\User',1,'{\"old\":{\"descripcion\":\"primera descripci\\u00f3nnj4k\"}}',NULL,'2021-10-20 03:37:58','2021-10-20 03:37:58'),(232,'SuperAdmin','Se ha borrado el tipo de droga','App\\Models\\TipoDroga','deleted',2,'App\\Models\\User',1,'{\"old\":{\"descripcion\":\"primera descripci\\u00f3nn\"}}',NULL,'2021-10-20 03:38:18','2021-10-20 03:38:18'),(233,'SuperAdmin','Se ha creado la presentación','App\\Models\\Presentacion','created',1,'App\\Models\\User',1,'{\"attributes\":{\"descripcion\":\"primera presentacion\",\"peso\":10.5}}',NULL,'2021-10-20 04:56:21','2021-10-20 04:56:21'),(234,'SuperAdmin','El usuario ha ingresado al sistema',NULL,'Login',NULL,'App\\Models\\User',1,'[]',NULL,'2021-10-20 07:49:41','2021-10-20 07:49:41'),(235,'SuperAdmin','Se ha actualizado el tipo de droga','App\\Models\\TipoDroga','updated',1,'App\\Models\\User',1,'{\"attributes\":{\"descripcion\":\"primera presentacion\"},\"old\":{\"descripcion\":\"primera descripci\\u00f3n\"}}',NULL,'2021-10-20 07:53:02','2021-10-20 07:53:02'),(236,'SuperAdmin','Se ha actualizado la presentación','App\\Models\\Presentacion','updated',1,'App\\Models\\User',1,'{\"attributes\":{\"descripcion\":\"primera presentacion\",\"peso\":113.6},\"old\":{\"descripcion\":\"primera presentacion\",\"peso\":10.5}}',NULL,'2021-10-20 07:57:57','2021-10-20 07:57:57'),(237,'SuperAdmin','Se ha creado la presentación','App\\Models\\Presentacion','created',2,'App\\Models\\User',1,'{\"attributes\":{\"descripcion\":\"segunda presentacion\",\"peso\":123.65}}',NULL,'2021-10-20 07:59:52','2021-10-20 07:59:52'),(238,'SuperAdmin','Se ha borrado la presentación','App\\Models\\Presentacion','deleted',2,'App\\Models\\User',1,'{\"old\":{\"descripcion\":\"segunda presentacion\",\"peso\":123.65}}',NULL,'2021-10-20 08:00:21','2021-10-20 08:00:21'),(239,'SuperAdmin','Se ha creado el precursor','App\\Models\\Precursor','created',1,'App\\Models\\User',1,'{\"attributes\":{\"descripcion\":\"algo de descripcion\",\"presentacion\":\"algo de presentacion\"}}',NULL,'2021-10-20 09:24:01','2021-10-20 09:24:01'),(240,'SuperAdmin','Se ha actualizado el precursor','App\\Models\\Precursor','updated',1,'App\\Models\\User',1,'{\"attributes\":{\"descripcion\":\"algo de descripcion\",\"presentacion\":\"algo de presentacion3\"},\"old\":{\"descripcion\":\"algo de descripcion\",\"presentacion\":\"algo de presentacion\"}}',NULL,'2021-10-20 09:24:29','2021-10-20 09:24:29'),(241,'SuperAdmin','Se ha actualizado el precursor','App\\Models\\Precursor','updated',1,'App\\Models\\User',1,'{\"attributes\":{\"descripcion\":\"algo de descripcions\",\"presentacion\":\"algo de presentacion3\"},\"old\":{\"descripcion\":\"algo de descripcion\",\"presentacion\":\"algo de presentacion3\"}}',NULL,'2021-10-20 09:24:50','2021-10-20 09:24:50'),(242,'SuperAdmin','Se ha creado el precursor','App\\Models\\Precursor','created',2,'App\\Models\\User',1,'{\"attributes\":{\"descripcion\":\"a\\u00f1lkdjf\\u00f1\",\"presentacion\":\"lakj\\u00f1dlskf\"}}',NULL,'2021-10-20 09:26:57','2021-10-20 09:26:57'),(243,'SuperAdmin','Se ha borrado el precursor','App\\Models\\Precursor','deleted',2,'App\\Models\\User',1,'{\"old\":{\"descripcion\":\"a\\u00f1lkdjf\\u00f1\",\"presentacion\":\"lakj\\u00f1dlskf\"}}',NULL,'2021-10-20 09:27:03','2021-10-20 09:27:03'),(244,'SuperAdmin','Se ha creado el precursor','App\\Models\\Precursor','created',3,'App\\Models\\User',1,'{\"attributes\":{\"descripcion\":\"sdfg\",\"presentacion\":\"dgf3\"}}',NULL,'2021-10-20 09:27:11','2021-10-20 09:27:11'),(245,'SuperAdmin','Se ha creado el arma','App\\Models\\Arma','created',1,'App\\Models\\User',1,'{\"attributes\":{\"descripcion\":\"Ak-47\"}}',NULL,'2021-10-20 10:06:25','2021-10-20 10:06:25'),(246,'SuperAdmin','Se ha actualizado el arma','App\\Models\\Arma','updated',1,'App\\Models\\User',1,'{\"attributes\":{\"descripcion\":\"Ak-478\"},\"old\":{\"descripcion\":\"Ak-47\"}}',NULL,'2021-10-20 10:06:32','2021-10-20 10:06:32'),(247,'SuperAdmin','Se ha creado el arma','App\\Models\\Arma','created',2,'App\\Models\\User',1,'{\"attributes\":{\"descripcion\":\"Vector\"}}',NULL,'2021-10-20 10:06:45','2021-10-20 10:06:45'),(248,'SuperAdmin','Se ha borrado el arma','App\\Models\\Arma','deleted',2,'App\\Models\\User',1,'{\"old\":{\"descripcion\":\"Vector\"}}',NULL,'2021-10-20 10:06:50','2021-10-20 10:06:50'),(249,'SuperAdmin','Se ha actualizado el arma','App\\Models\\Arma','updated',1,'App\\Models\\User',1,'{\"attributes\":{\"descripcion\":\"Ak-47\"},\"old\":{\"descripcion\":\"Ak-478\"}}',NULL,'2021-10-20 10:09:20','2021-10-20 10:09:20'),(250,'SuperAdmin','Se ha creado el arma','App\\Models\\Arma','created',3,'App\\Models\\User',1,'{\"attributes\":{\"descripcion\":\"Vector\"}}',NULL,'2021-10-20 10:09:34','2021-10-20 10:09:34'),(251,'SuperAdmin','Se ha actualizado el tipo de droga','App\\Models\\TipoDroga','updated',1,'App\\Models\\User',1,'{\"attributes\":{\"descripcion\":\"primera tipo\"},\"old\":{\"descripcion\":\"primera presentacion\"}}',NULL,'2021-10-20 10:26:27','2021-10-20 10:26:27'),(252,'SuperAdmin','El usuario ha ingresado al sistema',NULL,'Login',NULL,'App\\Models\\User',1,'[]',NULL,'2021-10-20 23:12:35','2021-10-20 23:12:35'),(253,'SuperAdmin','Se ha creado la presentación de droga','App\\Models\\presentacionDroga','created',1,'App\\Models\\User',1,'{\"attributes\":{\"descripcion\":\"una presentacion\",\"peso\":52.5}}',NULL,'2021-10-21 00:42:38','2021-10-21 00:42:38'),(254,'SuperAdmin','Se ha actualizado la presentación de droga','App\\Models\\presentacionDroga','updated',1,'App\\Models\\User',1,'{\"attributes\":{\"descripcion\":\"una presentacion\",\"peso\":52.58},\"old\":{\"descripcion\":\"una presentacion\",\"peso\":52.5}}',NULL,'2021-10-21 00:51:14','2021-10-21 00:51:14'),(255,'SuperAdmin','Se ha creado la presentación de droga','App\\Models\\presentacionDroga','created',2,'App\\Models\\User',1,'{\"attributes\":{\"descripcion\":\"otra presentacion\",\"peso\":74.2}}',NULL,'2021-10-21 00:51:50','2021-10-21 00:51:50'),(256,'SuperAdmin','El usuario ha ingresado al sistema',NULL,'Login',NULL,'App\\Models\\User',1,'[]',NULL,'2021-10-21 03:56:19','2021-10-21 03:56:19'),(257,'SuperAdmin','Se ha actualizado la presentación de droga','App\\Models\\presentacionDroga','updated',2,'App\\Models\\User',1,'{\"attributes\":{\"descripcion\":\"otra presentacion2\"},\"old\":{\"descripcion\":\"otra presentacion\"}}',NULL,'2021-10-21 03:56:42','2021-10-21 03:56:42'),(258,'SuperAdmin','Se ha borrado la presentación de droga','App\\Models\\presentacionDroga','deleted',2,'App\\Models\\User',1,'{\"old\":{\"descripcion\":\"otra presentacion2\"}}',NULL,'2021-10-21 03:56:55','2021-10-21 03:56:55'),(259,'SuperAdmin','El usuario ha ingresado al sistema',NULL,'Login',NULL,'App\\Models\\User',1,'[]',NULL,'2021-10-21 09:11:48','2021-10-21 09:11:48'),(260,'SuperAdmin','Se ha creado la presentación de precursor','App\\Models\\presentacionPrecursor','created',1,'App\\Models\\User',1,'{\"attributes\":{\"descripcion\":\"pioasdg\"}}',NULL,'2021-10-21 09:15:02','2021-10-21 09:15:02'),(261,'SuperAdmin','Se ha actualizado la presentación de droga','App\\Models\\presentacionDroga','updated',1,'App\\Models\\User',1,'{\"attributes\":{\"descripcion\":\"pioasdg5\"},\"old\":{\"descripcion\":\"una presentacion\"}}',NULL,'2021-10-21 09:16:26','2021-10-21 09:16:26'),(262,'SuperAdmin','Se ha creado la presentación de precursor','App\\Models\\presentacionPrecursor','created',2,'App\\Models\\User',1,'{\"attributes\":{\"descripcion\":\"fhfgh\"}}',NULL,'2021-10-21 09:16:59','2021-10-21 09:16:59'),(263,'SuperAdmin','Se ha actualizado la presentación de precursor','App\\Models\\presentacionPrecursor','updated',2,'App\\Models\\User',1,'{\"attributes\":{\"descripcion\":\"fhfghasdfsad34\"},\"old\":{\"descripcion\":\"fhfgh\"}}',NULL,'2021-10-21 09:17:49','2021-10-21 09:17:49'),(264,'SuperAdmin','Se ha borrado la presentación de precursor','App\\Models\\presentacionPrecursor','deleted',2,'App\\Models\\User',1,'{\"old\":{\"descripcion\":\"fhfghasdfsad34\"}}',NULL,'2021-10-21 09:17:54','2021-10-21 09:17:54'),(265,'SuperAdmin','Se ha creado el tipo de munición','App\\Models\\TipoMunicion','created',1,'App\\Models\\User',1,'{\"attributes\":{\"descripcion\":\"5jklad\"}}',NULL,'2021-10-21 09:57:47','2021-10-21 09:57:47'),(266,'SuperAdmin','Se ha actualizado el tipo de munición','App\\Models\\TipoMunicion','updated',1,'App\\Models\\User',1,'{\"attributes\":{\"descripcion\":\"5jklad32\"},\"old\":{\"descripcion\":\"5jklad\"}}',NULL,'2021-10-21 09:59:46','2021-10-21 09:59:46'),(267,'SuperAdmin','Se ha creado el tipo de munición','App\\Models\\TipoMunicion','created',2,'App\\Models\\User',1,'{\"attributes\":{\"descripcion\":\"h\\u00f1jk34\"}}',NULL,'2021-10-21 10:00:46','2021-10-21 10:00:46'),(268,'SuperAdmin','Se ha borrado el tipo de munición','App\\Models\\TipoMunicion','deleted',2,'App\\Models\\User',1,'{\"old\":{\"descripcion\":\"h\\u00f1jk34\"}}',NULL,'2021-10-21 10:00:50','2021-10-21 10:00:50'),(269,'SuperAdmin','El usuario ha ingresado al sistema',NULL,'Login',NULL,'App\\Models\\User',1,'[]',NULL,'2021-10-21 20:25:47','2021-10-21 20:25:47'),(270,'SuperAdmin','Se ha creado identificación','App\\Models\\Identificacion','created',1,'App\\Models\\User',1,'{\"attributes\":{\"descripcion\":\"oajdflk\"}}',NULL,'2021-10-21 21:43:49','2021-10-21 21:43:49'),(271,'SuperAdmin','Se ha actualizado identificación','App\\Models\\Identificacion','updated',1,'App\\Models\\User',1,'{\"attributes\":{\"descripcion\":\"oajdflk23\"},\"old\":{\"descripcion\":\"oajdflk\"}}',NULL,'2021-10-21 22:42:10','2021-10-21 22:42:10'),(272,'SuperAdmin','Se ha creado identificación','App\\Models\\Identificacion','created',2,'App\\Models\\User',1,'{\"attributes\":{\"descripcion\":\"adsfg345\"}}',NULL,'2021-10-21 22:42:44','2021-10-21 22:42:44'),(273,'SuperAdmin','Se ha borrado identificación','App\\Models\\Identificacion','deleted',2,'App\\Models\\User',1,'{\"old\":{\"descripcion\":\"adsfg345\"}}',NULL,'2021-10-21 22:42:47','2021-10-21 22:42:47'),(274,'SuperAdmin','El usuario ha ingresado al sistema',NULL,'Login',NULL,'App\\Models\\User',1,'[]',NULL,'2021-10-22 02:55:39','2021-10-22 02:55:39'),(275,'SuperAdmin','Se ha creado identificación','App\\Models\\Identificacion','created',3,'App\\Models\\User',1,'{\"attributes\":{\"descripcion\":\"ocupacion\"}}',NULL,'2021-10-22 03:10:21','2021-10-22 03:10:21'),(276,'SuperAdmin','Se ha borrado identificación','App\\Models\\Identificacion','deleted',3,'App\\Models\\User',1,'{\"old\":{\"descripcion\":\"ocupacion\"}}',NULL,'2021-10-22 03:10:28','2021-10-22 03:10:28'),(277,'SuperAdmin','Se ha creado la ocupación','App\\Models\\Ocupacion','created',1,'App\\Models\\User',1,'{\"attributes\":{\"descripcion\":\"ocupacion2\"}}',NULL,'2021-10-22 03:11:13','2021-10-22 03:11:13'),(278,'SuperAdmin','Se ha actualizado la ocupación','App\\Models\\Ocupacion','updated',1,'App\\Models\\User',1,'{\"attributes\":{\"descripcion\":\"ocupacion2s\"},\"old\":{\"descripcion\":\"ocupacion2\"}}',NULL,'2021-10-22 03:11:29','2021-10-22 03:11:29'),(279,'SuperAdmin','Se ha creado la ocupación','App\\Models\\Ocupacion','created',2,'App\\Models\\User',1,'{\"attributes\":{\"descripcion\":\"ocu2\"}}',NULL,'2021-10-22 03:11:42','2021-10-22 03:11:42'),(280,'SuperAdmin','Se ha borrado la ocupación','App\\Models\\Ocupacion','deleted',2,'App\\Models\\User',1,'{\"old\":{\"descripcion\":\"ocu2\"}}',NULL,'2021-10-22 03:11:48','2021-10-22 03:11:48'),(281,'SuperAdmin','Se ha creado la estructura criminal','App\\Models\\EstructuraCriminal','created',1,'App\\Models\\User',1,'{\"attributes\":{\"descripcion\":\"\\u00f1lk\\u00f1lk\\u00f1n4\"}}',NULL,'2021-10-22 04:21:26','2021-10-22 04:21:26'),(282,'SuperAdmin','Se ha actualizado la estructura criminal','App\\Models\\EstructuraCriminal','updated',1,'App\\Models\\User',1,'{\"attributes\":{\"descripcion\":\"\\u00f1lk\\u00f1lk\\u00f1n4bh\"},\"old\":{\"descripcion\":\"\\u00f1lk\\u00f1lk\\u00f1n4\"}}',NULL,'2021-10-22 04:24:15','2021-10-22 04:24:15'),(283,'SuperAdmin','Se ha creado la estructura criminal','App\\Models\\EstructuraCriminal','created',2,'App\\Models\\User',1,'{\"attributes\":{\"descripcion\":\"lknkjen3\"}}',NULL,'2021-10-22 04:24:50','2021-10-22 04:24:50'),(284,'SuperAdmin','Se ha borrado la estructura criminal','App\\Models\\EstructuraCriminal','deleted',2,'App\\Models\\User',1,'{\"old\":{\"descripcion\":\"lknkjen3\"}}',NULL,'2021-10-22 04:24:54','2021-10-22 04:24:54'),(285,'SuperAdmin','El usuario ha ingresado al sistema',NULL,'Login',NULL,'App\\Models\\User',1,'[]',NULL,'2021-10-23 03:04:15','2021-10-23 03:04:15'),(286,'SuperAdmin','Se ha creado la institución','App\\Models\\Institucion','created',1,'App\\Models\\User',1,'{\"attributes\":{\"descripcion\":null,\"contacto\":\"\\u00f1lkj\\u00f1lk\",\"telefono\":\"2342\"}}',NULL,'2021-10-23 03:17:05','2021-10-23 03:17:05'),(287,'SuperAdmin','Se ha creado la institución','App\\Models\\Institucion','created',2,'App\\Models\\User',1,'{\"attributes\":{\"descripcion\":null,\"contacto\":\"\\u00f1lkds\\u00f1f\",\"telefono\":\"23423\"}}',NULL,'2021-10-23 03:17:20','2021-10-23 03:17:20'),(288,'SuperAdmin','Se ha actualizado la institución','App\\Models\\Institucion','updated',1,'App\\Models\\User',1,'{\"attributes\":{\"descripcion\":null,\"contacto\":\"kjsdfl\\u00f1\",\"telefono\":\"2346\"},\"old\":{\"descripcion\":null,\"contacto\":\"\\u00f1lkj\\u00f1lk\",\"telefono\":\"2342\"}}',NULL,'2021-10-23 03:17:48','2021-10-23 03:17:48'),(289,'SuperAdmin','Se ha borrado la institución','App\\Models\\Institucion','deleted',2,'App\\Models\\User',1,'{\"old\":{\"descripcion\":null,\"contacto\":\"\\u00f1lkds\\u00f1f\",\"telefono\":\"23423\"}}',NULL,'2021-10-23 03:17:54','2021-10-23 03:17:54'),(290,'SuperAdmin','El usuario ha ingresado al sistema',NULL,'Login',NULL,'App\\Models\\User',1,'[]',NULL,'2021-10-26 02:56:46','2021-10-26 02:56:46'),(291,'SuperAdmin','Se ha creado el tipo de parametro','App\\Models\\Tipo_parametro','created',1,'App\\Models\\User',1,'{\"attributes\":{\"descripcion\":\"un parametro\"}}',NULL,'2021-10-26 04:25:25','2021-10-26 04:25:25'),(292,'SuperAdmin','Se ha creado el tipo de parametro','App\\Models\\Tipo_parametro','created',2,'App\\Models\\User',1,'{\"attributes\":{\"descripcion\":\"kn\\u00f1km\"}}',NULL,'2021-10-26 04:31:13','2021-10-26 04:31:13'),(293,'SuperAdmin','Se ha actualizado el tipo de parametro','App\\Models\\Tipo_parametro','updated',1,'App\\Models\\User',1,'{\"attributes\":{\"descripcion\":\"un parametro3\"},\"old\":{\"descripcion\":\"un parametro\"}}',NULL,'2021-10-26 04:34:33','2021-10-26 04:34:33'),(294,'SuperAdmin','Se ha actualizado el tipo de parametro','App\\Models\\Tipo_parametro','updated',2,'App\\Models\\User',1,'{\"attributes\":{\"descripcion\":\"kn\\u00f1km34534\"},\"old\":{\"descripcion\":\"kn\\u00f1km\"}}',NULL,'2021-10-26 04:34:40','2021-10-26 04:34:40'),(295,'SuperAdmin','Se ha borrado el tipo de parametro','App\\Models\\Tipo_parametro','deleted',2,'App\\Models\\User',1,'{\"old\":{\"descripcion\":\"kn\\u00f1km34534\"}}',NULL,'2021-10-26 04:34:43','2021-10-26 04:34:43'),(296,'SuperAdmin','Se ha actualizado el tipo de parametro','App\\Models\\Tipo_parametro','updated',1,'App\\Models\\User',1,'{\"attributes\":{\"descripcion\":\"Tipo de droga\"},\"old\":{\"descripcion\":\"un parametro3\"}}',NULL,'2021-10-26 04:49:56','2021-10-26 04:49:56'),(297,'SuperAdmin','Se ha creado el tipo de parametro','App\\Models\\Tipo_parametro','created',3,'App\\Models\\User',1,'{\"attributes\":{\"descripcion\":\"Presentaci\\u00f3n de droga\"}}',NULL,'2021-10-26 04:50:12','2021-10-26 04:50:12'),(298,'SuperAdmin','Se ha creado el tipo de parametro','App\\Models\\Tipo_parametro','created',4,'App\\Models\\User',1,'{\"attributes\":{\"descripcion\":\"Presentaci\\u00f3n de precursores\"}}',NULL,'2021-10-26 04:50:27','2021-10-26 04:50:27'),(299,'SuperAdmin','Se ha creado el tipo de parametro','App\\Models\\Tipo_parametro','created',5,'App\\Models\\User',1,'{\"attributes\":{\"descripcion\":\"Precursores qu\\u00edmicos\"}}',NULL,'2021-10-26 04:50:44','2021-10-26 04:50:44'),(300,'SuperAdmin','Se ha creado el tipo de parametro','App\\Models\\Tipo_parametro','created',6,'App\\Models\\User',1,'{\"attributes\":{\"descripcion\":\"Armas\"}}',NULL,'2021-10-26 04:50:56','2021-10-26 04:50:56'),(301,'SuperAdmin','Se ha creado el tipo de parametro','App\\Models\\Tipo_parametro','created',7,'App\\Models\\User',1,'{\"attributes\":{\"descripcion\":\"Municiones\"}}',NULL,'2021-10-26 04:51:05','2021-10-26 04:51:05'),(302,'SuperAdmin','Se ha creado el tipo de parametro','App\\Models\\Tipo_parametro','created',8,'App\\Models\\User',1,'{\"attributes\":{\"descripcion\":\"Identificaciones\"}}',NULL,'2021-10-26 04:51:15','2021-10-26 04:51:15'),(303,'SuperAdmin','Se ha creado el tipo de parametro','App\\Models\\Tipo_parametro','created',9,'App\\Models\\User',1,'{\"attributes\":{\"descripcion\":\"Ocupaciones\"}}',NULL,'2021-10-26 04:51:24','2021-10-26 04:51:24'),(304,'SuperAdmin','Se ha creado el tipo de parametro','App\\Models\\Tipo_parametro','created',10,'App\\Models\\User',1,'{\"attributes\":{\"descripcion\":\"Estructuras criminales\"}}',NULL,'2021-10-26 04:51:37','2021-10-26 04:51:37'),(305,'SuperAdmin','Se ha creado el tipo de parametro','App\\Models\\Tipo_parametro','created',11,'App\\Models\\User',1,'{\"attributes\":{\"descripcion\":\"Instituciones\"}}',NULL,'2021-10-26 04:51:50','2021-10-26 04:51:50'),(306,'SuperAdmin','El usuario ha ingresado al sistema',NULL,'Login',NULL,'App\\Models\\User',1,'[]',NULL,'2021-10-27 22:03:10','2021-10-27 22:03:10'),(307,'SuperAdmin','Se ha borrado el tipo de parametro','App\\Models\\Tipo_parametro','deleted',11,'App\\Models\\User',1,'{\"old\":{\"descripcion\":\"Instituciones\"}}',NULL,'2021-10-27 22:10:03','2021-10-27 22:10:03'),(308,'SuperAdmin','Se ha creado el parametro','App\\Models\\Parametro','created',1,'App\\Models\\User',1,'{\"attributes\":{\"descripcion\":\"descripcion de tipo de droga\",\"presentacion\":null}}',NULL,'2021-10-28 02:03:39','2021-10-28 02:03:39'),(309,'SuperAdmin','Se ha creado el parametro','App\\Models\\Parametro','created',2,'App\\Models\\User',1,'{\"attributes\":{\"descripcion\":\"descripcion de arma\",\"presentacion\":null}}',NULL,'2021-10-28 04:21:17','2021-10-28 04:21:17'),(310,'SuperAdmin','Se ha borrado el parametro','App\\Models\\Parametro','deleted',2,'App\\Models\\User',1,'{\"old\":{\"descripcion\":\"descripcion de arma\",\"presentacion\":null}}',NULL,'2021-10-28 04:21:58','2021-10-28 04:21:58'),(311,'SuperAdmin','Se ha creado el parametro','App\\Models\\Parametro','created',3,'App\\Models\\User',1,'{\"attributes\":{\"descripcion\":\"descripcion de arma\",\"presentacion\":null}}',NULL,'2021-10-28 04:22:13','2021-10-28 04:22:13'),(312,'SuperAdmin','El usuario ha cerrado sesión',NULL,'Logout',NULL,'App\\Models\\User',1,'[]',NULL,'2021-10-28 05:13:45','2021-10-28 05:13:45'),(313,'SuperAdmin','El usuario ha ingresado al sistema',NULL,'Login',NULL,'App\\Models\\User',1,'[]',NULL,'2021-10-28 05:14:09','2021-10-28 05:14:09'),(314,'SuperAdmin','El usuario ha cerrado sesión',NULL,'Logout',NULL,'App\\Models\\User',1,'[]',NULL,'2021-10-28 05:14:20','2021-10-28 05:14:20'),(315,'cris','El usuario ha ingresado al sistema',NULL,'Login',NULL,'App\\Models\\User',13,'[]',NULL,'2021-10-28 05:14:37','2021-10-28 05:14:37'),(316,'cris','Se ha creado el permiso','Spatie\\Permission\\Models\\Permission','created',19,'App\\Models\\User',13,'{\"attributes\":{\"name\":\"ver Tipo de droga\"}}',NULL,'2021-10-28 06:34:12','2021-10-28 06:34:12'),(317,'cris','Se le ha asignado el permiso de: ver Tipo de droga al usuario con id: 13','App\\Models\\User','creado',13,'App\\Models\\User',13,'{\"attributes\":{\"permission_id\":\"19\",\"model_id\":13},\"old\":{\"permission_id\":\"\",\"model_id\":13}}',NULL,'2021-10-28 06:36:25','2021-10-28 06:36:25'),(318,'cris','Se ha creado el permiso','Spatie\\Permission\\Models\\Permission','created',20,'App\\Models\\User',13,'{\"attributes\":{\"name\":\"ver Armas\"}}',NULL,'2021-10-28 06:38:21','2021-10-28 06:38:21'),(319,'cris','Se le ha asignado el permiso de: ver Armas, ver Tipo de droga al usuario con id: 13','App\\Models\\User','creado',13,'App\\Models\\User',13,'{\"attributes\":{\"permission_id\":\"20, 19\",\"model_id\":13},\"old\":{\"permission_id\":\"19\",\"model_id\":13}}',NULL,'2021-10-28 06:38:33','2021-10-28 06:38:33'),(320,'SuperAdmin','El usuario ha ingresado al sistema',NULL,'Login',NULL,'App\\Models\\User',1,'[]',NULL,'2021-11-02 11:19:05','2021-11-02 11:19:05'),(321,'SuperAdmin','El usuario ha ingresado al sistema',NULL,'Login',NULL,'App\\Models\\User',1,'[]',NULL,'2021-11-03 08:31:10','2021-11-03 08:31:10'),(322,'SuperAdmin','El usuario ha ingresado al sistema',NULL,'Login',NULL,'App\\Models\\User',1,'[]',NULL,'2021-11-06 00:52:34','2021-11-06 00:52:34'),(323,'SuperAdmin','Se ha actualizado el tipo de droga','App\\Models\\TipoDroga','updated',1,'App\\Models\\User',1,'{\"attributes\":{\"descripcion\":\"primer tipo de droga\"},\"old\":{\"descripcion\":\"primera tipo\"}}',NULL,'2021-11-06 01:42:51','2021-11-06 01:42:51'),(324,'SuperAdmin','Se ha creado el tipo de droga','App\\Models\\TipoDroga','created',4,'App\\Models\\User',1,'{\"attributes\":{\"descripcion\":\"segundo tipo de droga\"}}',NULL,'2021-11-06 01:43:01','2021-11-06 01:43:01'),(325,'SuperAdmin','Se ha creado la droga','App\\Models\\Droga','created',1,'App\\Models\\User',1,'{\"attributes\":{\"descripcion\":\"droga 1\",\"tipo_droga_id\":1}}',NULL,'2021-11-06 01:47:05','2021-11-06 01:47:05'),(326,'SuperAdmin','Se ha actualizado la droga','App\\Models\\Droga','updated',1,'App\\Models\\User',1,'{\"attributes\":{\"descripcion\":\"droga 1+++\",\"tipo_droga_id\":1},\"old\":{\"descripcion\":\"droga 1\",\"tipo_droga_id\":1}}',NULL,'2021-11-06 02:10:13','2021-11-06 02:10:13'),(327,'SuperAdmin','Se ha actualizado la droga','App\\Models\\Droga','updated',1,'App\\Models\\User',1,'{\"attributes\":{\"descripcion\":\"droga 1+++\",\"tipo_droga_id\":4},\"old\":{\"descripcion\":\"droga 1+++\",\"tipo_droga_id\":1}}',NULL,'2021-11-06 02:17:20','2021-11-06 02:17:20'),(328,'SuperAdmin','Se ha actualizado la droga','App\\Models\\Droga','updated',1,'App\\Models\\User',1,'{\"attributes\":{\"descripcion\":\"droga 1+++\",\"tipo_droga_id\":1},\"old\":{\"descripcion\":\"droga 1+++\",\"tipo_droga_id\":4}}',NULL,'2021-11-06 02:46:02','2021-11-06 02:46:02'),(329,'SuperAdmin','Se ha actualizado la droga','App\\Models\\Droga','updated',1,'App\\Models\\User',1,'{\"attributes\":{\"descripcion\":\"droga 1+++\",\"tipo_droga_id\":4},\"old\":{\"descripcion\":\"droga 1+++\",\"tipo_droga_id\":1}}',NULL,'2021-11-06 02:47:52','2021-11-06 02:47:52'),(330,'SuperAdmin','Se ha actualizado la droga','App\\Models\\Droga','updated',1,'App\\Models\\User',1,'{\"attributes\":{\"descripcion\":\"droga 1+++\",\"tipo_droga_id\":1},\"old\":{\"descripcion\":\"droga 1+++\",\"tipo_droga_id\":4}}',NULL,'2021-11-06 03:41:47','2021-11-06 03:41:47'),(331,'SuperAdmin','Se ha actualizado la droga','App\\Models\\Droga','updated',1,'App\\Models\\User',1,'{\"attributes\":{\"descripcion\":\"droga 1+++\",\"tipo_droga_id\":4},\"old\":{\"descripcion\":\"droga 1+++\",\"tipo_droga_id\":1}}',NULL,'2021-11-06 03:44:19','2021-11-06 03:44:19'),(332,'SuperAdmin','Se ha actualizado la droga','App\\Models\\Droga','updated',1,'App\\Models\\User',1,'{\"attributes\":{\"descripcion\":\"droga 1\",\"tipo_droga_id\":1},\"old\":{\"descripcion\":\"droga 1+++\",\"tipo_droga_id\":4}}',NULL,'2021-11-06 03:52:49','2021-11-06 03:52:49'),(333,'SuperAdmin','Se ha creado el tipo de droga','App\\Models\\TipoDroga','created',5,'App\\Models\\User',1,'{\"attributes\":{\"descripcion\":\"otro tipo de droga\"}}',NULL,'2021-11-06 04:04:50','2021-11-06 04:04:50'),(334,'SuperAdmin','Se ha borrado el tipo de droga','App\\Models\\TipoDroga','deleted',5,'App\\Models\\User',1,'{\"old\":{\"descripcion\":\"otro tipo de droga\"}}',NULL,'2021-11-06 04:04:56','2021-11-06 04:04:56'),(335,'SuperAdmin','Se ha creado el tipo de droga','App\\Models\\TipoDroga','created',6,'App\\Models\\User',1,'{\"attributes\":{\"descripcion\":\"otro tipo de droga\"}}',NULL,'2021-11-06 04:05:48','2021-11-06 04:05:48'),(336,'SuperAdmin','Se ha creado la droga','App\\Models\\Droga','created',2,'App\\Models\\User',1,'{\"attributes\":{\"descripcion\":\"droga 2\",\"tipo_droga_id\":6}}',NULL,'2021-11-06 04:06:05','2021-11-06 04:06:05'),(337,'SuperAdmin','Se ha creado la droga','App\\Models\\Droga','created',3,'App\\Models\\User',1,'{\"attributes\":{\"descripcion\":\"droga 2\",\"tipo_droga_id\":6}}',NULL,'2021-11-06 04:06:36','2021-11-06 04:06:36'),(338,'SuperAdmin','Se ha borrado la droga','App\\Models\\Droga','deleted',3,'App\\Models\\User',1,'{\"old\":{\"descripcion\":\"droga 2\",\"tipo_droga_id\":6}}',NULL,'2021-11-06 04:06:52','2021-11-06 04:06:52'),(339,'SuperAdmin','Se ha borrado el tipo de droga','App\\Models\\TipoDroga','deleted',6,'App\\Models\\User',1,'{\"old\":{\"descripcion\":\"otro tipo de droga\"}}',NULL,'2021-11-06 04:07:04','2021-11-06 04:07:04'),(340,'SuperAdmin','Se ha borrado el tipo de droga','App\\Models\\TipoDroga','deleted',6,'App\\Models\\User',1,'{\"old\":{\"descripcion\":\"otro tipo de droga\"}}',NULL,'2021-11-06 04:15:12','2021-11-06 04:15:12'),(341,'SuperAdmin','Se ha creado el tipo de droga','App\\Models\\TipoDroga','created',7,'App\\Models\\User',1,'{\"attributes\":{\"descripcion\":\"otro tipo de droga\"}}',NULL,'2021-11-06 04:31:06','2021-11-06 04:31:06'),(342,'SuperAdmin','Se ha borrado el tipo de droga','App\\Models\\TipoDroga','deleted',7,'App\\Models\\User',1,'{\"old\":{\"descripcion\":\"otro tipo de droga\"}}',NULL,'2021-11-06 04:31:25','2021-11-06 04:31:25'),(343,'SuperAdmin','Se ha actualizado el tipo de munición','App\\Models\\TipoMunicion','updated',1,'App\\Models\\User',1,'{\"attributes\":{\"descripcion\":\"9 mm\"},\"old\":{\"descripcion\":\"5jklad32\"}}',NULL,'2021-11-06 04:37:48','2021-11-06 04:37:48'),(344,'SuperAdmin','El usuario ha ingresado al sistema',NULL,'Login',NULL,'App\\Models\\User',1,'[]',NULL,'2021-11-07 03:39:06','2021-11-07 03:39:06'),(345,'SuperAdmin','Se ha borrado el tipo de droga','App\\Models\\TipoDroga','deleted',7,'App\\Models\\User',1,'{\"old\":{\"descripcion\":\"otro tipo de droga\"}}',NULL,'2021-11-07 03:45:17','2021-11-07 03:45:17'),(346,'SuperAdmin','Se ha creado la droga','App\\Models\\Droga','created',4,'App\\Models\\User',1,'{\"attributes\":{\"descripcion\":\"ejemplo\",\"tipo_droga_id\":7}}',NULL,'2021-11-07 03:46:09','2021-11-07 03:46:09'),(347,'SuperAdmin','Se ha borrado el tipo de droga','App\\Models\\TipoDroga','deleted',7,'App\\Models\\User',1,'{\"old\":{\"descripcion\":\"otro tipo de droga\"}}',NULL,'2021-11-07 03:46:29','2021-11-07 03:46:29'),(348,'SuperAdmin','El usuario ha ingresado al sistema',NULL,'Login',NULL,'App\\Models\\User',1,'[]',NULL,'2021-11-09 01:10:56','2021-11-09 01:10:56'),(349,'SuperAdmin','El usuario ha ingresado al sistema',NULL,'Login',NULL,'App\\Models\\User',1,'[]',NULL,'2021-11-09 01:37:16','2021-11-09 01:37:16'),(350,'SuperAdmin','El usuario ha ingresado al sistema',NULL,'Login',NULL,'App\\Models\\User',1,'[]',NULL,'2021-11-10 09:16:44','2021-11-10 09:16:44'),(351,'SuperAdmin','Se ha actualizado la ocupación','App\\Models\\Ocupacion','updated',1,'App\\Models\\User',1,'{\"attributes\":{\"descripcion\":\"ingeniero\"},\"old\":{\"descripcion\":\"ocupacion2s\"}}',NULL,'2021-11-10 09:19:01','2021-11-10 09:19:01'),(352,'SuperAdmin','Se ha creado la ocupación','App\\Models\\Ocupacion','created',3,'App\\Models\\User',1,'{\"attributes\":{\"descripcion\":\"alba\\u00f1il\"}}',NULL,'2021-11-10 09:19:10','2021-11-10 09:19:10'),(353,'SuperAdmin','Se ha actualizado la estructura criminal','App\\Models\\EstructuraCriminal','updated',1,'App\\Models\\User',1,'{\"attributes\":{\"descripcion\":\"los cabezones\"},\"old\":{\"descripcion\":\"\\u00f1lk\\u00f1lk\\u00f1n4bh\"}}',NULL,'2021-11-10 09:19:43','2021-11-10 09:19:43'),(354,'SuperAdmin','Se ha creado la estructura criminal','App\\Models\\EstructuraCriminal','created',3,'App\\Models\\User',1,'{\"attributes\":{\"descripcion\":\"los negros\"}}',NULL,'2021-11-10 09:19:51','2021-11-10 09:19:51'),(355,'SuperAdmin','Se ha actualizado la presentación de droga','App\\Models\\presentacionDroga','updated',1,'App\\Models\\User',1,'{\"attributes\":{\"descripcion\":\"paquetes\"},\"old\":{\"descripcion\":\"pioasdg5\"}}',NULL,'2021-11-10 09:24:46','2021-11-10 09:24:46'),(356,'SuperAdmin','Se ha creado la presentación de droga','App\\Models\\presentacionDroga','created',3,'App\\Models\\User',1,'{\"attributes\":{\"descripcion\":\"puros\"}}',NULL,'2021-11-10 09:24:56','2021-11-10 09:24:56'),(357,'SuperAdmin','Se ha actualizado el tipo de droga','App\\Models\\TipoDroga','updated',1,'App\\Models\\User',1,'{\"attributes\":{\"descripcion\":\"alucin\\u00f3genos\"},\"old\":{\"descripcion\":\"primer tipo de droga\"}}',NULL,'2021-11-10 09:27:02','2021-11-10 09:27:02'),(358,'SuperAdmin','Se ha actualizado el tipo de droga','App\\Models\\TipoDroga','updated',4,'App\\Models\\User',1,'{\"attributes\":{\"descripcion\":\"alucinantes\"},\"old\":{\"descripcion\":\"segundo tipo de droga\"}}',NULL,'2021-11-10 09:27:11','2021-11-10 09:27:11'),(359,'SuperAdmin','Se ha actualizado la presentación de precursor','App\\Models\\presentacionPrecursor','updated',1,'App\\Models\\User',1,'{\"attributes\":{\"descripcion\":\"botes\"},\"old\":{\"descripcion\":\"pioasdg\"}}',NULL,'2021-11-10 09:28:04','2021-11-10 09:28:04'),(360,'SuperAdmin','Se ha creado la presentación de precursor','App\\Models\\presentacionPrecursor','created',3,'App\\Models\\User',1,'{\"attributes\":{\"descripcion\":\"cajas\"}}',NULL,'2021-11-10 09:28:20','2021-11-10 09:28:20'),(361,'SuperAdmin','Se ha creado identificación','App\\Models\\Identificacion','created',4,'App\\Models\\User',1,'{\"attributes\":{\"descripcion\":\"Pasaporte\"}}',NULL,'2021-11-10 09:46:44','2021-11-10 09:46:44'),(362,'SuperAdmin','Se ha actualizado identificación','App\\Models\\Identificacion','updated',1,'App\\Models\\User',1,'{\"attributes\":{\"descripcion\":\"Identidad\"},\"old\":{\"descripcion\":\"oajdflk23\"}}',NULL,'2021-11-10 09:46:56','2021-11-10 09:46:56'),(363,'SuperAdmin','Se ha creado identificación','App\\Models\\Identificacion','created',5,'App\\Models\\User',1,'{\"attributes\":{\"descripcion\":\"Carnet de seguro\"}}',NULL,'2021-11-10 09:47:07','2021-11-10 09:47:07'),(364,'SuperAdmin','Se ha creado el estado civil','App\\Models\\EstadoCivil','created',1,'App\\Models\\User',1,'{\"attributes\":{\"descripcion\":\"Soltero\"}}',NULL,'2021-11-10 10:14:12','2021-11-10 10:14:12'),(365,'SuperAdmin','Se ha actualizado el estado civil','App\\Models\\EstadoCivil','updated',1,'App\\Models\\User',1,'{\"attributes\":{\"descripcion\":\"Solteros\"},\"old\":{\"descripcion\":\"Soltero\"}}',NULL,'2021-11-10 10:14:46','2021-11-10 10:14:46'),(366,'SuperAdmin','Se ha actualizado el estado civil','App\\Models\\EstadoCivil','updated',1,'App\\Models\\User',1,'{\"attributes\":{\"descripcion\":\"Soltero\"},\"old\":{\"descripcion\":\"Solteros\"}}',NULL,'2021-11-10 10:15:11','2021-11-10 10:15:11'),(367,'SuperAdmin','Se ha creado el estado civil','App\\Models\\EstadoCivil','created',2,'App\\Models\\User',1,'{\"attributes\":{\"descripcion\":\"ladfa\"}}',NULL,'2021-11-10 10:15:25','2021-11-10 10:15:25'),(368,'SuperAdmin','Se ha borrado el estado civil','App\\Models\\EstadoCivil','deleted',2,'App\\Models\\User',1,'{\"old\":{\"descripcion\":\"ladfa\"}}',NULL,'2021-11-10 10:15:29','2021-11-10 10:15:29'),(369,'SuperAdmin','Se ha creado el estado civil','App\\Models\\EstadoCivil','created',3,'App\\Models\\User',1,'{\"attributes\":{\"descripcion\":\"Casado\"}}',NULL,'2021-11-10 10:15:50','2021-11-10 10:15:50'),(370,'SuperAdmin','Se ha creado el estado civil','App\\Models\\EstadoCivil','created',4,'App\\Models\\User',1,'{\"attributes\":{\"descripcion\":\"Divorciado\"}}',NULL,'2021-11-10 10:16:04','2021-11-10 10:16:04'),(371,'SuperAdmin','El usuario ha ingresado al sistema',NULL,'Login',NULL,'App\\Models\\User',1,'[]',NULL,'2021-11-10 23:50:19','2021-11-10 23:50:19'),(372,'SuperAdmin','Se ha borrado la droga','App\\Models\\Droga','deleted',1,'App\\Models\\User',1,'{\"old\":{\"descripcion\":\"droga 1\",\"tipo_droga_id\":1}}',NULL,'2021-11-11 04:37:01','2021-11-11 04:37:01'),(373,'SuperAdmin','Se ha actualizado la droga','App\\Models\\Droga','updated',4,'App\\Models\\User',1,'{\"attributes\":{\"descripcion\":\"Coca\\u00edna\",\"tipo_droga_id\":1},\"old\":{\"descripcion\":\"ejemplo\",\"tipo_droga_id\":7}}',NULL,'2021-11-11 04:37:13','2021-11-11 04:37:13'),(374,'SuperAdmin','Se ha creado la droga','App\\Models\\Droga','created',5,'App\\Models\\User',1,'{\"attributes\":{\"descripcion\":\"Marihuana\",\"tipo_droga_id\":1}}',NULL,'2021-11-11 04:37:24','2021-11-11 04:37:24'),(375,'SuperAdmin','Se ha actualizado la droga','App\\Models\\Droga','updated',5,'App\\Models\\User',1,'{\"attributes\":{\"descripcion\":\"Marihuana\",\"tipo_droga_id\":4},\"old\":{\"descripcion\":\"Marihuana\",\"tipo_droga_id\":1}}',NULL,'2021-11-11 04:37:31','2021-11-11 04:37:31'),(376,'SuperAdmin','Se ha actualizado el precursor','App\\Models\\Precursor','updated',1,'App\\Models\\User',1,'{\"attributes\":{\"descripcion\":\"ALCOHOL ISOBUT\\u00cdLICO\",\"presentacion\":\"algo de presentacion3\"},\"old\":{\"descripcion\":\"algo de descripcions\",\"presentacion\":\"algo de presentacion3\"}}',NULL,'2021-11-11 05:26:13','2021-11-11 05:26:13'),(377,'SuperAdmin','Se ha actualizado el precursor','App\\Models\\Precursor','updated',3,'App\\Models\\User',1,'{\"attributes\":{\"descripcion\":\"DIETILAMINA\",\"presentacion\":\"dgf3\"},\"old\":{\"descripcion\":\"sdfg\",\"presentacion\":\"dgf3\"}}',NULL,'2021-11-11 05:27:01','2021-11-11 05:27:01'),(378,'SuperAdmin','El usuario ha ingresado al sistema',NULL,'Login',NULL,'App\\Models\\User',1,'[]',NULL,'2021-11-11 10:09:02','2021-11-11 10:09:02'),(379,'SuperAdmin','Se ha actualizado la institución','App\\Models\\Institucion','updated',1,'App\\Models\\User',1,'{\"attributes\":{\"descripcion\":null,\"contacto\":\"Ing Jose Perez\",\"telefono\":\"3389-8985\"},\"old\":{\"descripcion\":null,\"contacto\":\"kjsdfl\\u00f1\",\"telefono\":\"2346\"}}',NULL,'2021-11-11 10:29:48','2021-11-11 10:29:48'),(380,'SuperAdmin','Se ha creado la institución','App\\Models\\Institucion','created',3,'App\\Models\\User',1,'{\"attributes\":{\"descripcion\":null,\"contacto\":\"Lic. Carlos Ventura\",\"telefono\":\"3345-6589\"}}',NULL,'2021-11-11 10:30:16','2021-11-11 10:30:16'),(381,'SuperAdmin','Se ha creado el decomiso','App\\Models\\Decomiso','created',1,'App\\Models\\User',1,'{\"attributes\":{\"fecha\":\"2021-11-10\",\"observacion\":\"alaksdjf\\u00f1lk\",\"direccion\":\"lk\\u00f1asdfj\\u00f1lkaj\",\"municipio_id\":288,\"institucion_id\":1}}',NULL,'2021-11-11 10:43:11','2021-11-11 10:43:11'),(382,'SuperAdmin','El usuario ha ingresado al sistema',NULL,'Login',NULL,'App\\Models\\User',1,'[]',NULL,'2021-11-12 11:48:30','2021-11-12 11:48:30'),(383,'SuperAdmin','El usuario ha ingresado al sistema',NULL,'Login',NULL,'App\\Models\\User',1,'[]',NULL,'2021-11-13 00:01:20','2021-11-13 00:01:20'),(384,'SuperAdmin','Se ha creado la droga','App\\Models\\Droga','created',6,'App\\Models\\User',1,'{\"attributes\":{\"descripcion\":\"df\",\"tipo_droga_id\":4}}',NULL,'2021-11-13 02:50:21','2021-11-13 02:50:21'),(385,'SuperAdmin','Se ha actualizado la droga','App\\Models\\Droga','updated',6,'App\\Models\\User',1,'{\"attributes\":{\"descripcion\":\"df4\",\"tipo_droga_id\":4},\"old\":{\"descripcion\":\"df\",\"tipo_droga_id\":4}}',NULL,'2021-11-13 02:50:59','2021-11-13 02:50:59'),(386,'SuperAdmin','Se ha borrado la droga','App\\Models\\Droga','deleted',6,'App\\Models\\User',1,'{\"old\":{\"descripcion\":\"df4\",\"tipo_droga_id\":4}}',NULL,'2021-11-13 02:51:50','2021-11-13 02:51:50'),(387,'SuperAdmin','Se ha actualizado la droga','App\\Models\\Droga','updated',5,'App\\Models\\User',1,'{\"attributes\":{\"descripcion\":\"Marihuana2\",\"tipo_droga_id\":4},\"old\":{\"descripcion\":\"Marihuana\",\"tipo_droga_id\":4}}',NULL,'2021-11-13 03:00:44','2021-11-13 03:00:44'),(388,'SuperAdmin','Se ha actualizado la droga','App\\Models\\Droga','updated',5,'App\\Models\\User',1,'{\"attributes\":{\"descripcion\":\"Marihuana\",\"tipo_droga_id\":4},\"old\":{\"descripcion\":\"Marihuana2\",\"tipo_droga_id\":4}}',NULL,'2021-11-13 03:01:08','2021-11-13 03:01:08'),(389,'SuperAdmin','Se ha actualizado la droga','App\\Models\\Droga','updated',5,'App\\Models\\User',1,'{\"attributes\":{\"descripcion\":\"Marihuana2\",\"tipo_droga_id\":4},\"old\":{\"descripcion\":\"Marihuana\",\"tipo_droga_id\":4}}',NULL,'2021-11-13 03:01:57','2021-11-13 03:01:57'),(390,'SuperAdmin','Se ha actualizado la droga','App\\Models\\Droga','updated',5,'App\\Models\\User',1,'{\"attributes\":{\"descripcion\":\"Marihuana\",\"tipo_droga_id\":4},\"old\":{\"descripcion\":\"Marihuana2\",\"tipo_droga_id\":4}}',NULL,'2021-11-13 03:02:22','2021-11-13 03:02:22'),(391,'SuperAdmin','El usuario ha ingresado al sistema',NULL,'Login',NULL,'App\\Models\\User',1,'[]',NULL,'2021-11-13 05:22:42','2021-11-13 05:22:42'),(392,'SuperAdmin','El usuario ha ingresado al sistema',NULL,'Login',NULL,'App\\Models\\User',1,'[]',NULL,'2021-11-13 23:57:33','2021-11-13 23:57:33'),(393,'SuperAdmin','El usuario ha ingresado al sistema',NULL,'Login',NULL,'App\\Models\\User',1,'[]',NULL,'2021-11-14 11:36:53','2021-11-14 11:36:53'),(394,'SuperAdmin','El usuario ha ingresado al sistema',NULL,'Login',NULL,'App\\Models\\User',1,'[]',NULL,'2021-11-16 00:41:15','2021-11-16 00:41:15'),(395,'SuperAdmin','Se ha creado el tipo de munición','App\\Models\\TipoMunicion','created',3,'App\\Models\\User',1,'{\"attributes\":{\"descripcion\":\"5.74 mm\"}}',NULL,'2021-11-16 02:55:25','2021-11-16 02:55:25'),(396,'SuperAdmin','Se ha creado el detenido','App\\Models\\decomiso_detenido','created',1,'App\\Models\\User',1,'{\"attributes\":{\"nombre\":\"kjhlk\",\"alias\":\"kjhl\",\"identidad\":\"879\",\"edad\":87,\"decomiso_id\":1,\"identificacion_id\":5,\"estructura_id\":3,\"ocupacion_id\":3,\"estado_civil_id\":4,\"pais_id\":237}}',NULL,'2021-11-16 04:59:20','2021-11-16 04:59:20'),(397,'SuperAdmin','Se ha actualizado el estado civil','App\\Models\\EstadoCivil','updated',1,'App\\Models\\User',1,'{\"attributes\":{\"descripcion\":\"Soltero5\"},\"old\":{\"descripcion\":\"Soltero\"}}',NULL,'2021-11-16 05:33:32','2021-11-16 05:33:32'),(398,'SuperAdmin','Se ha actualizado el estado civil','App\\Models\\EstadoCivil','updated',1,'App\\Models\\User',1,'{\"attributes\":{\"descripcion\":\"Soltero\"},\"old\":{\"descripcion\":\"Soltero5\"}}',NULL,'2021-11-16 05:33:38','2021-11-16 05:33:38'),(399,'SuperAdmin','Se ha creado el estado civil','App\\Models\\EstadoCivil','created',5,'App\\Models\\User',1,'{\"attributes\":{\"descripcion\":\"asdfad\"}}',NULL,'2021-11-16 05:33:45','2021-11-16 05:33:45'),(400,'SuperAdmin','Se ha borrado el estado civil','App\\Models\\EstadoCivil','deleted',5,'App\\Models\\User',1,'{\"old\":{\"descripcion\":\"asdfad\"}}',NULL,'2021-11-16 05:33:49','2021-11-16 05:33:49'),(401,'SuperAdmin','Se ha creado el detenido','App\\Models\\decomiso_detenido','created',2,'App\\Models\\User',1,'{\"attributes\":{\"nombre\":\"m,n,m\",\"alias\":\"io\",\"identidad\":\"98798\",\"edad\":8,\"decomiso_id\":1,\"identificacion_id\":4,\"estructura_id\":3,\"ocupacion_id\":3,\"estado_civil_id\":4,\"pais_id\":205}}',NULL,'2021-11-16 05:40:32','2021-11-16 05:40:32'),(402,'SuperAdmin','Se ha actualizado el detenido','App\\Models\\decomiso_detenido','updated',2,'App\\Models\\User',1,'{\"attributes\":{\"nombre\":\"hola\",\"alias\":\"io\",\"identidad\":\"98798\",\"edad\":8,\"decomiso_id\":1,\"identificacion_id\":4,\"estructura_id\":3,\"ocupacion_id\":3,\"estado_civil_id\":4,\"pais_id\":205},\"old\":{\"nombre\":\"m,n,m\",\"alias\":\"io\",\"identidad\":\"98798\",\"edad\":8,\"decomiso_id\":1,\"identificacion_id\":4,\"estructura_id\":3,\"ocupacion_id\":3,\"estado_civil_id\":4,\"pais_id\":205}}',NULL,'2021-11-16 06:27:36','2021-11-16 06:27:36'),(403,'SuperAdmin','Se ha actualizado el detenido','App\\Models\\decomiso_detenido','updated',2,'App\\Models\\User',1,'{\"attributes\":{\"nombre\":\"hola\",\"alias\":\"pancho\",\"identidad\":\"0801-1985-68595\",\"edad\":14,\"decomiso_id\":1,\"identificacion_id\":1,\"estructura_id\":1,\"ocupacion_id\":1,\"estado_civil_id\":1,\"pais_id\":87},\"old\":{\"nombre\":\"hola\",\"alias\":\"io\",\"identidad\":\"98798\",\"edad\":8,\"decomiso_id\":1,\"identificacion_id\":4,\"estructura_id\":3,\"ocupacion_id\":3,\"estado_civil_id\":4,\"pais_id\":205}}',NULL,'2021-11-16 06:28:10','2021-11-16 06:28:10'),(404,'SuperAdmin','Se ha creado el detenido','App\\Models\\decomiso_detenido','created',3,'App\\Models\\User',1,'{\"attributes\":{\"nombre\":\"raul\",\"alias\":\"pelon\",\"identidad\":\"0856-2546-52136\",\"edad\":45,\"decomiso_id\":1,\"identificacion_id\":5,\"estructura_id\":3,\"ocupacion_id\":3,\"estado_civil_id\":4,\"pais_id\":212}}',NULL,'2021-11-16 06:31:00','2021-11-16 06:31:00'),(405,'SuperAdmin','Se ha borrado el detenido','App\\Models\\decomiso_detenido','deleted',1,'App\\Models\\User',1,'{\"old\":{\"nombre\":\"kjhlk\",\"alias\":\"kjhl\",\"identidad\":\"879\",\"edad\":87,\"decomiso_id\":1,\"identificacion_id\":5,\"estructura_id\":3,\"ocupacion_id\":3,\"estado_civil_id\":4,\"pais_id\":237}}',NULL,'2021-11-16 06:31:11','2021-11-16 06:31:11'),(406,'SuperAdmin','Se ha actualizado el detenido','App\\Models\\decomiso_detenido','updated',2,'App\\Models\\User',1,'{\"attributes\":{\"nombre\":\"jose\",\"alias\":\"pancho\",\"identidad\":\"0801-1985-68595\",\"edad\":14,\"decomiso_id\":1,\"identificacion_id\":1,\"estructura_id\":1,\"ocupacion_id\":1,\"estado_civil_id\":1,\"pais_id\":87},\"old\":{\"nombre\":\"hola\",\"alias\":\"pancho\",\"identidad\":\"0801-1985-68595\",\"edad\":14,\"decomiso_id\":1,\"identificacion_id\":1,\"estructura_id\":1,\"ocupacion_id\":1,\"estado_civil_id\":1,\"pais_id\":87}}',NULL,'2021-11-16 06:31:26','2021-11-16 06:31:26'),(407,'SuperAdmin','Se ha creado el transporte','App\\Models\\decomiso_transporte','created',1,'App\\Models\\User',1,'{\"attributes\":{\"tipo\":\"Terrestre\",\"marca\":\"Toyota\",\"modelo\":\"sedan\",\"color\":\"rojo\",\"placa\":\"MAG-9865\",\"decomiso_id\":1,\"pais_pro_id\":87,\"pais_des_id\":87,\"dep_pro_id\":16,\"dep_des_id\":14,\"mun_pro_id\":273,\"mun_des_id\":223}}',NULL,'2021-11-16 09:06:22','2021-11-16 09:06:22'),(408,'SuperAdmin','Se ha creado el transporte','App\\Models\\decomiso_transporte','created',2,'App\\Models\\User',1,'{\"attributes\":{\"tipo\":\"Terrestre\",\"marca\":\"Toyota\",\"modelo\":\"sedan\",\"color\":\"rojo\",\"placa\":\"MAG-9865\",\"decomiso_id\":1,\"pais_pro_id\":87,\"pais_des_id\":87,\"dep_pro_id\":16,\"dep_des_id\":14,\"mun_pro_id\":273,\"mun_des_id\":223}}',NULL,'2021-11-16 09:09:08','2021-11-16 09:09:08'),(409,'SuperAdmin','Se ha creado el transporte','App\\Models\\decomiso_transporte','created',3,'App\\Models\\User',1,'{\"attributes\":{\"tipo\":\"Maritimo\",\"marca\":\"Mazda\",\"modelo\":\"cope\",\"color\":\"blaco\",\"placa\":\"JKL-9855\",\"decomiso_id\":1,\"pais_pro_id\":221,\"pais_des_id\":207,\"dep_pro_id\":null,\"dep_des_id\":null,\"mun_pro_id\":null,\"mun_des_id\":null}}',NULL,'2021-11-16 10:20:47','2021-11-16 10:20:47'),(410,'SuperAdmin','Se ha actualizado el transporte','App\\Models\\decomiso_transporte','updated',1,'App\\Models\\User',1,'{\"attributes\":{\"tipo\":\"Terrestre\",\"marca\":\"Toyota\",\"modelo\":\"sedan\",\"color\":\"verde\",\"placa\":\"MAG-9865\",\"decomiso_id\":1,\"pais_pro_id\":87,\"pais_des_id\":87,\"dep_pro_id\":16,\"dep_des_id\":14,\"mun_pro_id\":273,\"mun_des_id\":223},\"old\":{\"tipo\":\"Terrestre\",\"marca\":\"Toyota\",\"modelo\":\"sedan\",\"color\":\"rojo\",\"placa\":\"MAG-9865\",\"decomiso_id\":1,\"pais_pro_id\":87,\"pais_des_id\":87,\"dep_pro_id\":16,\"dep_des_id\":14,\"mun_pro_id\":273,\"mun_des_id\":223}}',NULL,'2021-11-16 11:47:51','2021-11-16 11:47:51'),(411,'SuperAdmin','Se ha actualizado el transporte','App\\Models\\decomiso_transporte','updated',3,'App\\Models\\User',1,'{\"attributes\":{\"tipo\":\"Maritimo\",\"marca\":\"Mazda\",\"modelo\":\"cope2\",\"color\":\"blaco\",\"placa\":\"JKL-9855\",\"decomiso_id\":1,\"pais_pro_id\":221,\"pais_des_id\":207,\"dep_pro_id\":null,\"dep_des_id\":null,\"mun_pro_id\":null,\"mun_des_id\":null},\"old\":{\"tipo\":\"Maritimo\",\"marca\":\"Mazda\",\"modelo\":\"cope\",\"color\":\"blaco\",\"placa\":\"JKL-9855\",\"decomiso_id\":1,\"pais_pro_id\":221,\"pais_des_id\":207,\"dep_pro_id\":null,\"dep_des_id\":null,\"mun_pro_id\":null,\"mun_des_id\":null}}',NULL,'2021-11-16 11:48:30','2021-11-16 11:48:30'),(412,'SuperAdmin','Se ha actualizado el transporte','App\\Models\\decomiso_transporte','updated',3,'App\\Models\\User',1,'{\"attributes\":{\"tipo\":\"Maritimo\",\"marca\":\"Mazda\",\"modelo\":\"cope2\",\"color\":\"blaco\",\"placa\":\"JKL-9855\",\"decomiso_id\":1,\"pais_pro_id\":213,\"pais_des_id\":204,\"dep_pro_id\":null,\"dep_des_id\":null,\"mun_pro_id\":null,\"mun_des_id\":null},\"old\":{\"tipo\":\"Maritimo\",\"marca\":\"Mazda\",\"modelo\":\"cope2\",\"color\":\"blaco\",\"placa\":\"JKL-9855\",\"decomiso_id\":1,\"pais_pro_id\":221,\"pais_des_id\":207,\"dep_pro_id\":null,\"dep_des_id\":null,\"mun_pro_id\":null,\"mun_des_id\":null}}',NULL,'2021-11-16 11:48:45','2021-11-16 11:48:45'),(413,'SuperAdmin','Se ha actualizado el transporte','App\\Models\\decomiso_transporte','updated',1,'App\\Models\\User',1,'{\"attributes\":{\"tipo\":\"Terrestre\",\"marca\":\"Toyota\",\"modelo\":\"sedan\",\"color\":\"verde\",\"placa\":\"MAG-9865\",\"decomiso_id\":1,\"pais_pro_id\":87,\"pais_des_id\":87,\"dep_pro_id\":16,\"dep_des_id\":14,\"mun_pro_id\":259,\"mun_des_id\":214},\"old\":{\"tipo\":\"Terrestre\",\"marca\":\"Toyota\",\"modelo\":\"sedan\",\"color\":\"verde\",\"placa\":\"MAG-9865\",\"decomiso_id\":1,\"pais_pro_id\":87,\"pais_des_id\":87,\"dep_pro_id\":16,\"dep_des_id\":14,\"mun_pro_id\":273,\"mun_des_id\":223}}',NULL,'2021-11-16 11:49:04','2021-11-16 11:49:04'),(414,'SuperAdmin','Se ha actualizado el transporte','App\\Models\\decomiso_transporte','updated',1,'App\\Models\\User',1,'{\"attributes\":{\"tipo\":\"Terrestre\",\"marca\":\"Toyota\",\"modelo\":\"sedan\",\"color\":\"verde\",\"placa\":\"MAG-9865\",\"decomiso_id\":1,\"pais_pro_id\":82,\"pais_des_id\":86,\"dep_pro_id\":null,\"dep_des_id\":null,\"mun_pro_id\":null,\"mun_des_id\":null},\"old\":{\"tipo\":\"Terrestre\",\"marca\":\"Toyota\",\"modelo\":\"sedan\",\"color\":\"verde\",\"placa\":\"MAG-9865\",\"decomiso_id\":1,\"pais_pro_id\":87,\"pais_des_id\":87,\"dep_pro_id\":16,\"dep_des_id\":14,\"mun_pro_id\":259,\"mun_des_id\":214}}',NULL,'2021-11-16 11:49:21','2021-11-16 11:49:21'),(415,'SuperAdmin','Se ha actualizado el transporte','App\\Models\\decomiso_transporte','updated',3,'App\\Models\\User',1,'{\"attributes\":{\"tipo\":\"Maritimo\",\"marca\":\"Mazda\",\"modelo\":\"cope2\",\"color\":\"blaco\",\"placa\":\"JKL-9855\",\"decomiso_id\":1,\"pais_pro_id\":87,\"pais_des_id\":87,\"dep_pro_id\":13,\"dep_des_id\":10,\"mun_pro_id\":198,\"mun_des_id\":150},\"old\":{\"tipo\":\"Maritimo\",\"marca\":\"Mazda\",\"modelo\":\"cope2\",\"color\":\"blaco\",\"placa\":\"JKL-9855\",\"decomiso_id\":1,\"pais_pro_id\":213,\"pais_des_id\":204,\"dep_pro_id\":null,\"dep_des_id\":null,\"mun_pro_id\":null,\"mun_des_id\":null}}',NULL,'2021-11-16 11:50:10','2021-11-16 11:50:10'),(416,'SuperAdmin','Se ha actualizado el decomiso','App\\Models\\Decomiso','updated',1,'App\\Models\\User',1,'{\"attributes\":{\"fecha\":\"2021-11-10\",\"observacion\":\"una observaci\\u00f3n\",\"direccion\":\"lk\\u00f1asdfj\\u00f1lkaj\",\"municipio_id\":288,\"institucion_id\":1},\"old\":{\"fecha\":\"2021-11-10\",\"observacion\":\"alaksdjf\\u00f1lk\",\"direccion\":\"lk\\u00f1asdfj\\u00f1lkaj\",\"municipio_id\":288,\"institucion_id\":1}}',NULL,'2021-11-16 12:01:46','2021-11-16 12:01:46'),(417,'SuperAdmin','Se ha actualizado el decomiso','App\\Models\\Decomiso','updated',1,'App\\Models\\User',1,'{\"attributes\":{\"fecha\":\"2021-11-10\",\"observacion\":\"una observaci\\u00f3n\",\"direccion\":\"alguna direcci\\u00f3n\",\"municipio_id\":288,\"institucion_id\":1},\"old\":{\"fecha\":\"2021-11-10\",\"observacion\":\"una observaci\\u00f3n\",\"direccion\":\"lk\\u00f1asdfj\\u00f1lkaj\",\"municipio_id\":288,\"institucion_id\":1}}',NULL,'2021-11-16 12:02:39','2021-11-16 12:02:39'),(418,'SuperAdmin','Se ha actualizado el decomiso','App\\Models\\Decomiso','updated',1,'App\\Models\\User',1,'{\"attributes\":{\"fecha\":\"2021-11-10\",\"observacion\":\"una observaci\\u00f3n\",\"direccion\":\"alguna direcci\\u00f3n\",\"municipio_id\":286,\"institucion_id\":1},\"old\":{\"fecha\":\"2021-11-10\",\"observacion\":\"una observaci\\u00f3n\",\"direccion\":\"alguna direcci\\u00f3n\",\"municipio_id\":288,\"institucion_id\":1}}',NULL,'2021-11-16 12:02:47','2021-11-16 12:02:47'),(419,'SuperAdmin','Se ha actualizado el decomiso','App\\Models\\Decomiso','updated',1,'App\\Models\\User',1,'{\"attributes\":{\"fecha\":\"2021-11-10\",\"observacion\":\"una observaci\\u00f3n\",\"direccion\":\"alguna direcci\\u00f3n\",\"municipio_id\":286,\"institucion_id\":3},\"old\":{\"fecha\":\"2021-11-10\",\"observacion\":\"una observaci\\u00f3n\",\"direccion\":\"alguna direcci\\u00f3n\",\"municipio_id\":286,\"institucion_id\":1}}',NULL,'2021-11-16 12:02:52','2021-11-16 12:02:52'),(420,'SuperAdmin','Se ha actualizado el decomiso','App\\Models\\Decomiso','updated',1,'App\\Models\\User',1,'{\"attributes\":{\"fecha\":\"2021-09-27\",\"observacion\":\"una observaci\\u00f3n\",\"direccion\":\"alguna direcci\\u00f3n\",\"municipio_id\":286,\"institucion_id\":3},\"old\":{\"fecha\":\"2021-11-10\",\"observacion\":\"una observaci\\u00f3n\",\"direccion\":\"alguna direcci\\u00f3n\",\"municipio_id\":286,\"institucion_id\":3}}',NULL,'2021-11-16 12:03:01','2021-11-16 12:03:01'),(421,'SuperAdmin','Se ha actualizado el decomiso','App\\Models\\Decomiso','updated',1,'App\\Models\\User',1,'{\"attributes\":{\"fecha\":\"2020-01-15\",\"observacion\":\"una observaci\\u00f3n\",\"direccion\":\"alguna direcci\\u00f3n\",\"municipio_id\":286,\"institucion_id\":3},\"old\":{\"fecha\":\"2021-09-27\",\"observacion\":\"una observaci\\u00f3n\",\"direccion\":\"alguna direcci\\u00f3n\",\"municipio_id\":286,\"institucion_id\":3}}',NULL,'2021-11-16 12:03:26','2021-11-16 12:03:26'),(422,'SuperAdmin','Se ha actualizado el decomiso','App\\Models\\Decomiso','updated',1,'App\\Models\\User',1,'{\"attributes\":{\"fecha\":\"2020-01-15\",\"observacion\":\"una observaci\\u00f3n\",\"direccion\":\"alguna direcci\\u00f3n\",\"municipio_id\":291,\"institucion_id\":3},\"old\":{\"fecha\":\"2020-01-15\",\"observacion\":\"una observaci\\u00f3n\",\"direccion\":\"alguna direcci\\u00f3n\",\"municipio_id\":286,\"institucion_id\":3}}',NULL,'2021-11-16 12:03:44','2021-11-16 12:03:44'),(423,'SuperAdmin','Se ha actualizado el decomiso','App\\Models\\Decomiso','updated',1,'App\\Models\\User',1,'{\"attributes\":{\"fecha\":\"2020-01-15\",\"observacion\":\"una observaci\\u00f3n\",\"direccion\":\"alguna direcci\\u00f3n\",\"municipio_id\":289,\"institucion_id\":3},\"old\":{\"fecha\":\"2020-01-15\",\"observacion\":\"una observaci\\u00f3n\",\"direccion\":\"alguna direcci\\u00f3n\",\"municipio_id\":291,\"institucion_id\":3}}',NULL,'2021-11-16 12:07:00','2021-11-16 12:07:00'),(424,'SuperAdmin','Se ha actualizado el decomiso','App\\Models\\Decomiso','updated',1,'App\\Models\\User',1,'{\"attributes\":{\"fecha\":\"2020-01-15\",\"observacion\":\"una observaci\\u00f3n\",\"direccion\":\"alguna direcci\\u00f3n\",\"municipio_id\":293,\"institucion_id\":3},\"old\":{\"fecha\":\"2020-01-15\",\"observacion\":\"una observaci\\u00f3n\",\"direccion\":\"alguna direcci\\u00f3n\",\"municipio_id\":289,\"institucion_id\":3}}',NULL,'2021-11-16 12:07:12','2021-11-16 12:07:12'),(425,'SuperAdmin','Se ha actualizado el decomiso','App\\Models\\Decomiso','updated',1,'App\\Models\\User',1,'{\"attributes\":{\"fecha\":\"2020-01-15\",\"observacion\":\"una observaci\\u00f3n\",\"direccion\":\"alguna direcci\\u00f3n\",\"municipio_id\":295,\"institucion_id\":3},\"old\":{\"fecha\":\"2020-01-15\",\"observacion\":\"una observaci\\u00f3n\",\"direccion\":\"alguna direcci\\u00f3n\",\"municipio_id\":293,\"institucion_id\":3}}',NULL,'2021-11-16 12:07:24','2021-11-16 12:07:24'),(426,'SuperAdmin','Se ha actualizado el decomiso','App\\Models\\Decomiso','updated',1,'App\\Models\\User',1,'{\"attributes\":{\"fecha\":\"2020-01-15\",\"observacion\":\"una observaci\\u00f3n\",\"direccion\":\"alguna direcci\\u00f3n\",\"municipio_id\":263,\"institucion_id\":3},\"old\":{\"fecha\":\"2020-01-15\",\"observacion\":\"una observaci\\u00f3n\",\"direccion\":\"alguna direcci\\u00f3n\",\"municipio_id\":295,\"institucion_id\":3}}',NULL,'2021-11-16 12:17:32','2021-11-16 12:17:32'),(427,'SuperAdmin','Se ha actualizado el decomiso','App\\Models\\Decomiso','updated',1,'App\\Models\\User',1,'{\"attributes\":{\"fecha\":\"2020-01-15\",\"observacion\":\"una observaci\\u00f3n\",\"direccion\":\"alguna direcci\\u00f3n\",\"municipio_id\":82,\"institucion_id\":3},\"old\":{\"fecha\":\"2020-01-15\",\"observacion\":\"una observaci\\u00f3n\",\"direccion\":\"alguna direcci\\u00f3n\",\"municipio_id\":263,\"institucion_id\":3}}',NULL,'2021-11-16 12:18:11','2021-11-16 12:18:11'),(428,'SuperAdmin','Se ha actualizado el decomiso','App\\Models\\Decomiso','updated',1,'App\\Models\\User',1,'{\"attributes\":{\"fecha\":\"2021-10-05\",\"observacion\":\"una observaci\\u00f3n\",\"direccion\":\"alguna direcci\\u00f3n\",\"municipio_id\":82,\"institucion_id\":3},\"old\":{\"fecha\":\"2020-01-15\",\"observacion\":\"una observaci\\u00f3n\",\"direccion\":\"alguna direcci\\u00f3n\",\"municipio_id\":82,\"institucion_id\":3}}',NULL,'2021-11-16 12:18:30','2021-11-16 12:18:30'),(429,'SuperAdmin','Se ha actualizado el decomiso','App\\Models\\Decomiso','updated',1,'App\\Models\\User',1,'{\"attributes\":{\"fecha\":\"2021-10-05\",\"observacion\":\"una observaci\\u00f3n\",\"direccion\":\"alguna direcci\\u00f3n\",\"municipio_id\":107,\"institucion_id\":3},\"old\":{\"fecha\":\"2021-10-05\",\"observacion\":\"una observaci\\u00f3n\",\"direccion\":\"alguna direcci\\u00f3n\",\"municipio_id\":82,\"institucion_id\":3}}',NULL,'2021-11-16 12:19:13','2021-11-16 12:19:13'),(430,'SuperAdmin','Se ha actualizado el decomiso','App\\Models\\Decomiso','updated',1,'App\\Models\\User',1,'{\"attributes\":{\"fecha\":\"2021-10-05\",\"observacion\":\"una observaci\\u00f3n\",\"direccion\":\"alguna direcci\\u00f3n\",\"municipio_id\":264,\"institucion_id\":3},\"old\":{\"fecha\":\"2021-10-05\",\"observacion\":\"una observaci\\u00f3n\",\"direccion\":\"alguna direcci\\u00f3n\",\"municipio_id\":107,\"institucion_id\":3}}',NULL,'2021-11-16 12:30:18','2021-11-16 12:30:18'),(431,'SuperAdmin','Se ha actualizado el decomiso','App\\Models\\Decomiso','updated',1,'App\\Models\\User',1,'{\"attributes\":{\"fecha\":\"2021-10-05\",\"observacion\":\"una observaci\\u00f3n\",\"direccion\":\"alguna direcci\\u00f3n3\",\"municipio_id\":264,\"institucion_id\":3},\"old\":{\"fecha\":\"2021-10-05\",\"observacion\":\"una observaci\\u00f3n\",\"direccion\":\"alguna direcci\\u00f3n\",\"municipio_id\":264,\"institucion_id\":3}}',NULL,'2021-11-16 12:33:13','2021-11-16 12:33:13'),(432,'SuperAdmin','Se ha actualizado el decomiso','App\\Models\\Decomiso','updated',1,'App\\Models\\User',1,'{\"attributes\":{\"fecha\":\"2021-10-05\",\"observacion\":\"una observaci\\u00f3n34\",\"direccion\":\"alguna direcci\\u00f3n3\",\"municipio_id\":264,\"institucion_id\":3},\"old\":{\"fecha\":\"2021-10-05\",\"observacion\":\"una observaci\\u00f3n\",\"direccion\":\"alguna direcci\\u00f3n3\",\"municipio_id\":264,\"institucion_id\":3}}',NULL,'2021-11-16 12:33:18','2021-11-16 12:33:18'),(433,'SuperAdmin','Se ha actualizado el decomiso','App\\Models\\Decomiso','updated',1,'App\\Models\\User',1,'{\"attributes\":{\"fecha\":\"2021-09-26\",\"observacion\":\"una observaci\\u00f3n34\",\"direccion\":\"alguna direcci\\u00f3n3\",\"municipio_id\":264,\"institucion_id\":3},\"old\":{\"fecha\":\"2021-10-05\",\"observacion\":\"una observaci\\u00f3n34\",\"direccion\":\"alguna direcci\\u00f3n3\",\"municipio_id\":264,\"institucion_id\":3}}',NULL,'2021-11-16 12:41:37','2021-11-16 12:41:37'),(434,'SuperAdmin','Se ha actualizado el decomiso','App\\Models\\Decomiso','updated',1,'App\\Models\\User',1,'{\"attributes\":{\"fecha\":\"2021-09-26\",\"observacion\":\"una observaci\\u00f3n\",\"direccion\":\"alguna direcci\\u00f3n\",\"municipio_id\":264,\"institucion_id\":3},\"old\":{\"fecha\":\"2021-09-26\",\"observacion\":\"una observaci\\u00f3n34\",\"direccion\":\"alguna direcci\\u00f3n3\",\"municipio_id\":264,\"institucion_id\":3}}',NULL,'2021-11-16 12:42:35','2021-11-16 12:42:35'),(435,'SuperAdmin','El usuario ha ingresado al sistema',NULL,'Login',NULL,'App\\Models\\User',1,'[]',NULL,'2021-11-16 23:39:20','2021-11-16 23:39:20'),(436,'SuperAdmin','Se ha actualizado el decomiso','App\\Models\\Decomiso','updated',1,'App\\Models\\User',1,'{\"attributes\":{\"fecha\":\"2021-09-26\",\"observacion\":\"una observaci\\u00f3n\",\"direccion\":\"alguna direcci\\u00f3n\",\"municipio_id\":180,\"institucion_id\":3},\"old\":{\"fecha\":\"2021-09-26\",\"observacion\":\"una observaci\\u00f3n\",\"direccion\":\"alguna direcci\\u00f3n\",\"municipio_id\":264,\"institucion_id\":3}}',NULL,'2021-11-17 03:26:53','2021-11-17 03:26:53'),(437,'SuperAdmin','El usuario ha ingresado al sistema',NULL,'Login',NULL,'App\\Models\\User',1,'[]',NULL,'2021-11-17 10:53:52','2021-11-17 10:53:52'),(438,'SuperAdmin','Se ha creado el detenido','App\\Models\\decomiso_detenido','created',4,'App\\Models\\User',1,'{\"attributes\":{\"nombre\":\"carlos\",\"alias\":\"perro\",\"identidad\":\"0801-4568-54685\",\"edad\":78,\"decomiso_id\":1,\"identificacion_id\":5,\"estructura_id\":3,\"ocupacion_id\":3,\"estado_civil_id\":4,\"pais_id\":182}}',NULL,'2021-11-17 11:21:20','2021-11-17 11:21:20'),(439,'SuperAdmin','Se ha actualizado el detenido','App\\Models\\decomiso_detenido','updated',4,'App\\Models\\User',1,'{\"attributes\":{\"nombre\":\"carlos\",\"alias\":\"perro\",\"identidad\":\"0801-4568-54685\",\"edad\":89,\"decomiso_id\":1,\"identificacion_id\":5,\"estructura_id\":3,\"ocupacion_id\":3,\"estado_civil_id\":4,\"pais_id\":149},\"old\":{\"nombre\":\"carlos\",\"alias\":\"perro\",\"identidad\":\"0801-4568-54685\",\"edad\":78,\"decomiso_id\":1,\"identificacion_id\":5,\"estructura_id\":3,\"ocupacion_id\":3,\"estado_civil_id\":4,\"pais_id\":182}}',NULL,'2021-11-17 11:27:07','2021-11-17 11:27:07'),(440,'SuperAdmin','Se ha actualizado el detenido','App\\Models\\decomiso_detenido','updated',4,'App\\Models\\User',1,'{\"attributes\":{\"nombre\":\"carlos\",\"alias\":\"perro\",\"identidad\":\"0801-4568-54685\",\"edad\":7,\"decomiso_id\":1,\"identificacion_id\":5,\"estructura_id\":3,\"ocupacion_id\":3,\"estado_civil_id\":4,\"pais_id\":149},\"old\":{\"nombre\":\"carlos\",\"alias\":\"perro\",\"identidad\":\"0801-4568-54685\",\"edad\":89,\"decomiso_id\":1,\"identificacion_id\":5,\"estructura_id\":3,\"ocupacion_id\":3,\"estado_civil_id\":4,\"pais_id\":149}}',NULL,'2021-11-17 11:27:19','2021-11-17 11:27:19'),(441,'SuperAdmin','Se ha borrado el detenido','App\\Models\\decomiso_detenido','deleted',4,'App\\Models\\User',1,'{\"old\":{\"nombre\":\"carlos\",\"alias\":\"perro\",\"identidad\":\"0801-4568-54685\",\"edad\":7,\"decomiso_id\":1,\"identificacion_id\":5,\"estructura_id\":3,\"ocupacion_id\":3,\"estado_civil_id\":4,\"pais_id\":149}}',NULL,'2021-11-17 11:28:26','2021-11-17 11:28:26'),(442,'SuperAdmin','Se ha creado la droga','App\\Models\\Droga','created',7,'App\\Models\\User',1,'{\"attributes\":{\"descripcion\":\"lk\\u00f1ajdfs\",\"tipo_droga_id\":4}}',NULL,'2021-11-17 11:32:05','2021-11-17 11:32:05'),(443,'SuperAdmin','Se ha borrado la droga','App\\Models\\Droga','deleted',7,'App\\Models\\User',1,'{\"old\":{\"descripcion\":\"lk\\u00f1ajdfs\",\"tipo_droga_id\":4}}',NULL,'2021-11-17 11:32:12','2021-11-17 11:32:12'),(444,'SuperAdmin','Se ha actualizado el detenido','App\\Models\\decomiso_detenido','updated',3,'App\\Models\\User',1,'{\"attributes\":{\"nombre\":\"raul\",\"alias\":\"pelon\",\"identidad\":\"0856-2546-52136\",\"edad\":3,\"decomiso_id\":1,\"identificacion_id\":5,\"estructura_id\":3,\"ocupacion_id\":3,\"estado_civil_id\":4,\"pais_id\":212},\"old\":{\"nombre\":\"raul\",\"alias\":\"pelon\",\"identidad\":\"0856-2546-52136\",\"edad\":45,\"decomiso_id\":1,\"identificacion_id\":5,\"estructura_id\":3,\"ocupacion_id\":3,\"estado_civil_id\":4,\"pais_id\":212}}',NULL,'2021-11-17 11:49:18','2021-11-17 11:49:18'),(445,'SuperAdmin','El usuario ha ingresado al sistema',NULL,'Login',NULL,'App\\Models\\User',1,'[]',NULL,'2021-11-17 23:12:20','2021-11-17 23:12:20'),(446,'SuperAdmin','Se ha borrado el transporte','App\\Models\\decomiso_transporte','deleted',3,'App\\Models\\User',1,'{\"old\":{\"tipo\":\"Maritimo\",\"marca\":\"Mazda\",\"modelo\":\"cope2\",\"color\":\"blaco\",\"placa\":\"JKL-9855\",\"decomiso_id\":1,\"pais_pro_id\":87,\"pais_des_id\":87,\"dep_pro_id\":13,\"dep_des_id\":10,\"mun_pro_id\":198,\"mun_des_id\":150}}',NULL,'2021-11-17 23:12:57','2021-11-17 23:12:57'),(447,'SuperAdmin','Se ha creado el transporte','App\\Models\\decomiso_transporte','created',4,'App\\Models\\User',1,'{\"attributes\":{\"tipo\":\"Terrestre\",\"marca\":\"Mazda\",\"modelo\":\"Sedan\",\"color\":\"naranja\",\"placa\":\"LKJ-9865\",\"decomiso_id\":1,\"pais_pro_id\":87,\"pais_des_id\":87,\"dep_pro_id\":5,\"dep_des_id\":15,\"mun_pro_id\":67,\"mun_des_id\":244}}',NULL,'2021-11-17 23:14:34','2021-11-17 23:14:34'),(448,'SuperAdmin','Se ha actualizado el transporte','App\\Models\\decomiso_transporte','updated',4,'App\\Models\\User',1,'{\"attributes\":{\"tipo\":\"Terrestre\",\"marca\":\"Mazda\",\"modelo\":\"Sedan\",\"color\":\"naranja\",\"placa\":\"LKJ-9865\",\"decomiso_id\":1,\"pais_pro_id\":82,\"pais_des_id\":87,\"dep_pro_id\":null,\"dep_des_id\":15,\"mun_pro_id\":null,\"mun_des_id\":244},\"old\":{\"tipo\":\"Terrestre\",\"marca\":\"Mazda\",\"modelo\":\"Sedan\",\"color\":\"naranja\",\"placa\":\"LKJ-9865\",\"decomiso_id\":1,\"pais_pro_id\":87,\"pais_des_id\":87,\"dep_pro_id\":5,\"dep_des_id\":15,\"mun_pro_id\":67,\"mun_des_id\":244}}',NULL,'2021-11-17 23:37:42','2021-11-17 23:37:42'),(449,'SuperAdmin','Se ha actualizado el transporte','App\\Models\\decomiso_transporte','updated',1,'App\\Models\\User',1,'{\"attributes\":{\"tipo\":\"Terrestre\",\"marca\":\"Toyota\",\"modelo\":\"sedan\",\"color\":\"verde\",\"placa\":\"MAG-9865\",\"decomiso_id\":1,\"pais_pro_id\":82,\"pais_des_id\":87,\"dep_pro_id\":null,\"dep_des_id\":null,\"mun_pro_id\":null,\"mun_des_id\":null},\"old\":{\"tipo\":\"Terrestre\",\"marca\":\"Toyota\",\"modelo\":\"sedan\",\"color\":\"verde\",\"placa\":\"MAG-9865\",\"decomiso_id\":1,\"pais_pro_id\":82,\"pais_des_id\":86,\"dep_pro_id\":null,\"dep_des_id\":null,\"mun_pro_id\":null,\"mun_des_id\":null}}',NULL,'2021-11-17 23:38:46','2021-11-17 23:38:46'),(450,'SuperAdmin','Se ha actualizado el transporte','App\\Models\\decomiso_transporte','updated',4,'App\\Models\\User',1,'{\"attributes\":{\"tipo\":\"Terrestre\",\"marca\":\"Mazda\",\"modelo\":\"Sedan\",\"color\":\"naranja\",\"placa\":\"LKJ-9865\",\"decomiso_id\":1,\"pais_pro_id\":82,\"pais_des_id\":87,\"dep_pro_id\":null,\"dep_des_id\":null,\"mun_pro_id\":null,\"mun_des_id\":null},\"old\":{\"tipo\":\"Terrestre\",\"marca\":\"Mazda\",\"modelo\":\"Sedan\",\"color\":\"naranja\",\"placa\":\"LKJ-9865\",\"decomiso_id\":1,\"pais_pro_id\":82,\"pais_des_id\":87,\"dep_pro_id\":null,\"dep_des_id\":15,\"mun_pro_id\":null,\"mun_des_id\":244}}',NULL,'2021-11-17 23:41:02','2021-11-17 23:41:02'),(451,'SuperAdmin','Se ha actualizado el transporte','App\\Models\\decomiso_transporte','updated',4,'App\\Models\\User',1,'{\"attributes\":{\"tipo\":\"Terrestre\",\"marca\":\"Mazda\",\"modelo\":\"Sedan\",\"color\":\"oiu\",\"placa\":\"LKJ-9865\",\"decomiso_id\":1,\"pais_pro_id\":82,\"pais_des_id\":87,\"dep_pro_id\":null,\"dep_des_id\":8,\"mun_pro_id\":null,\"mun_des_id\":119},\"old\":{\"tipo\":\"Terrestre\",\"marca\":\"Mazda\",\"modelo\":\"Sedan\",\"color\":\"naranja\",\"placa\":\"LKJ-9865\",\"decomiso_id\":1,\"pais_pro_id\":82,\"pais_des_id\":87,\"dep_pro_id\":null,\"dep_des_id\":null,\"mun_pro_id\":null,\"mun_des_id\":null}}',NULL,'2021-11-17 23:42:35','2021-11-17 23:42:35'),(452,'SuperAdmin','Se ha actualizado el transporte','App\\Models\\decomiso_transporte','updated',1,'App\\Models\\User',1,'{\"attributes\":{\"tipo\":\"Terrestre\",\"marca\":\"Toyota\",\"modelo\":\"sedan\",\"color\":\"verde\",\"placa\":\"MAG-9865\",\"decomiso_id\":1,\"pais_pro_id\":87,\"pais_des_id\":87,\"dep_pro_id\":16,\"dep_des_id\":17,\"mun_pro_id\":264,\"mun_des_id\":280},\"old\":{\"tipo\":\"Terrestre\",\"marca\":\"Toyota\",\"modelo\":\"sedan\",\"color\":\"verde\",\"placa\":\"MAG-9865\",\"decomiso_id\":1,\"pais_pro_id\":82,\"pais_des_id\":87,\"dep_pro_id\":null,\"dep_des_id\":null,\"mun_pro_id\":null,\"mun_des_id\":null}}',NULL,'2021-11-17 23:50:29','2021-11-17 23:50:29'),(453,'SuperAdmin','Se ha actualizado el transporte','App\\Models\\decomiso_transporte','updated',4,'App\\Models\\User',1,'{\"attributes\":{\"tipo\":\"Terrestre\",\"marca\":\"Mazda\",\"modelo\":\"Sedan\",\"color\":\"rojo\",\"placa\":\"LKJ-9865\",\"decomiso_id\":1,\"pais_pro_id\":82,\"pais_des_id\":87,\"dep_pro_id\":null,\"dep_des_id\":15,\"mun_pro_id\":null,\"mun_des_id\":238},\"old\":{\"tipo\":\"Terrestre\",\"marca\":\"Mazda\",\"modelo\":\"Sedan\",\"color\":\"oiu\",\"placa\":\"LKJ-9865\",\"decomiso_id\":1,\"pais_pro_id\":82,\"pais_des_id\":87,\"dep_pro_id\":null,\"dep_des_id\":8,\"mun_pro_id\":null,\"mun_des_id\":119}}',NULL,'2021-11-18 00:14:18','2021-11-18 00:14:18'),(454,'SuperAdmin','Se ha actualizado el transporte','App\\Models\\decomiso_transporte','updated',4,'App\\Models\\User',1,'{\"attributes\":{\"tipo\":\"Terrestre\",\"marca\":\"Mazda\",\"modelo\":\"Sedan\",\"color\":\"rojo\",\"placa\":\"LKJ-9865\",\"decomiso_id\":1,\"pais_pro_id\":82,\"pais_des_id\":87,\"dep_pro_id\":null,\"dep_des_id\":12,\"mun_pro_id\":null,\"mun_des_id\":173},\"old\":{\"tipo\":\"Terrestre\",\"marca\":\"Mazda\",\"modelo\":\"Sedan\",\"color\":\"rojo\",\"placa\":\"LKJ-9865\",\"decomiso_id\":1,\"pais_pro_id\":82,\"pais_des_id\":87,\"dep_pro_id\":null,\"dep_des_id\":15,\"mun_pro_id\":null,\"mun_des_id\":238}}',NULL,'2021-11-18 00:14:28','2021-11-18 00:14:28'),(455,'SuperAdmin','Se ha actualizado el transporte','App\\Models\\decomiso_transporte','updated',1,'App\\Models\\User',1,'{\"attributes\":{\"tipo\":\"Terrestre\",\"marca\":\"Toyota\",\"modelo\":\"sedan\",\"color\":\"verde\",\"placa\":\"MAG-9865\",\"decomiso_id\":1,\"pais_pro_id\":87,\"pais_des_id\":87,\"dep_pro_id\":12,\"dep_des_id\":8,\"mun_pro_id\":175,\"mun_des_id\":107},\"old\":{\"tipo\":\"Terrestre\",\"marca\":\"Toyota\",\"modelo\":\"sedan\",\"color\":\"verde\",\"placa\":\"MAG-9865\",\"decomiso_id\":1,\"pais_pro_id\":87,\"pais_des_id\":87,\"dep_pro_id\":16,\"dep_des_id\":17,\"mun_pro_id\":264,\"mun_des_id\":280}}',NULL,'2021-11-18 00:15:41','2021-11-18 00:15:41'),(456,'SuperAdmin','Se ha actualizado el transporte','App\\Models\\decomiso_transporte','updated',4,'App\\Models\\User',1,'{\"attributes\":{\"tipo\":\"Terrestre\",\"marca\":\"Mazda\",\"modelo\":\"Sedan\",\"color\":\"rojo\",\"placa\":\"LKJ-9865\",\"decomiso_id\":1,\"pais_pro_id\":73,\"pais_des_id\":87,\"dep_pro_id\":null,\"dep_des_id\":12,\"mun_pro_id\":null,\"mun_des_id\":173},\"old\":{\"tipo\":\"Terrestre\",\"marca\":\"Mazda\",\"modelo\":\"Sedan\",\"color\":\"rojo\",\"placa\":\"LKJ-9865\",\"decomiso_id\":1,\"pais_pro_id\":82,\"pais_des_id\":87,\"dep_pro_id\":null,\"dep_des_id\":12,\"mun_pro_id\":null,\"mun_des_id\":173}}',NULL,'2021-11-18 00:17:00','2021-11-18 00:17:00'),(457,'SuperAdmin','Se ha actualizado el decomiso','App\\Models\\Decomiso','updated',1,'App\\Models\\User',1,'{\"attributes\":{\"fecha\":\"2021-09-26\",\"observacion\":\"una observaci\\u00f3n\",\"direccion\":\"alguna direcci\\u00f3n\",\"municipio_id\":180,\"institucion_id\":1},\"old\":{\"fecha\":\"2021-09-26\",\"observacion\":\"una observaci\\u00f3n\",\"direccion\":\"alguna direcci\\u00f3n\",\"municipio_id\":180,\"institucion_id\":3}}',NULL,'2021-11-18 00:40:48','2021-11-18 00:40:48'),(458,'SuperAdmin','El usuario ha ingresado al sistema',NULL,'Login',NULL,'App\\Models\\User',1,'[]',NULL,'2021-11-18 03:47:08','2021-11-18 03:47:08'),(459,'SuperAdmin','Se ha creado el decomiso','App\\Models\\Decomiso','created',2,'App\\Models\\User',1,'{\"attributes\":{\"fecha\":\"2021-11-01\",\"observacion\":\"otro decomiso\",\"direccion\":\"otra direcci\\u00f3n\",\"municipio_id\":203,\"institucion_id\":1}}',NULL,'2021-11-18 03:47:40','2021-11-18 03:47:40'),(460,'SuperAdmin','Se ha borrado el decomiso','App\\Models\\Decomiso','deleted',2,'App\\Models\\User',1,'{\"old\":{\"fecha\":\"2021-11-01\",\"observacion\":\"otro decomiso\",\"direccion\":\"otra direcci\\u00f3n\",\"municipio_id\":203,\"institucion_id\":1}}',NULL,'2021-11-18 03:50:15','2021-11-18 03:50:15'),(461,'SuperAdmin','Se ha creado el decomiso','App\\Models\\Decomiso','created',3,'App\\Models\\User',1,'{\"attributes\":{\"fecha\":\"2021-11-01\",\"observacion\":\"otra observaci\\u00f3n\",\"direccion\":\"otra direcci\\u00f3n\",\"municipio_id\":158,\"institucion_id\":1}}',NULL,'2021-11-18 03:52:32','2021-11-18 03:52:32'),(462,'SuperAdmin','Se ha actualizado el decomiso','App\\Models\\Decomiso','updated',1,'App\\Models\\User',1,'{\"attributes\":{\"fecha\":\"2021-09-26\",\"observacion\":\"una observaci\\u00f3n\",\"direccion\":\"alguna direcci\\u00f3n\",\"municipio_id\":180,\"institucion_id\":3},\"old\":{\"fecha\":\"2021-09-26\",\"observacion\":\"una observaci\\u00f3n\",\"direccion\":\"alguna direcci\\u00f3n\",\"municipio_id\":180,\"institucion_id\":1}}',NULL,'2021-11-18 04:04:12','2021-11-18 04:04:12'),(463,'SuperAdmin','Se ha creado la droga','App\\Models\\Droga','created',8,'App\\Models\\User',1,'{\"attributes\":{\"descripcion\":\"Crack\",\"tipo_droga_id\":4}}',NULL,'2021-11-18 07:24:34','2021-11-18 07:24:34'),(464,'SuperAdmin','El usuario ha ingresado al sistema',NULL,'Login',NULL,'App\\Models\\User',1,'[]',NULL,'2021-11-18 23:13:15','2021-11-18 23:13:15'),(465,'SuperAdmin','El usuario ha ingresado al sistema',NULL,'Login',NULL,'App\\Models\\User',1,'[]',NULL,'2021-11-19 08:30:12','2021-11-19 08:30:12'),(466,'SuperAdmin','Se ha creado la presentación de droga','App\\Models\\presentacionDroga','created',4,'App\\Models\\User',1,'{\"attributes\":{\"descripcion\":\"puntas\"}}',NULL,'2021-11-19 09:57:50','2021-11-19 09:57:50'),(467,'SuperAdmin','Se ha creado la presentación de droga','App\\Models\\presentacionDroga','created',5,'App\\Models\\User',1,'{\"attributes\":{\"descripcion\":\"piedra\"}}',NULL,'2021-11-19 09:58:47','2021-11-19 09:58:47'),(468,'SuperAdmin','Se ha creado la presentación de droga','App\\Models\\presentacionDroga','created',6,'App\\Models\\User',1,'{\"attributes\":{\"descripcion\":\"bolsas\"}}',NULL,'2021-11-19 09:59:59','2021-11-19 09:59:59'),(469,'SuperAdmin','Se ha creado la presentación de droga','App\\Models\\presentacionDroga','created',7,'App\\Models\\User',1,'{\"attributes\":{\"descripcion\":\"envoltorios\"}}',NULL,'2021-11-19 10:00:10','2021-11-19 10:00:10'),(470,'SuperAdmin','Se ha creado la presentación de droga','App\\Models\\presentacionDroga','created',8,'App\\Models\\User',1,'{\"attributes\":{\"descripcion\":\"planta\"}}',NULL,'2021-11-19 10:00:51','2021-11-19 10:00:51'),(471,'SuperAdmin','El usuario ha ingresado al sistema',NULL,'Login',NULL,'App\\Models\\User',1,'[]',NULL,'2021-11-19 23:08:38','2021-11-19 23:08:38'),(472,'SuperAdmin','El usuario ha ingresado al sistema',NULL,'Login',NULL,'App\\Models\\User',1,'[]',NULL,'2021-11-21 00:45:23','2021-11-21 00:45:23'),(473,'SuperAdmin','Se ha creado el decomiso','App\\Models\\Decomiso','created',4,'App\\Models\\User',1,'{\"attributes\":{\"fecha\":\"2021-08-01\",\"observacion\":\"j\\u00f1alkfd\",\"direccion\":\"iooi\",\"municipio_id\":173,\"institucion_id\":1}}',NULL,'2021-11-21 02:45:19','2021-11-21 02:45:19'),(474,'SuperAdmin','Se ha creado el decomiso','App\\Models\\Decomiso','created',5,'App\\Models\\User',1,'{\"attributes\":{\"fecha\":\"2021-08-10\",\"observacion\":\"lk\\u00f1k\",\"direccion\":\"oiupoi\",\"municipio_id\":206,\"institucion_id\":1}}',NULL,'2021-11-21 02:55:56','2021-11-21 02:55:56'),(475,'SuperAdmin','Se ha creado el detenido','App\\Models\\decomiso_detenido','created',5,'App\\Models\\User',1,'{\"attributes\":{\"nombre\":\"juan\",\"alias\":\"capo\",\"identidad\":\"0502-2659-02654\",\"edad\":56,\"decomiso_id\":5,\"identificacion_id\":4,\"estructura_id\":3,\"ocupacion_id\":1,\"estado_civil_id\":4,\"pais_id\":190}}',NULL,'2021-11-21 02:59:25','2021-11-21 02:59:25'),(476,'SuperAdmin','Se ha creado el transporte','App\\Models\\decomiso_transporte','created',5,'App\\Models\\User',1,'{\"attributes\":{\"tipo\":\"Terrestre\",\"marca\":\"Mazda\",\"modelo\":\"sedan\",\"color\":\"rojo\",\"placa\":\"oij-9865\",\"decomiso_id\":5,\"pais_pro_id\":87,\"pais_des_id\":87,\"dep_pro_id\":13,\"dep_des_id\":15,\"mun_pro_id\":200,\"mun_des_id\":246}}',NULL,'2021-11-21 03:00:56','2021-11-21 03:00:56'),(477,'SuperAdmin','Se ha creado la droga','App\\Models\\Droga','created',9,'App\\Models\\User',1,'{\"attributes\":{\"descripcion\":\"otra droga 3\",\"tipo_droga_id\":1}}',NULL,'2021-11-21 03:20:02','2021-11-21 03:20:02'),(478,'SuperAdmin','Se ha actualizado el decomiso','App\\Models\\Decomiso','updated',1,'App\\Models\\User',1,'{\"attributes\":{\"fecha\":\"2021-09-26\",\"observacion\":\"una observaci\\u00f3n\",\"direccion\":\"alguna direcci\\u00f3n\",\"municipio_id\":180,\"institucion_id\":3},\"old\":{\"fecha\":\"2021-09-26\",\"observacion\":\"una observaci\\u00f3n\",\"direccion\":\"alguna direcci\\u00f3n\",\"municipio_id\":180,\"institucion_id\":3}}',NULL,'2021-12-07 01:39:42','2021-12-07 01:39:42'),(479,'SuperAdmin','Se ha actualizado el decomiso','App\\Models\\Decomiso','updated',3,'App\\Models\\User',1,'{\"attributes\":{\"fecha\":\"2021-11-01\",\"observacion\":\"otra observaci\\u00f3n\",\"direccion\":\"otra direcci\\u00f3n\",\"municipio_id\":158,\"institucion_id\":1},\"old\":{\"fecha\":\"2021-11-01\",\"observacion\":\"otra observaci\\u00f3n\",\"direccion\":\"otra direcci\\u00f3n\",\"municipio_id\":158,\"institucion_id\":1}}',NULL,'2021-12-07 01:40:09','2021-12-07 01:40:09'),(480,'SuperAdmin','Se ha actualizado el decomiso','App\\Models\\Decomiso','updated',4,'App\\Models\\User',1,'{\"attributes\":{\"fecha\":\"2021-08-01\",\"observacion\":\"j\\u00f1alkfd\",\"direccion\":\"iooi\",\"municipio_id\":173,\"institucion_id\":1},\"old\":{\"fecha\":\"2021-08-01\",\"observacion\":\"j\\u00f1alkfd\",\"direccion\":\"iooi\",\"municipio_id\":173,\"institucion_id\":1}}',NULL,'2021-12-07 01:40:39','2021-12-07 01:40:39'),(481,'SuperAdmin','Se ha actualizado el decomiso','App\\Models\\Decomiso','updated',5,'App\\Models\\User',1,'{\"attributes\":{\"fecha\":\"2021-08-10\",\"observacion\":\"lk\\u00f1k\",\"direccion\":\"oiupoi\",\"municipio_id\":206,\"institucion_id\":1},\"old\":{\"fecha\":\"2021-08-10\",\"observacion\":\"lk\\u00f1k\",\"direccion\":\"oiupoi\",\"municipio_id\":206,\"institucion_id\":1}}',NULL,'2021-12-07 01:41:46','2021-12-07 01:41:46'),(482,'SuperAdmin','El usuario ha ingresado al sistema',NULL,'Login',NULL,'App\\Models\\User',1,'[]',NULL,'2021-12-08 08:30:48','2021-12-08 08:30:48'),(483,'SuperAdmin','El usuario ha ingresado al sistema',NULL,'Login',NULL,'App\\Models\\User',1,'[]',NULL,'2021-12-08 21:41:10','2021-12-08 21:41:10'),(484,'SuperAdmin','El usuario ha ingresado al sistema',NULL,'Login',NULL,'App\\Models\\User',1,'[]',NULL,'2021-12-23 01:09:51','2021-12-23 01:09:51'),(485,'SuperAdmin','Se ha actualizado el precursor','App\\Models\\Precursor','updated',1,'App\\Models\\User',1,'{\"attributes\":{\"descripcion\":\"Alcohol isobut\\u00edlico\",\"presentacion\":\"algo de presentacion3\"},\"old\":{\"descripcion\":\"ALCOHOL ISOBUT\\u00cdLICO\",\"presentacion\":\"algo de presentacion3\"}}',NULL,'2021-12-23 02:08:44','2021-12-23 02:08:44'),(486,'SuperAdmin','Se ha actualizado el precursor','App\\Models\\Precursor','updated',3,'App\\Models\\User',1,'{\"attributes\":{\"descripcion\":\"Dietilamina\",\"presentacion\":\"dgf3\"},\"old\":{\"descripcion\":\"DIETILAMINA\",\"presentacion\":\"dgf3\"}}',NULL,'2021-12-23 02:08:53','2021-12-23 02:08:53'),(487,'SuperAdmin','Se ha creado el decomiso','App\\Models\\Decomiso','created',6,'App\\Models\\User',1,'{\"attributes\":{\"fecha\":\"2021-08-12\",\"observacion\":\"una observaci\\u00f3n\",\"direccion\":\"otra direcci\\u00f3n\",\"municipio_id\":264,\"institucion_id\":3}}',NULL,'2021-12-23 03:24:11','2021-12-23 03:24:11'),(488,'SuperAdmin','El usuario ha ingresado al sistema',NULL,'Login',NULL,'App\\Models\\User',1,'[]',NULL,'2021-12-23 06:31:48','2021-12-23 06:31:48'),(489,'SuperAdmin','El usuario ha ingresado al sistema',NULL,'Login',NULL,'App\\Models\\User',1,'[]',NULL,'2021-12-23 21:44:10','2021-12-23 21:44:10'),(490,'SuperAdmin','El usuario ha ingresado al sistema',NULL,'Login',NULL,'App\\Models\\User',1,'[]',NULL,'2021-12-24 09:49:58','2021-12-24 09:49:58'),(491,'SuperAdmin','Se ha creado el decomiso','App\\Models\\Decomiso','created',7,'App\\Models\\User',1,'{\"attributes\":{\"fecha\":\"2021-06-01\",\"observacion\":\"sadfa\",\"direccion\":\"otra direcci\\u00f3n\",\"municipio_id\":224,\"institucion_id\":1}}',NULL,'2021-12-24 10:03:31','2021-12-24 10:03:31'),(492,'SuperAdmin','Se ha creado el decomiso','App\\Models\\Decomiso','created',8,'App\\Models\\User',1,'{\"attributes\":{\"fecha\":\"2021-10-20\",\"observacion\":\"una observaci\\u00f3n\",\"direccion\":\"otra direcci\\u00f3n\",\"municipio_id\":264,\"institucion_id\":3}}',NULL,'2021-12-24 10:04:56','2021-12-24 10:04:56'),(493,'SuperAdmin','Se ha creado el decomiso','App\\Models\\Decomiso','created',9,'App\\Models\\User',1,'{\"attributes\":{\"fecha\":\"2021-10-08\",\"observacion\":\"sadfa\",\"direccion\":\"sdfasdf\",\"municipio_id\":225,\"institucion_id\":3}}',NULL,'2021-12-24 10:05:58','2021-12-24 10:05:58'),(494,'SuperAdmin','El usuario ha ingresado al sistema',NULL,'Login',NULL,'App\\Models\\User',1,'[]',NULL,'2021-12-27 22:07:57','2021-12-27 22:07:57'),(495,'SuperAdmin','El usuario ha ingresado al sistema',NULL,'Login',NULL,'App\\Models\\User',1,'[]',NULL,'2021-12-28 05:19:03','2021-12-28 05:19:03'),(496,'SuperAdmin','El usuario ha ingresado al sistema',NULL,'Login',NULL,'App\\Models\\User',1,'[]',NULL,'2021-12-28 10:23:02','2021-12-28 10:23:02'),(497,'SuperAdmin','El usuario ha ingresado al sistema',NULL,'Login',NULL,'App\\Models\\User',1,'[]',NULL,'2021-12-28 20:42:39','2021-12-28 20:42:39'),(498,'SuperAdmin','El usuario ha ingresado al sistema',NULL,'Login',NULL,'App\\Models\\User',1,'[]',NULL,'2021-12-30 09:38:17','2021-12-30 09:38:17'),(499,'SuperAdmin','El usuario ha ingresado al sistema',NULL,'Login',NULL,'App\\Models\\User',1,'[]',NULL,'2022-01-01 02:01:21','2022-01-01 02:01:21'),(500,'SuperAdmin','El usuario ha ingresado al sistema',NULL,'Login',NULL,'App\\Models\\User',1,'[]',NULL,'2022-01-05 23:32:45','2022-01-05 23:32:45'),(501,'SuperAdmin','El usuario ha cerrado sesión',NULL,'Logout',NULL,'App\\Models\\User',1,'[]',NULL,'2022-01-06 00:03:04','2022-01-06 00:03:04'),(502,'SuperAdmin','El usuario ha ingresado al sistema',NULL,'Login',NULL,'App\\Models\\User',1,'[]',NULL,'2022-01-06 01:23:11','2022-01-06 01:23:11'),(503,'SuperAdmin','Se ha creado el arma','App\\Models\\Arma','created',4,'App\\Models\\User',1,'{\"attributes\":{\"descripcion\":\"Ak-472\"}}',NULL,'2022-01-06 02:11:32','2022-01-06 02:11:32'),(504,'SuperAdmin','El usuario ha ingresado al sistema',NULL,'Login',NULL,'App\\Models\\User',1,'[]',NULL,'2022-01-06 21:23:54','2022-01-06 21:23:54'),(505,'SuperAdmin','Se ha creado el decomiso','App\\Models\\Decomiso','created',10,'App\\Models\\User',1,'{\"attributes\":{\"fecha\":\"2022-01-06\",\"observacion\":\"sdfg\",\"direccion\":\"dg\",\"municipio_id\":195,\"institucion_id\":1}}',NULL,'2022-01-07 02:41:05','2022-01-07 02:41:05'),(506,'SuperAdmin','Se ha creado el decomiso','App\\Models\\Decomiso','created',11,'App\\Models\\User',1,'{\"attributes\":{\"fecha\":\"2022-01-06\",\"observacion\":\"sadfa\",\"direccion\":\"otra direcci\\u00f3n\",\"municipio_id\":269,\"institucion_id\":1}}',NULL,'2022-01-07 03:58:24','2022-01-07 03:58:24'),(507,'SuperAdmin','El usuario ha ingresado al sistema',NULL,'Login',NULL,'App\\Models\\User',1,'[]',NULL,'2022-01-07 20:30:44','2022-01-07 20:30:44'),(508,'SuperAdmin','El usuario ha ingresado al sistema',NULL,'Login',NULL,'App\\Models\\User',1,'[]',NULL,'2022-01-08 01:32:24','2022-01-08 01:32:24'),(509,'SuperAdmin','Se ha creado el transporte','App\\Models\\decomiso_transporte','created',6,'App\\Models\\User',1,'{\"attributes\":{\"tipo\":\"Aereo\",\"marca\":null,\"modelo\":null,\"color\":\"rojo\",\"placa\":null,\"decomiso_id\":1,\"pais_pro_id\":20,\"pais_des_id\":22,\"dep_pro_id\":null,\"dep_des_id\":null,\"mun_pro_id\":null,\"mun_des_id\":null}}',NULL,'2022-01-08 02:05:01','2022-01-08 02:05:01'),(510,'SuperAdmin','Se ha actualizado el transporte','App\\Models\\decomiso_transporte','updated',6,'App\\Models\\User',1,'{\"attributes\":{\"tipo\":\"Aereo\",\"marca\":null,\"modelo\":null,\"color\":\"amarillo\",\"placa\":null,\"decomiso_id\":1,\"pais_pro_id\":20,\"pais_des_id\":22,\"dep_pro_id\":null,\"dep_des_id\":null,\"mun_pro_id\":null,\"mun_des_id\":null},\"old\":{\"tipo\":\"Aereo\",\"marca\":null,\"modelo\":null,\"color\":\"rojo\",\"placa\":null,\"decomiso_id\":1,\"pais_pro_id\":20,\"pais_des_id\":22,\"dep_pro_id\":null,\"dep_des_id\":null,\"mun_pro_id\":null,\"mun_des_id\":null}}',NULL,'2022-01-08 02:09:38','2022-01-08 02:09:38'),(511,'SuperAdmin','Se ha creado el transporte','App\\Models\\decomiso_transporte','created',7,'App\\Models\\User',1,'{\"attributes\":{\"tipo\":\"Terrestre\",\"marca\":null,\"modelo\":null,\"color\":\"verde\",\"placa\":null,\"decomiso_id\":1,\"pais_pro_id\":85,\"pais_des_id\":88,\"dep_pro_id\":null,\"dep_des_id\":null,\"mun_pro_id\":null,\"mun_des_id\":null}}',NULL,'2022-01-08 02:14:59','2022-01-08 02:14:59'),(512,'SuperAdmin','Se ha actualizado el transporte','App\\Models\\decomiso_transporte','updated',7,'App\\Models\\User',1,'{\"attributes\":{\"tipo\":\"Terrestre\",\"marca\":null,\"modelo\":null,\"color\":\"verde\",\"placa\":null,\"decomiso_id\":1,\"pais_pro_id\":87,\"pais_des_id\":87,\"dep_pro_id\":14,\"dep_des_id\":12,\"mun_pro_id\":223,\"mun_des_id\":178},\"old\":{\"tipo\":\"Terrestre\",\"marca\":null,\"modelo\":null,\"color\":\"verde\",\"placa\":null,\"decomiso_id\":1,\"pais_pro_id\":85,\"pais_des_id\":88,\"dep_pro_id\":null,\"dep_des_id\":null,\"mun_pro_id\":null,\"mun_des_id\":null}}',NULL,'2022-01-08 02:15:40','2022-01-08 02:15:40'),(513,'SuperAdmin','Se ha actualizado el transporte','App\\Models\\decomiso_transporte','updated',6,'App\\Models\\User',1,'{\"attributes\":{\"tipo\":\"Aereo\",\"marca\":null,\"modelo\":null,\"color\":\"amarillo\",\"placa\":null,\"decomiso_id\":1,\"pais_pro_id\":87,\"pais_des_id\":22,\"dep_pro_id\":13,\"dep_des_id\":null,\"mun_pro_id\":200,\"mun_des_id\":null},\"old\":{\"tipo\":\"Aereo\",\"marca\":null,\"modelo\":null,\"color\":\"amarillo\",\"placa\":null,\"decomiso_id\":1,\"pais_pro_id\":20,\"pais_des_id\":22,\"dep_pro_id\":null,\"dep_des_id\":null,\"mun_pro_id\":null,\"mun_des_id\":null}}',NULL,'2022-01-08 02:31:40','2022-01-08 02:31:40'),(514,'SuperAdmin','Se ha actualizado el transporte','App\\Models\\decomiso_transporte','updated',6,'App\\Models\\User',1,'{\"attributes\":{\"tipo\":\"Aereo\",\"marca\":null,\"modelo\":null,\"color\":\"amarillo\",\"placa\":null,\"decomiso_id\":1,\"pais_pro_id\":87,\"pais_des_id\":87,\"dep_pro_id\":13,\"dep_des_id\":17,\"mun_pro_id\":200,\"mun_des_id\":278},\"old\":{\"tipo\":\"Aereo\",\"marca\":null,\"modelo\":null,\"color\":\"amarillo\",\"placa\":null,\"decomiso_id\":1,\"pais_pro_id\":87,\"pais_des_id\":22,\"dep_pro_id\":13,\"dep_des_id\":null,\"mun_pro_id\":200,\"mun_des_id\":null}}',NULL,'2022-01-08 02:36:55','2022-01-08 02:36:55'),(515,'SuperAdmin','Se ha actualizado el transporte','App\\Models\\decomiso_transporte','updated',1,'App\\Models\\User',1,'{\"attributes\":{\"tipo\":\"Terrestre\",\"marca\":null,\"modelo\":\"sedan\",\"color\":\"verde\",\"placa\":\"MAG-9865\",\"decomiso_id\":1,\"pais_pro_id\":87,\"pais_des_id\":87,\"dep_pro_id\":12,\"dep_des_id\":8,\"mun_pro_id\":175,\"mun_des_id\":107},\"old\":{\"tipo\":\"Terrestre\",\"marca\":\"Toyota\",\"modelo\":\"sedan\",\"color\":\"verde\",\"placa\":\"MAG-9865\",\"decomiso_id\":1,\"pais_pro_id\":87,\"pais_des_id\":87,\"dep_pro_id\":12,\"dep_des_id\":8,\"mun_pro_id\":175,\"mun_des_id\":107}}',NULL,'2022-01-08 02:50:04','2022-01-08 02:50:04'),(516,'SuperAdmin','Se ha actualizado el decomiso','App\\Models\\Decomiso','updated',1,'App\\Models\\User',1,'{\"attributes\":{\"fecha\":\"2021-09-26\",\"observacion\":\"una observaci\\u00f3n\",\"direccion\":\"alguna direcci\\u00f3n\",\"municipio_id\":180,\"institucion_id\":3},\"old\":{\"fecha\":\"2021-09-26\",\"observacion\":\"una observaci\\u00f3n\",\"direccion\":\"alguna direcci\\u00f3n\",\"municipio_id\":180,\"institucion_id\":3}}',NULL,'2022-01-08 03:35:01','2022-01-08 03:35:01'),(517,'SuperAdmin','El usuario ha ingresado al sistema',NULL,'Login',NULL,'App\\Models\\User',1,'[]',NULL,'2022-01-09 11:46:25','2022-01-09 11:46:25'),(518,'SuperAdmin','El usuario ha ingresado al sistema',NULL,'Login',NULL,'App\\Models\\User',1,'[]',NULL,'2022-01-10 20:56:53','2022-01-10 20:56:53'),(519,'SuperAdmin','El usuario ha cerrado sesión',NULL,'Logout',NULL,'App\\Models\\User',1,'[]',NULL,'2022-01-11 00:00:50','2022-01-11 00:00:50'),(520,'SuperAdmin','El usuario ha ingresado al sistema',NULL,'Login',NULL,'App\\Models\\User',1,'[]',NULL,'2022-01-11 00:01:35','2022-01-11 00:01:35'),(521,'SuperAdmin','El usuario ha cerrado sesión',NULL,'Logout',NULL,'App\\Models\\User',1,'[]',NULL,'2022-01-11 00:01:38','2022-01-11 00:01:38'),(522,'SuperAdmin','El usuario ha ingresado al sistema',NULL,'Login',NULL,'App\\Models\\User',1,'[]',NULL,'2022-01-11 00:01:59','2022-01-11 00:01:59'),(523,'SuperAdmin','El usuario ha cerrado sesión',NULL,'Logout',NULL,'App\\Models\\User',1,'[]',NULL,'2022-01-11 00:02:03','2022-01-11 00:02:03'),(524,'SuperAdmin','El usuario ha ingresado al sistema',NULL,'Login',NULL,'App\\Models\\User',1,'[]',NULL,'2022-01-11 00:03:06','2022-01-11 00:03:06'),(525,'SuperAdmin','El usuario ha cerrado sesión',NULL,'Logout',NULL,'App\\Models\\User',1,'[]',NULL,'2022-01-11 00:03:27','2022-01-11 00:03:27'),(526,'SuperAdmin','El usuario ha ingresado al sistema',NULL,'Login',NULL,'App\\Models\\User',1,'[]',NULL,'2022-01-11 00:03:35','2022-01-11 00:03:35'),(527,'SuperAdmin','El usuario ha ingresado al sistema',NULL,'Login',NULL,'App\\Models\\User',1,'[]',NULL,'2022-01-11 03:21:02','2022-01-11 03:21:02'),(528,'SuperAdmin','Se ha creado el decomiso','App\\Models\\Decomiso','created',12,'App\\Models\\User',1,'{\"attributes\":{\"fecha\":\"2021-11-05\",\"observacion\":\"dtyjdgh\",\"direccion\":\"dfghdfg\",\"municipio_id\":31,\"institucion_id\":3}}',NULL,'2022-01-11 07:26:12','2022-01-11 07:26:12'),(529,'SuperAdmin','El usuario ha ingresado al sistema',NULL,'Login',NULL,'App\\Models\\User',1,'[]',NULL,'2022-01-11 20:37:50','2022-01-11 20:37:50'),(530,'SuperAdmin','Se ha borrado la presentación de droga','App\\Models\\presentacionDroga','deleted',3,'App\\Models\\User',1,'{\"old\":{\"descripcion\":\"puros\"}}',NULL,'2022-01-12 01:43:39','2022-01-12 01:43:39'),(531,'SuperAdmin','Se ha creado la presentación de precursor','App\\Models\\presentacionPrecursor','created',4,'App\\Models\\User',1,'{\"attributes\":{\"descripcion\":\"frascos\"}}',NULL,'2022-01-12 02:13:28','2022-01-12 02:13:28'),(532,'SuperAdmin','Se ha borrado la presentación de precursor','App\\Models\\presentacionPrecursor','deleted',4,'App\\Models\\User',1,'{\"old\":{\"descripcion\":\"frascos\"}}',NULL,'2022-01-12 02:17:50','2022-01-12 02:17:50'),(533,'SuperAdmin','Se ha creado la presentación de precursor','App\\Models\\presentacionPrecursor','created',5,'App\\Models\\User',1,'{\"attributes\":{\"descripcion\":\"frascos\"}}',NULL,'2022-01-12 02:22:53','2022-01-12 02:22:53'),(534,'SuperAdmin','Se ha borrado la presentación de precursor','App\\Models\\presentacionPrecursor','deleted',5,'App\\Models\\User',1,'{\"old\":{\"descripcion\":\"frascos\"}}',NULL,'2022-01-12 02:23:01','2022-01-12 02:23:01'),(535,'SuperAdmin','Se ha borrado la presentación de precursor','App\\Models\\presentacionPrecursor','deleted',5,'App\\Models\\User',1,'{\"old\":{\"descripcion\":\"frascos\"}}',NULL,'2022-01-12 02:24:19','2022-01-12 02:24:19'),(536,'SuperAdmin','Se ha creado el precursor','App\\Models\\Precursor','created',4,'App\\Models\\User',1,'{\"attributes\":{\"descripcion\":\"Alcohol but\\u00edlico\",\"presentacion\":null}}',NULL,'2022-01-12 02:36:16','2022-01-12 02:36:16'),(537,'SuperAdmin','Se ha borrado el precursor','App\\Models\\Precursor','deleted',3,'App\\Models\\User',1,'{\"old\":{\"descripcion\":\"Dietilamina\",\"presentacion\":null}}',NULL,'2022-01-12 02:37:51','2022-01-12 02:37:51'),(538,'SuperAdmin','Se ha creado el arma','App\\Models\\Arma','created',5,'App\\Models\\User',1,'{\"attributes\":{\"descripcion\":\"m-16\"}}',NULL,'2022-01-12 02:48:29','2022-01-12 02:48:29'),(539,'SuperAdmin','Se ha borrado el arma','App\\Models\\Arma','deleted',5,'App\\Models\\User',1,'{\"old\":{\"descripcion\":\"m-16\"}}',NULL,'2022-01-12 02:49:23','2022-01-12 02:49:23'),(540,'SuperAdmin','El usuario ha ingresado al sistema',NULL,'Login',NULL,'App\\Models\\User',1,'[]',NULL,'2022-01-12 20:44:26','2022-01-12 20:44:26'),(541,'SuperAdmin','Se ha creado el tipo de munición','App\\Models\\TipoMunicion','created',4,'App\\Models\\User',1,'{\"attributes\":{\"descripcion\":\"12 mm\"}}',NULL,'2022-01-12 21:08:16','2022-01-12 21:08:16'),(542,'SuperAdmin','Se ha borrado el tipo de munición','App\\Models\\TipoMunicion','deleted',4,'App\\Models\\User',1,'{\"old\":{\"descripcion\":\"12 mm\"}}',NULL,'2022-01-12 21:09:13','2022-01-12 21:09:13'),(543,'SuperAdmin','Se ha creado identificación','App\\Models\\Identificacion','created',6,'App\\Models\\User',1,'{\"attributes\":{\"descripcion\":\"Carnet de estudiante\"}}',NULL,'2022-01-12 21:17:39','2022-01-12 21:17:39'),(544,'SuperAdmin','Se ha borrado identificación','App\\Models\\Identificacion','deleted',6,'App\\Models\\User',1,'{\"old\":{\"descripcion\":\"Carnet de estudiante\"}}',NULL,'2022-01-12 21:17:49','2022-01-12 21:17:49'),(545,'SuperAdmin','Se ha creado el detenido','App\\Models\\decomiso_detenido','created',6,'App\\Models\\User',1,'{\"attributes\":{\"nombre\":\"sdfg\",\"alias\":\"sdfgsdfg\",\"identidad\":\"0632-1965-256845\",\"edad\":65,\"decomiso_id\":12,\"identificacion_id\":6,\"estructura_id\":1,\"ocupacion_id\":1,\"estado_civil_id\":3,\"pais_id\":87}}',NULL,'2022-01-12 21:19:49','2022-01-12 21:19:49'),(546,'SuperAdmin','Se ha borrado identificación','App\\Models\\Identificacion','deleted',6,'App\\Models\\User',1,'{\"old\":{\"descripcion\":\"Carnet de estudiante\"}}',NULL,'2022-01-12 21:20:02','2022-01-12 21:20:02'),(547,'SuperAdmin','Se ha creado la ocupación','App\\Models\\Ocupacion','created',4,'App\\Models\\User',1,'{\"attributes\":{\"descripcion\":\"Alfarero\"}}',NULL,'2022-01-12 21:30:08','2022-01-12 21:30:08'),(548,'SuperAdmin','Se ha actualizado el detenido','App\\Models\\decomiso_detenido','updated',6,'App\\Models\\User',1,'{\"attributes\":{\"nombre\":\"sdfg\",\"alias\":\"sdfgsdfg\",\"identidad\":\"0632-1965-256845\",\"edad\":65,\"decomiso_id\":12,\"identificacion_id\":1,\"estructura_id\":1,\"ocupacion_id\":4,\"estado_civil_id\":3,\"pais_id\":87},\"old\":{\"nombre\":\"sdfg\",\"alias\":\"sdfgsdfg\",\"identidad\":\"0632-1965-256845\",\"edad\":65,\"decomiso_id\":12,\"identificacion_id\":6,\"estructura_id\":1,\"ocupacion_id\":1,\"estado_civil_id\":3,\"pais_id\":87}}',NULL,'2022-01-12 21:31:54','2022-01-12 21:31:54'),(549,'SuperAdmin','Se ha borrado la ocupación','App\\Models\\Ocupacion','deleted',4,'App\\Models\\User',1,'{\"old\":{\"descripcion\":\"Alfarero\"}}',NULL,'2022-01-12 21:32:01','2022-01-12 21:32:01'),(550,'SuperAdmin','El usuario ha ingresado al sistema',NULL,'Login',NULL,'App\\Models\\User',1,'[]',NULL,'2022-01-13 03:51:57','2022-01-13 03:51:57'),(551,'SuperAdmin','Se ha actualizado el detenido','App\\Models\\decomiso_detenido','updated',6,'App\\Models\\User',1,'{\"attributes\":{\"nombre\":\"sdfg\",\"alias\":\"sdfgsdfg\",\"identidad\":\"0632-1965-256845\",\"edad\":65,\"decomiso_id\":12,\"identificacion_id\":1,\"estructura_id\":1,\"ocupacion_id\":null,\"estado_civil_id\":3,\"pais_id\":87},\"old\":{\"nombre\":\"sdfg\",\"alias\":\"sdfgsdfg\",\"identidad\":\"0632-1965-256845\",\"edad\":65,\"decomiso_id\":12,\"identificacion_id\":1,\"estructura_id\":1,\"ocupacion_id\":4,\"estado_civil_id\":3,\"pais_id\":87}}',NULL,'2022-01-13 03:54:11','2022-01-13 03:54:11'),(552,'SuperAdmin','El usuario ha ingresado al sistema',NULL,'Login',NULL,'App\\Models\\User',1,'[]',NULL,'2022-01-14 10:28:08','2022-01-14 10:28:08'),(553,'SuperAdmin','El usuario ha ingresado al sistema',NULL,'Login',NULL,'App\\Models\\User',1,'[]',NULL,'2022-01-14 19:48:18','2022-01-14 19:48:18'),(554,'SuperAdmin','Se ha actualizado la droga','App\\Models\\Droga','updated',4,'App\\Models\\User',1,'{\"attributes\":{\"descripcion\":\"Coca\\u00ednaa\",\"tipo_droga_id\":1},\"old\":{\"descripcion\":\"Coca\\u00edna\",\"tipo_droga_id\":1}}',NULL,'2022-01-14 20:14:43','2022-01-14 20:14:43'),(555,'SuperAdmin','Se ha actualizado la droga','App\\Models\\Droga','updated',4,'App\\Models\\User',1,'{\"attributes\":{\"descripcion\":\"Coca\\u00edna\",\"tipo_droga_id\":1},\"old\":{\"descripcion\":\"Coca\\u00ednaa\",\"tipo_droga_id\":1}}',NULL,'2022-01-14 20:16:02','2022-01-14 20:16:02'),(556,'SuperAdmin','Se ha actualizado la droga','App\\Models\\Droga','updated',4,'App\\Models\\User',1,'{\"attributes\":{\"descripcion\":\"Coca\\u00ednaa\",\"tipo_droga_id\":1},\"old\":{\"descripcion\":\"Coca\\u00edna\",\"tipo_droga_id\":1}}',NULL,'2022-01-14 20:16:30','2022-01-14 20:16:30'),(557,'SuperAdmin','Se ha actualizado la droga','App\\Models\\Droga','updated',4,'App\\Models\\User',1,'{\"attributes\":{\"descripcion\":\"Coca\\u00edna\",\"tipo_droga_id\":1},\"old\":{\"descripcion\":\"Coca\\u00ednaa\",\"tipo_droga_id\":1}}',NULL,'2022-01-14 20:16:51','2022-01-14 20:16:51'),(558,'SuperAdmin','Se ha actualizado el detenido','App\\Models\\decomiso_detenido','updated',6,'App\\Models\\User',1,'{\"attributes\":{\"nombre\":\"sdfg44\",\"alias\":\"sdfgsdfg\",\"identidad\":\"0632-1965-256845\",\"edad\":65,\"decomiso_id\":12,\"identificacion_id\":1,\"estructura_id\":1,\"ocupacion_id\":4,\"estado_civil_id\":3,\"pais_id\":87},\"old\":{\"nombre\":\"sdfg\",\"alias\":\"sdfgsdfg\",\"identidad\":\"0632-1965-256845\",\"edad\":65,\"decomiso_id\":12,\"identificacion_id\":1,\"estructura_id\":1,\"ocupacion_id\":4,\"estado_civil_id\":3,\"pais_id\":87}}',NULL,'2022-01-14 23:24:20','2022-01-14 23:24:20'),(559,'SuperAdmin','El usuario ha ingresado al sistema',NULL,'Login',NULL,'App\\Models\\User',1,'[]',NULL,'2022-01-15 02:50:01','2022-01-15 02:50:01'),(560,'SuperAdmin','Se ha actualizado el detenido','App\\Models\\decomiso_detenido','updated',6,'App\\Models\\User',1,'{\"attributes\":{\"nombre\":\"sdfg44\",\"alias\":\"sdfgsdfg\",\"identidad\":\"0632-1965-256845\",\"edad\":65,\"decomiso_id\":12,\"identificacion_id\":1,\"estructura_id\":1,\"ocupacion_id\":3,\"estado_civil_id\":3,\"pais_id\":87},\"old\":{\"nombre\":\"sdfg44\",\"alias\":\"sdfgsdfg\",\"identidad\":\"0632-1965-256845\",\"edad\":65,\"decomiso_id\":12,\"identificacion_id\":1,\"estructura_id\":1,\"ocupacion_id\":4,\"estado_civil_id\":3,\"pais_id\":87}}',NULL,'2022-01-15 04:12:27','2022-01-15 04:12:27'),(561,'SuperAdmin','Se ha borrado la droga','App\\Models\\Droga','deleted',9,'App\\Models\\User',1,'{\"old\":{\"descripcion\":\"otra droga 3\",\"tipo_droga_id\":1}}',NULL,'2022-01-15 04:20:44','2022-01-15 04:20:44'),(562,'SuperAdmin','El usuario ha ingresado al sistema',NULL,'Login',NULL,'App\\Models\\User',1,'[]',NULL,'2022-01-17 20:44:46','2022-01-17 20:44:46'),(563,'SuperAdmin','Se ha borrado el precursor','App\\Models\\Precursor','deleted',3,'App\\Models\\User',1,'{\"old\":{\"descripcion\":\"Dietilamina\",\"presentacion\":null}}',NULL,'2022-01-17 20:59:30','2022-01-17 20:59:30'),(564,'SuperAdmin','El usuario ha ingresado al sistema',NULL,'Login',NULL,'App\\Models\\User',1,'[]',NULL,'2022-01-18 04:59:44','2022-01-18 04:59:44'),(565,'SuperAdmin','Se ha borrado el arma','App\\Models\\Arma','deleted',5,'App\\Models\\User',1,'{\"old\":{\"descripcion\":\"m-16\"}}',NULL,'2022-01-18 05:57:03','2022-01-18 05:57:03'),(566,'SuperAdmin','El usuario ha ingresado al sistema',NULL,'Login',NULL,'App\\Models\\User',1,'[]',NULL,'2022-01-18 10:14:20','2022-01-18 10:14:20'),(567,'SuperAdmin','Se ha actualizado el detenido','App\\Models\\decomiso_detenido','updated',6,'App\\Models\\User',1,'{\"attributes\":{\"nombre\":\"sdfg44\",\"alias\":\"sdfgsdfg\",\"identidad\":\"0632-1965-256845\",\"edad\":99,\"decomiso_id\":12,\"identificacion_id\":1,\"estructura_id\":1,\"ocupacion_id\":4,\"estado_civil_id\":4,\"pais_id\":87},\"old\":{\"nombre\":\"sdfg44\",\"alias\":\"sdfgsdfg\",\"identidad\":\"0632-1965-256845\",\"edad\":65,\"decomiso_id\":12,\"identificacion_id\":1,\"estructura_id\":1,\"ocupacion_id\":4,\"estado_civil_id\":4,\"pais_id\":87}}',NULL,'2022-01-18 10:33:34','2022-01-18 10:33:34'),(568,'SuperAdmin','Se ha creado el transporte','App\\Models\\decomiso_transporte','created',8,'App\\Models\\User',1,'{\"attributes\":{\"tipo\":\"Terrestre\",\"marca\":\"Toyota\",\"modelo\":\"Corolla\",\"color\":\"verde\",\"placa\":\"MID-9853\",\"decomiso_id\":12,\"pais_pro_id\":18,\"pais_des_id\":17,\"dep_pro_id\":null,\"dep_des_id\":null,\"mun_pro_id\":null,\"mun_des_id\":null}}',NULL,'2022-01-18 10:55:38','2022-01-18 10:55:38'),(569,'SuperAdmin','Se ha actualizado el transporte','App\\Models\\decomiso_transporte','updated',8,'App\\Models\\User',1,'{\"attributes\":{\"tipo\":\"Terrestre\",\"marca\":\"Toyota\",\"modelo\":\"Corolla\",\"color\":\"verde\",\"placa\":\"MID-9853\",\"decomiso_id\":12,\"pais_pro_id\":88,\"pais_des_id\":17,\"dep_pro_id\":null,\"dep_des_id\":null,\"mun_pro_id\":null,\"mun_des_id\":null},\"old\":{\"tipo\":\"Terrestre\",\"marca\":\"Toyota\",\"modelo\":\"Corolla\",\"color\":\"verde\",\"placa\":\"MID-9853\",\"decomiso_id\":12,\"pais_pro_id\":18,\"pais_des_id\":17,\"dep_pro_id\":null,\"dep_des_id\":null,\"mun_pro_id\":null,\"mun_des_id\":null}}',NULL,'2022-01-18 10:56:08','2022-01-18 10:56:08'),(570,'SuperAdmin','Se ha actualizado el transporte','App\\Models\\decomiso_transporte','updated',8,'App\\Models\\User',1,'{\"attributes\":{\"tipo\":\"Terrestre\",\"marca\":\"Toyota\",\"modelo\":\"Corolla\",\"color\":\"verde\",\"placa\":\"MID-9853\",\"decomiso_id\":12,\"pais_pro_id\":87,\"pais_des_id\":82,\"dep_pro_id\":16,\"dep_des_id\":null,\"mun_pro_id\":267,\"mun_des_id\":null},\"old\":{\"tipo\":\"Terrestre\",\"marca\":\"Toyota\",\"modelo\":\"Corolla\",\"color\":\"verde\",\"placa\":\"MID-9853\",\"decomiso_id\":12,\"pais_pro_id\":88,\"pais_des_id\":17,\"dep_pro_id\":null,\"dep_des_id\":null,\"mun_pro_id\":null,\"mun_des_id\":null}}',NULL,'2022-01-18 10:56:36','2022-01-18 10:56:36'),(571,'SuperAdmin','Se ha actualizado el transporte','App\\Models\\decomiso_transporte','updated',8,'App\\Models\\User',1,'{\"attributes\":{\"tipo\":\"Terrestre\",\"marca\":\"Toyota\",\"modelo\":\"Corolla\",\"color\":\"verde\",\"placa\":\"MID-9853\",\"decomiso_id\":12,\"pais_pro_id\":87,\"pais_des_id\":87,\"dep_pro_id\":16,\"dep_des_id\":8,\"mun_pro_id\":267,\"mun_des_id\":122},\"old\":{\"tipo\":\"Terrestre\",\"marca\":\"Toyota\",\"modelo\":\"Corolla\",\"color\":\"verde\",\"placa\":\"MID-9853\",\"decomiso_id\":12,\"pais_pro_id\":87,\"pais_des_id\":82,\"dep_pro_id\":16,\"dep_des_id\":null,\"mun_pro_id\":267,\"mun_des_id\":null}}',NULL,'2022-01-18 10:57:01','2022-01-18 10:57:01'),(572,'SuperAdmin','Se ha actualizado el transporte','App\\Models\\decomiso_transporte','updated',8,'App\\Models\\User',1,'{\"attributes\":{\"tipo\":\"Terrestre\",\"marca\":\"Toyota\",\"modelo\":\"Corolla\",\"color\":\"verde\",\"placa\":\"MID-9853\",\"decomiso_id\":12,\"pais_pro_id\":87,\"pais_des_id\":85,\"dep_pro_id\":16,\"dep_des_id\":null,\"mun_pro_id\":267,\"mun_des_id\":null},\"old\":{\"tipo\":\"Terrestre\",\"marca\":\"Toyota\",\"modelo\":\"Corolla\",\"color\":\"verde\",\"placa\":\"MID-9853\",\"decomiso_id\":12,\"pais_pro_id\":87,\"pais_des_id\":87,\"dep_pro_id\":16,\"dep_des_id\":8,\"mun_pro_id\":267,\"mun_des_id\":122}}',NULL,'2022-01-18 10:57:15','2022-01-18 10:57:15'),(573,'SuperAdmin','Se ha actualizado el decomiso','App\\Models\\Decomiso','updated',12,'App\\Models\\User',1,'{\"attributes\":{\"fecha\":\"2021-11-02\",\"observacion\":\"dtyjdgh\",\"direccion\":\"dfghdfg\",\"municipio_id\":31,\"institucion_id\":3},\"old\":{\"fecha\":\"2021-11-05\",\"observacion\":\"dtyjdgh\",\"direccion\":\"dfghdfg\",\"municipio_id\":31,\"institucion_id\":3}}',NULL,'2022-01-18 10:58:07','2022-01-18 10:58:07'),(574,'SuperAdmin','Se ha actualizado el decomiso','App\\Models\\Decomiso','updated',12,'App\\Models\\User',1,'{\"attributes\":{\"fecha\":\"2021-11-02\",\"observacion\":\"vbnv\",\"direccion\":\"dfghdfg\",\"municipio_id\":31,\"institucion_id\":3},\"old\":{\"fecha\":\"2021-11-02\",\"observacion\":\"dtyjdgh\",\"direccion\":\"dfghdfg\",\"municipio_id\":31,\"institucion_id\":3}}',NULL,'2022-01-18 10:58:20','2022-01-18 10:58:20'),(575,'SuperAdmin','Se ha creado la institución','App\\Models\\Institucion','created',4,'App\\Models\\User',1,'{\"attributes\":{\"descripcion\":null,\"contacto\":\"Jose Raudales\",\"telefono\":\"3265-8569\"}}',NULL,'2022-01-18 10:59:51','2022-01-18 10:59:51'),(576,'SuperAdmin','Se ha actualizado el decomiso','App\\Models\\Decomiso','updated',12,'App\\Models\\User',1,'{\"attributes\":{\"fecha\":\"2021-11-02\",\"observacion\":\"vbnv\",\"direccion\":\"dfghdfg\",\"municipio_id\":31,\"institucion_id\":4},\"old\":{\"fecha\":\"2021-11-02\",\"observacion\":\"vbnv\",\"direccion\":\"dfghdfg\",\"municipio_id\":31,\"institucion_id\":3}}',NULL,'2022-01-18 11:00:04','2022-01-18 11:00:04'),(577,'SuperAdmin','Se ha borrado la institución','App\\Models\\Institucion','deleted',4,'App\\Models\\User',1,'{\"old\":{\"descripcion\":null,\"contacto\":\"Jose Raudales\",\"telefono\":\"3265-8569\"}}',NULL,'2022-01-18 11:12:22','2022-01-18 11:12:22'),(578,'SuperAdmin','Se ha actualizado el decomiso','App\\Models\\Decomiso','updated',12,'App\\Models\\User',1,'{\"attributes\":{\"fecha\":\"2021-11-02\",\"observacion\":\"vbnv\",\"direccion\":\"dfghdfg4\",\"municipio_id\":31,\"institucion_id\":4},\"old\":{\"fecha\":\"2021-11-02\",\"observacion\":\"vbnv\",\"direccion\":\"dfghdfg\",\"municipio_id\":31,\"institucion_id\":4}}',NULL,'2022-01-18 11:14:23','2022-01-18 11:14:23'),(579,'SuperAdmin','Se ha actualizado el decomiso','App\\Models\\Decomiso','updated',12,'App\\Models\\User',1,'{\"attributes\":{\"fecha\":\"2021-11-02\",\"observacion\":\"vbnv\",\"direccion\":\"dfghdfg4\",\"municipio_id\":31,\"institucion_id\":3},\"old\":{\"fecha\":\"2021-11-02\",\"observacion\":\"vbnv\",\"direccion\":\"dfghdfg4\",\"municipio_id\":31,\"institucion_id\":4}}',NULL,'2022-01-18 11:14:31','2022-01-18 11:14:31'),(580,'SuperAdmin','Se ha actualizado el decomiso','App\\Models\\Decomiso','updated',12,'App\\Models\\User',1,'{\"attributes\":{\"fecha\":\"2021-08-06\",\"observacion\":\"vbnv\",\"direccion\":\"dfghdfg4\",\"municipio_id\":31,\"institucion_id\":3},\"old\":{\"fecha\":\"2021-11-02\",\"observacion\":\"vbnv\",\"direccion\":\"dfghdfg4\",\"municipio_id\":31,\"institucion_id\":3}}',NULL,'2022-01-18 11:22:27','2022-01-18 11:22:27'),(581,'SuperAdmin','Se ha actualizado el decomiso','App\\Models\\Decomiso','updated',12,'App\\Models\\User',1,'{\"attributes\":{\"fecha\":\"2021-07-01\",\"observacion\":\"fxhxgh\",\"direccion\":\"dfghdfg4\",\"municipio_id\":31,\"institucion_id\":3},\"old\":{\"fecha\":\"2021-08-06\",\"observacion\":\"vbnv\",\"direccion\":\"dfghdfg4\",\"municipio_id\":31,\"institucion_id\":3}}',NULL,'2022-01-18 11:22:59','2022-01-18 11:22:59'),(582,'SuperAdmin','El usuario ha ingresado al sistema',NULL,'Login',NULL,'App\\Models\\User',1,'[]',NULL,'2022-01-18 19:52:32','2022-01-18 19:52:32'),(583,'SuperAdmin','El usuario ha cerrado sesión',NULL,'Logout',NULL,'App\\Models\\User',1,'[]',NULL,'2022-01-18 19:54:48','2022-01-18 19:54:48'),(584,'SuperAdmin','El usuario ha ingresado al sistema',NULL,'Login',NULL,'App\\Models\\User',1,'[]',NULL,'2022-01-20 12:42:51','2022-01-20 12:42:51'),(585,'SuperAdmin','El usuario ha cerrado sesión',NULL,'Logout',NULL,'App\\Models\\User',1,'[]',NULL,'2022-01-20 12:43:29','2022-01-20 12:43:29'),(586,'SuperAdmin','El usuario ha ingresado al sistema',NULL,'Login',NULL,'App\\Models\\User',1,'[]',NULL,'2022-01-20 12:44:11','2022-01-20 12:44:11'),(587,'SuperAdmin','El usuario ha cerrado sesión',NULL,'Logout',NULL,'App\\Models\\User',1,'[]',NULL,'2022-01-20 12:44:27','2022-01-20 12:44:27'),(588,'SuperAdmin','El usuario ha ingresado al sistema',NULL,'Login',NULL,'App\\Models\\User',1,'[]',NULL,'2022-01-20 12:45:57','2022-01-20 12:45:57'),(589,'SuperAdmin','El usuario ha cerrado sesión',NULL,'Logout',NULL,'App\\Models\\User',1,'[]',NULL,'2022-01-20 12:46:18','2022-01-20 12:46:18'),(590,'SuperAdmin','El usuario ha ingresado al sistema',NULL,'Login',NULL,'App\\Models\\User',1,'[]',NULL,'2022-01-20 12:48:52','2022-01-20 12:48:52'),(591,'SuperAdmin','El usuario ha cerrado sesión',NULL,'Logout',NULL,'App\\Models\\User',1,'[]',NULL,'2022-01-20 12:48:57','2022-01-20 12:48:57'),(592,'SuperAdmin','El usuario ha ingresado al sistema',NULL,'Login',NULL,'App\\Models\\User',1,'[]',NULL,'2022-01-20 12:52:41','2022-01-20 12:52:41'),(593,'SuperAdmin','El usuario ha cerrado sesión',NULL,'Logout',NULL,'App\\Models\\User',1,'[]',NULL,'2022-01-20 12:52:46','2022-01-20 12:52:46'),(594,'SuperAdmin','El usuario ha ingresado al sistema',NULL,'Login',NULL,'App\\Models\\User',1,'[]',NULL,'2022-01-20 12:55:51','2022-01-20 12:55:51'),(595,'SuperAdmin','El usuario ha cerrado sesión',NULL,'Logout',NULL,'App\\Models\\User',1,'[]',NULL,'2022-01-20 12:55:56','2022-01-20 12:55:56'),(596,'SuperAdmin','El usuario ha ingresado al sistema',NULL,'Login',NULL,'App\\Models\\User',1,'[]',NULL,'2022-01-20 12:57:33','2022-01-20 12:57:33'),(597,'SuperAdmin','El usuario ha cerrado sesión',NULL,'Logout',NULL,'App\\Models\\User',1,'[]',NULL,'2022-01-20 12:57:38','2022-01-20 12:57:38'),(598,'SuperAdmin','El usuario ha ingresado al sistema',NULL,'Login',NULL,'App\\Models\\User',1,'[]',NULL,'2022-01-20 13:09:20','2022-01-20 13:09:20'),(599,'SuperAdmin','El usuario ha cerrado sesión',NULL,'Logout',NULL,'App\\Models\\User',1,'[]',NULL,'2022-01-20 13:13:35','2022-01-20 13:13:35'),(600,'SuperAdmin','El usuario ha ingresado al sistema',NULL,'Login',NULL,'App\\Models\\User',1,'[]',NULL,'2022-01-20 13:13:56','2022-01-20 13:13:56'),(601,'SuperAdmin','El usuario ha cerrado sesión',NULL,'Logout',NULL,'App\\Models\\User',1,'[]',NULL,'2022-01-20 13:14:09','2022-01-20 13:14:09'),(602,'SuperAdmin','El usuario ha ingresado al sistema',NULL,'Login',NULL,'App\\Models\\User',1,'[]',NULL,'2022-01-20 13:14:24','2022-01-20 13:14:24'),(603,'SuperAdmin','El usuario ha cerrado sesión',NULL,'Logout',NULL,'App\\Models\\User',1,'[]',NULL,'2022-01-20 13:14:33','2022-01-20 13:14:33'),(604,'SuperAdmin','El usuario ha ingresado al sistema',NULL,'Login',NULL,'App\\Models\\User',1,'[]',NULL,'2022-01-20 13:15:12','2022-01-20 13:15:12'),(605,'SuperAdmin','El usuario ha cerrado sesión',NULL,'Logout',NULL,'App\\Models\\User',1,'[]',NULL,'2022-01-20 13:15:26','2022-01-20 13:15:26'),(606,'SuperAdmin','El usuario ha ingresado al sistema',NULL,'Login',NULL,'App\\Models\\User',1,'[]',NULL,'2022-01-20 13:16:34','2022-01-20 13:16:34'),(607,'SuperAdmin','El usuario ha cerrado sesión',NULL,'Logout',NULL,'App\\Models\\User',1,'[]',NULL,'2022-01-20 13:17:08','2022-01-20 13:17:08'),(608,'SuperAdmin','El usuario ha ingresado al sistema',NULL,'Login',NULL,'App\\Models\\User',1,'[]',NULL,'2022-01-20 13:17:53','2022-01-20 13:17:53'),(609,'SuperAdmin','El usuario ha cerrado sesión',NULL,'Logout',NULL,'App\\Models\\User',1,'[]',NULL,'2022-01-20 13:18:03','2022-01-20 13:18:03'),(610,'SuperAdmin','El usuario ha ingresado al sistema',NULL,'Login',NULL,'App\\Models\\User',1,'[]',NULL,'2022-01-20 13:24:52','2022-01-20 13:24:52'),(611,'SuperAdmin','El usuario ha cerrado sesión',NULL,'Logout',NULL,'App\\Models\\User',1,'[]',NULL,'2022-01-20 13:35:46','2022-01-20 13:35:46'),(612,'SuperAdmin','El usuario ha ingresado al sistema',NULL,'Login',NULL,'App\\Models\\User',1,'[]',NULL,'2022-01-20 13:36:58','2022-01-20 13:36:58'),(613,'SuperAdmin','El usuario ha cerrado sesión',NULL,'Logout',NULL,'App\\Models\\User',1,'[]',NULL,'2022-01-20 13:39:39','2022-01-20 13:39:39'),(614,'SuperAdmin','El usuario ha ingresado al sistema',NULL,'Login',NULL,'App\\Models\\User',1,'[]',NULL,'2022-01-20 13:40:00','2022-01-20 13:40:00'),(615,'SuperAdmin','El usuario ha cerrado sesión',NULL,'Logout',NULL,'App\\Models\\User',1,'[]',NULL,'2022-01-20 13:40:09','2022-01-20 13:40:09'),(616,'SuperAdmin','El usuario ha ingresado al sistema',NULL,'Login',NULL,'App\\Models\\User',1,'[]',NULL,'2022-01-20 13:43:32','2022-01-20 13:43:32'),(617,'SuperAdmin','El usuario ha cerrado sesión',NULL,'Logout',NULL,'App\\Models\\User',1,'[]',NULL,'2022-01-20 13:43:38','2022-01-20 13:43:38'),(618,'SuperAdmin','El usuario ha ingresado al sistema',NULL,'Login',NULL,'App\\Models\\User',1,'[]',NULL,'2022-01-20 13:48:37','2022-01-20 13:48:37'),(619,'SuperAdmin','El usuario ha cerrado sesión',NULL,'Logout',NULL,'App\\Models\\User',1,'[]',NULL,'2022-01-20 13:48:43','2022-01-20 13:48:43'),(620,'SuperAdmin','El usuario ha ingresado al sistema',NULL,'Login',NULL,'App\\Models\\User',1,'[]',NULL,'2022-01-20 13:50:57','2022-01-20 13:50:57'),(621,'SuperAdmin','El usuario ha cerrado sesión',NULL,'Logout',NULL,'App\\Models\\User',1,'[]',NULL,'2022-01-20 14:02:39','2022-01-20 14:02:39'),(622,'SuperAdmin','El usuario ha ingresado al sistema',NULL,'Login',NULL,'App\\Models\\User',1,'[]',NULL,'2022-01-20 14:07:41','2022-01-20 14:07:41'),(623,'SuperAdmin','El usuario ha cerrado sesión',NULL,'Logout',NULL,'App\\Models\\User',1,'[]',NULL,'2022-01-20 14:08:06','2022-01-20 14:08:06'),(624,'SuperAdmin','El usuario ha ingresado al sistema',NULL,'Login',NULL,'App\\Models\\User',1,'[]',NULL,'2022-01-21 03:56:58','2022-01-21 03:56:58'),(625,'SuperAdmin','El usuario ha ingresado al sistema',NULL,'Login',NULL,'App\\Models\\User',1,'[]',NULL,'2022-01-21 10:02:41','2022-01-21 10:02:41'),(626,'SuperAdmin','El usuario ha cerrado sesión',NULL,'Logout',NULL,'App\\Models\\User',1,'[]',NULL,'2022-01-21 10:10:59','2022-01-21 10:10:59'),(627,'SuperAdmin','El usuario ha ingresado al sistema',NULL,'Login',NULL,'App\\Models\\User',1,'[]',NULL,'2022-01-21 10:11:04','2022-01-21 10:11:04'),(628,'SuperAdmin','Se ha actualizado el usuario','App\\Models\\User','updated',4,'App\\Models\\User',1,'{\"attributes\":{\"name\":\"visualizador01\",\"password\":\"$2y$10$zkIV2t3.KOefX.nbxcWDs.r5Wv0SlskFBEkSWOuGL744ZVqdls7M.\"},\"old\":{\"name\":\"visua\",\"password\":\"$2y$10$YCk1F1W59oLujbHrvbhqieSW8l.LCympW0PlReNQzgFKT1APZqv9W\"}}',NULL,'2022-01-21 12:27:00','2022-01-21 12:27:00'),(629,'SuperAdmin','Se ha actualizado el usuario','App\\Models\\User','updated',5,'App\\Models\\User',1,'{\"attributes\":{\"password\":\"$2y$10$vzzeW7lR1fbUofUUvW5K.uc.dWsZX8kH4knQ0aUzkHlQIB5q4tUn.\"},\"old\":{\"password\":\"$2y$10$CvplGzrdkJlPjkfwTgRI1OgDj1R4ilEfhA5Rs3tvuMKagxtN1gO9e\"}}',NULL,'2022-01-21 12:28:54','2022-01-21 12:28:54'),(630,'SuperAdmin','Se ha actualizado el usuario','App\\Models\\User','updated',5,'App\\Models\\User',1,'{\"attributes\":{\"name\":\"digitador01\",\"password\":\"$2y$10$DbSEkZ31A1TXNBZccaQ7fuaPr40QHaN2w2NtDhbxMoutvQLwZymYO\"},\"old\":{\"name\":\"digit\",\"password\":\"$2y$10$vzzeW7lR1fbUofUUvW5K.uc.dWsZX8kH4knQ0aUzkHlQIB5q4tUn.\"}}',NULL,'2022-01-21 12:29:06','2022-01-21 12:29:06'),(631,'SuperAdmin','Se ha actualizado el usuario','App\\Models\\User','updated',6,'App\\Models\\User',1,'{\"attributes\":{\"name\":\"generador01\",\"password\":\"$2y$10$MpxOXul5LBIv9lVVL5Bbiu32gR9L2oeEDq59p\\/C7eLdfGx7w82P6K\"},\"old\":{\"name\":\"gene\",\"password\":\"$2y$10$nh8y540H80uNHdVEflLUduxFCHYgy3Ze57BMVGmRXJPCZS53o6DJ.\"}}',NULL,'2022-01-21 12:29:28','2022-01-21 12:29:28'),(632,'SuperAdmin','Se ha actualizado el usuario','App\\Models\\User','updated',13,'App\\Models\\User',1,'{\"attributes\":{\"name\":\"administrador01\",\"password\":\"$2y$10$DMTgboxVvFG0SZdh9i9Weui5yjNBt9RypnbKYndCnYlkkdZ9cGpOS\"},\"old\":{\"name\":\"cris\",\"password\":\"$2y$10$qLsyGMyCdGP704Ekgd4mAukeCCSYA8o2odmbAiwQpdlgxN0iPiuG.\"}}',NULL,'2022-01-21 12:29:52','2022-01-21 12:29:52'),(633,'SuperAdmin','Se ha borrado el usuario','App\\Models\\User','deleted',25,'App\\Models\\User',1,'{\"old\":{\"name\":\"cris2522\",\"email\":\"cris_itg6sd@yahoo.es\",\"password\":\"$2y$10$ljyTQVqnegmcUSGDFMKKAuorgqVYE3xe4SftTb2OoYu1D2jfW8oFm\",\"two_factor_secret\":null}}',NULL,'2022-01-21 12:30:06','2022-01-21 12:30:06'),(634,'SuperAdmin','Se ha borrado el usuario','App\\Models\\User','deleted',26,'App\\Models\\User',1,'{\"old\":{\"name\":\"criswe2\",\"email\":\"cris_itgse333@yahoo.es\",\"password\":\"$2y$10$Fi3KdAd5oVH6HXodGeeVCeewy4crrBfESkrh50yuJtFC7ZS0Fd\\/ge\",\"two_factor_secret\":null}}',NULL,'2022-01-21 12:30:11','2022-01-21 12:30:11'),(635,'SuperAdmin','Se ha borrado el usuario','App\\Models\\User','deleted',34,'App\\Models\\User',1,'{\"old\":{\"name\":\"crisjj99\",\"email\":\"cris_it999g@yahoo.es\",\"password\":\"$2y$10$IWQeTs2EI4NODze5DoLHs.658rHrukCwCbJGnX8tDS0iBo4etKroW\",\"two_factor_secret\":null}}',NULL,'2022-01-21 12:30:15','2022-01-21 12:30:15'),(636,'SuperAdmin','Se ha creado el usuario','App\\Models\\User','created',35,'App\\Models\\User',1,'{\"attributes\":{\"name\":\"prueba\",\"email\":\"cris_itg@gmail.com\",\"password\":\"$2y$10$6IVYKFpLN5n5NmAiuHQClOGnzzwQRKtICRQEHRCJIn\\/DEFhejNwpm\",\"two_factor_secret\":null}}',NULL,'2022-01-21 12:32:55','2022-01-21 12:32:55'),(637,'SuperAdmin','Se ha actualizado el usuario','App\\Models\\User','updated',35,'App\\Models\\User',1,'{\"attributes\":{\"name\":\"visualizador02\",\"password\":\"$2y$10$qwJ9s2z3ay4BDmb1EtAJ4ONPMQULiAWUNZWAw\\/CDE3jrGZF998p02\"},\"old\":{\"name\":\"prueba\",\"password\":\"$2y$10$6IVYKFpLN5n5NmAiuHQClOGnzzwQRKtICRQEHRCJIn\\/DEFhejNwpm\"}}',NULL,'2022-01-21 12:33:38','2022-01-21 12:33:38'),(638,'SuperAdmin','Se le ha asignado el rol de: Visualizador, Generador al usuario con id: 35','App\\Models\\User','actualizado',35,'App\\Models\\User',1,'{\"attributes\":{\"role_id\":\"2, 4\",\"model_id\":35},\"old\":{\"role_id\":\"\",\"model_id\":35}}',NULL,'2022-01-21 12:33:53','2022-01-21 12:33:53'),(639,'SuperAdmin','Se ha borrado el rol','Spatie\\Permission\\Models\\Role','deleted',18,'App\\Models\\User',1,'{\"old\":{\"name\":\"algun rol23\"}}',NULL,'2022-01-21 12:35:46','2022-01-21 12:35:46'),(640,'SuperAdmin','Se ha borrado el rol','Spatie\\Permission\\Models\\Role','deleted',10,'App\\Models\\User',1,'{\"old\":{\"name\":\"prueba\"}}',NULL,'2022-01-21 12:35:53','2022-01-21 12:35:53'),(641,'SuperAdmin','Se ha borrado el permiso','Spatie\\Permission\\Models\\Permission','deleted',18,'App\\Models\\User',1,'{\"old\":{\"name\":\"otro permiso23\"}}',NULL,'2022-01-21 12:36:36','2022-01-21 12:36:36'),(642,'SuperAdmin','Se ha creado el permiso','Spatie\\Permission\\Models\\Permission','created',21,'App\\Models\\User',1,'{\"attributes\":{\"name\":\"ver seguridad\"}}',NULL,'2022-01-21 12:57:45','2022-01-21 12:57:45'),(643,'SuperAdmin','Se ha creado el permiso','Spatie\\Permission\\Models\\Permission','created',22,'App\\Models\\User',1,'{\"attributes\":{\"name\":\"ver bitacora\"}}',NULL,'2022-01-21 12:59:10','2022-01-21 12:59:10'),(644,'SuperAdmin','Se ha creado el permiso','Spatie\\Permission\\Models\\Permission','created',23,'App\\Models\\User',1,'{\"attributes\":{\"name\":\"ver respaldo\"}}',NULL,'2022-01-21 12:59:39','2022-01-21 12:59:39'),(645,'SuperAdmin','Se ha creado el permiso','Spatie\\Permission\\Models\\Permission','created',24,'App\\Models\\User',1,'{\"attributes\":{\"name\":\"manejar decomisos\"}}',NULL,'2022-01-21 13:00:51','2022-01-21 13:00:51'),(646,'SuperAdmin','Se ha creado el permiso','Spatie\\Permission\\Models\\Permission','created',25,'App\\Models\\User',1,'{\"attributes\":{\"name\":\"ver decomisos\"}}',NULL,'2022-01-21 13:01:08','2022-01-21 13:01:08'),(647,'SuperAdmin','Se ha creado el permiso','Spatie\\Permission\\Models\\Permission','created',26,'App\\Models\\User',1,'{\"attributes\":{\"name\":\"crear decomiso\"}}',NULL,'2022-01-21 13:01:20','2022-01-21 13:01:20'),(648,'SuperAdmin','Se ha creado el permiso','Spatie\\Permission\\Models\\Permission','created',27,'App\\Models\\User',1,'{\"attributes\":{\"name\":\"ver graficas\"}}',NULL,'2022-01-21 13:03:01','2022-01-21 13:03:01'),(649,'SuperAdmin','Se ha creado el permiso','Spatie\\Permission\\Models\\Permission','created',28,'App\\Models\\User',1,'{\"attributes\":{\"name\":\"ver mapas\"}}',NULL,'2022-01-21 13:03:20','2022-01-21 13:03:20'),(650,'SuperAdmin','Se ha creado el permiso','Spatie\\Permission\\Models\\Permission','created',29,'App\\Models\\User',1,'{\"attributes\":{\"name\":\"ver informes\"}}',NULL,'2022-01-21 13:03:36','2022-01-21 13:03:36'),(651,'SuperAdmin','Se ha actualizado el permiso','Spatie\\Permission\\Models\\Permission','updated',27,'App\\Models\\User',1,'{\"attributes\":{\"name\":\"crear graficas\"},\"old\":{\"name\":\"ver graficas\"}}',NULL,'2022-01-21 13:04:12','2022-01-21 13:04:12'),(652,'SuperAdmin','Se ha actualizado el permiso','Spatie\\Permission\\Models\\Permission','updated',28,'App\\Models\\User',1,'{\"attributes\":{\"name\":\"crear mapas\"},\"old\":{\"name\":\"ver mapas\"}}',NULL,'2022-01-21 13:04:21','2022-01-21 13:04:21'),(653,'SuperAdmin','Se ha actualizado el permiso','Spatie\\Permission\\Models\\Permission','updated',29,'App\\Models\\User',1,'{\"attributes\":{\"name\":\"crear informes\"},\"old\":{\"name\":\"ver informes\"}}',NULL,'2022-01-21 13:04:30','2022-01-21 13:04:30'),(654,'SuperAdmin','Se ha creado el permiso','Spatie\\Permission\\Models\\Permission','created',30,'App\\Models\\User',1,'{\"attributes\":{\"name\":\"ver informe drogas\"}}',NULL,'2022-01-21 13:05:53','2022-01-21 13:05:53'),(655,'SuperAdmin','Se ha creado el permiso','Spatie\\Permission\\Models\\Permission','created',31,'App\\Models\\User',1,'{\"attributes\":{\"name\":\"ver informe precursores\"}}',NULL,'2022-01-21 13:06:06','2022-01-21 13:06:06'),(656,'SuperAdmin','Se ha creado el permiso','Spatie\\Permission\\Models\\Permission','created',32,'App\\Models\\User',1,'{\"attributes\":{\"name\":\"ver informe armas\"}}',NULL,'2022-01-21 13:06:25','2022-01-21 13:06:25'),(657,'SuperAdmin','Se ha creado el permiso','Spatie\\Permission\\Models\\Permission','created',33,'App\\Models\\User',1,'{\"attributes\":{\"name\":\"ver informe municiones\"}}',NULL,'2022-01-21 13:06:41','2022-01-21 13:06:41'),(658,'SuperAdmin','Se ha creado el permiso','Spatie\\Permission\\Models\\Permission','created',34,'App\\Models\\User',1,'{\"attributes\":{\"name\":\"ver informe transportes\"}}',NULL,'2022-01-21 13:06:59','2022-01-21 13:06:59'),(659,'SuperAdmin','Se ha creado el permiso','Spatie\\Permission\\Models\\Permission','created',35,'App\\Models\\User',1,'{\"attributes\":{\"name\":\"ver informe detenidos\"}}',NULL,'2022-01-21 13:07:14','2022-01-21 13:07:14'),(660,'SuperAdmin','Se ha creado el permiso','Spatie\\Permission\\Models\\Permission','created',36,'App\\Models\\User',1,'{\"attributes\":{\"name\":\"ver parametros\"}}',NULL,'2022-01-21 13:08:12','2022-01-21 13:08:12'),(661,'SuperAdmin','Se ha creado el permiso','Spatie\\Permission\\Models\\Permission','created',37,'App\\Models\\User',1,'{\"attributes\":{\"name\":\"crear Tipo de droga\"}}',NULL,'2022-01-21 13:09:59','2022-01-21 13:09:59'),(662,'SuperAdmin','Se ha creado el permiso','Spatie\\Permission\\Models\\Permission','created',38,'App\\Models\\User',1,'{\"attributes\":{\"name\":\"ver presentaciones droga\"}}',NULL,'2022-01-21 13:10:21','2022-01-21 13:10:21'),(663,'SuperAdmin','Se ha creado el permiso','Spatie\\Permission\\Models\\Permission','created',39,'App\\Models\\User',1,'{\"attributes\":{\"name\":\"crear presentaciones droga\"}}',NULL,'2022-01-21 13:10:33','2022-01-21 13:10:33'),(664,'SuperAdmin','Se ha creado el permiso','Spatie\\Permission\\Models\\Permission','created',40,'App\\Models\\User',1,'{\"attributes\":{\"name\":\"ver presentaciones precursor\"}}',NULL,'2022-01-21 13:11:07','2022-01-21 13:11:07'),(665,'SuperAdmin','Se ha creado el permiso','Spatie\\Permission\\Models\\Permission','created',41,'App\\Models\\User',1,'{\"attributes\":{\"name\":\"crear presentaciones precursor\"}}',NULL,'2022-01-21 13:11:19','2022-01-21 13:11:19'),(666,'SuperAdmin','Se ha creado el permiso','Spatie\\Permission\\Models\\Permission','created',42,'App\\Models\\User',1,'{\"attributes\":{\"name\":\"ver precursor\"}}',NULL,'2022-01-21 13:11:48','2022-01-21 13:11:48'),(667,'SuperAdmin','Se ha creado el permiso','Spatie\\Permission\\Models\\Permission','created',43,'App\\Models\\User',1,'{\"attributes\":{\"name\":\"crear precursor\"}}',NULL,'2022-01-21 13:12:05','2022-01-21 13:12:05'),(668,'SuperAdmin','Se ha actualizado el permiso','Spatie\\Permission\\Models\\Permission','updated',20,'App\\Models\\User',1,'{\"attributes\":{\"name\":\"ver armas\"},\"old\":{\"name\":\"ver Armas\"}}',NULL,'2022-01-21 13:12:34','2022-01-21 13:12:34'),(669,'SuperAdmin','Se ha creado el permiso','Spatie\\Permission\\Models\\Permission','created',44,'App\\Models\\User',1,'{\"attributes\":{\"name\":\"crear arma\"}}',NULL,'2022-01-21 13:12:51','2022-01-21 13:12:51'),(670,'SuperAdmin','Se ha creado el permiso','Spatie\\Permission\\Models\\Permission','created',45,'App\\Models\\User',1,'{\"attributes\":{\"name\":\"ver municiones\"}}',NULL,'2022-01-21 13:13:16','2022-01-21 13:13:16'),(671,'SuperAdmin','Se ha creado el permiso','Spatie\\Permission\\Models\\Permission','created',46,'App\\Models\\User',1,'{\"attributes\":{\"name\":\"crear municion\"}}',NULL,'2022-01-21 13:13:29','2022-01-21 13:13:29'),(672,'SuperAdmin','Se ha creado el permiso','Spatie\\Permission\\Models\\Permission','created',47,'App\\Models\\User',1,'{\"attributes\":{\"name\":\"ver identificaciones\"}}',NULL,'2022-01-21 13:13:53','2022-01-21 13:13:53'),(673,'SuperAdmin','Se ha creado el permiso','Spatie\\Permission\\Models\\Permission','created',48,'App\\Models\\User',1,'{\"attributes\":{\"name\":\"crear identificacion\"}}',NULL,'2022-01-21 13:14:04','2022-01-21 13:14:04'),(674,'SuperAdmin','Se ha creado el permiso','Spatie\\Permission\\Models\\Permission','created',49,'App\\Models\\User',1,'{\"attributes\":{\"name\":\"ver ocupaciones\"}}',NULL,'2022-01-21 13:14:26','2022-01-21 13:14:26'),(675,'SuperAdmin','Se ha creado el permiso','Spatie\\Permission\\Models\\Permission','created',50,'App\\Models\\User',1,'{\"attributes\":{\"name\":\"crear ocupacion\"}}',NULL,'2022-01-21 13:14:40','2022-01-21 13:14:40'),(676,'SuperAdmin','Se ha creado el permiso','Spatie\\Permission\\Models\\Permission','created',51,'App\\Models\\User',1,'{\"attributes\":{\"name\":\"ver estructuras\"}}',NULL,'2022-01-21 13:14:55','2022-01-21 13:14:55'),(677,'SuperAdmin','Se ha creado el permiso','Spatie\\Permission\\Models\\Permission','created',52,'App\\Models\\User',1,'{\"attributes\":{\"name\":\"crear estructura\"}}',NULL,'2022-01-21 13:15:06','2022-01-21 13:15:06'),(678,'SuperAdmin','Se ha creado el permiso','Spatie\\Permission\\Models\\Permission','created',53,'App\\Models\\User',1,'{\"attributes\":{\"name\":\"ver instituciones\"}}',NULL,'2022-01-21 13:15:36','2022-01-21 13:15:36'),(679,'SuperAdmin','Se ha creado el permiso','Spatie\\Permission\\Models\\Permission','created',54,'App\\Models\\User',1,'{\"attributes\":{\"name\":\"crear institucion\"}}',NULL,'2022-01-21 13:15:48','2022-01-21 13:15:48'),(680,'SuperAdmin','Se ha creado el permiso','Spatie\\Permission\\Models\\Permission','created',55,'App\\Models\\User',1,'{\"attributes\":{\"name\":\"ver drogas\"}}',NULL,'2022-01-21 13:16:43','2022-01-21 13:16:43'),(681,'SuperAdmin','Se ha creado el permiso','Spatie\\Permission\\Models\\Permission','created',56,'App\\Models\\User',1,'{\"attributes\":{\"name\":\"crear droga\"}}',NULL,'2022-01-21 13:16:56','2022-01-21 13:16:56'),(682,'SuperAdmin','Se ha creado el permiso','Spatie\\Permission\\Models\\Permission','created',57,'App\\Models\\User',1,'{\"attributes\":{\"name\":\"ver estados civiles\"}}',NULL,'2022-01-21 13:18:11','2022-01-21 13:18:11'),(683,'SuperAdmin','Se ha creado el permiso','Spatie\\Permission\\Models\\Permission','created',58,'App\\Models\\User',1,'{\"attributes\":{\"name\":\"crear estados civiles\"}}',NULL,'2022-01-21 13:18:22','2022-01-21 13:18:22'),(684,'SuperAdmin','Se ha creado el permiso','Spatie\\Permission\\Models\\Permission','created',59,'App\\Models\\User',1,'{\"attributes\":{\"name\":\"ver informacion\"}}',NULL,'2022-01-21 13:25:58','2022-01-21 13:25:58'),(685,'SuperAdmin','Se ha creado el permiso','Spatie\\Permission\\Models\\Permission','created',60,'App\\Models\\User',1,'{\"attributes\":{\"name\":\"editar decomisos\"}}',NULL,'2022-01-21 13:44:22','2022-01-21 13:44:22'),(686,'SuperAdmin','Se ha creado el permiso','Spatie\\Permission\\Models\\Permission','created',61,'App\\Models\\User',1,'{\"attributes\":{\"name\":\"borrar decomisos\"}}',NULL,'2022-01-21 13:44:34','2022-01-21 13:44:34'),(687,'SuperAdmin','El usuario ha cerrado sesión',NULL,'Logout',NULL,'App\\Models\\User',1,'[]',NULL,'2022-01-21 13:52:16','2022-01-21 13:52:16'),(688,'administrador01','El usuario ha ingresado al sistema',NULL,'Login',NULL,'App\\Models\\User',13,'[]',NULL,'2022-01-21 13:52:28','2022-01-21 13:52:28'),(689,'administrador01','El usuario ha cerrado sesión',NULL,'Logout',NULL,'App\\Models\\User',13,'[]',NULL,'2022-01-21 13:54:57','2022-01-21 13:54:57'),(690,'visualizador01','El usuario ha ingresado al sistema',NULL,'Login',NULL,'App\\Models\\User',4,'[]',NULL,'2022-01-21 13:55:07','2022-01-21 13:55:07'),(691,'visualizador01','El usuario ha cerrado sesión',NULL,'Logout',NULL,'App\\Models\\User',4,'[]',NULL,'2022-01-21 14:22:40','2022-01-21 14:22:40'),(692,'administrador01','El usuario ha ingresado al sistema',NULL,'Login',NULL,'App\\Models\\User',13,'[]',NULL,'2022-01-21 14:23:11','2022-01-21 14:23:11'),(693,'administrador01','Se ha actualizado el usuario','App\\Models\\User','updated',1,'App\\Models\\User',13,'{\"attributes\":{\"password\":\"$2y$10$njak08vHY9nPkSpdsV8QjO.nHw26aAu5wkV3uSzW7kIHwGXrb8bd2\"},\"old\":{\"password\":\"$2y$10$ztIwrpsFB8IME6M8fHAJXugNpiQuy8RHI3gX1sNA7F1u6F8gYq4y6\"}}',NULL,'2022-01-21 14:24:07','2022-01-21 14:24:07'),(694,'administrador01','El usuario ha cerrado sesión',NULL,'Logout',NULL,'App\\Models\\User',13,'[]',NULL,'2022-01-21 14:24:15','2022-01-21 14:24:15'),(695,'SuperAdmin','El usuario ha ingresado al sistema',NULL,'Login',NULL,'App\\Models\\User',1,'[]',NULL,'2022-01-21 14:24:21','2022-01-21 14:24:21'),(696,'SuperAdmin','El usuario ha cerrado sesión',NULL,'Logout',NULL,'App\\Models\\User',1,'[]',NULL,'2022-01-21 14:25:06','2022-01-21 14:25:06'),(697,'SuperAdmin','El usuario ha ingresado al sistema',NULL,'Login',NULL,'App\\Models\\User',1,'[]',NULL,'2022-01-21 14:25:13','2022-01-21 14:25:13'),(698,'SuperAdmin','Se ha actualizado el usuario','App\\Models\\User','updated',4,'App\\Models\\User',1,'{\"attributes\":{\"password\":\"$2y$10$iOZTiJW.5C5t95jw1HDF.uBpehpi4Dqv17fq.vwUI8HK5.abt.7o6\"},\"old\":{\"password\":\"$2y$10$zkIV2t3.KOefX.nbxcWDs.r5Wv0SlskFBEkSWOuGL744ZVqdls7M.\"}}',NULL,'2022-01-21 14:26:02','2022-01-21 14:26:02'),(699,'SuperAdmin','El usuario ha cerrado sesión',NULL,'Logout',NULL,'App\\Models\\User',1,'[]',NULL,'2022-01-21 14:26:12','2022-01-21 14:26:12'),(700,'visualizador01','El usuario ha ingresado al sistema',NULL,'Login',NULL,'App\\Models\\User',4,'[]',NULL,'2022-01-21 14:26:17','2022-01-21 14:26:17'),(701,'visualizador01','El usuario ha cerrado sesión',NULL,'Logout',NULL,'App\\Models\\User',4,'[]',NULL,'2022-01-21 14:28:01','2022-01-21 14:28:01'),(702,'visualizador02','El usuario ha ingresado al sistema',NULL,'Login',NULL,'App\\Models\\User',35,'[]',NULL,'2022-01-21 14:28:08','2022-01-21 14:28:08'),(703,'visualizador02','El usuario ha cerrado sesión',NULL,'Logout',NULL,'App\\Models\\User',35,'[]',NULL,'2022-01-21 14:28:14','2022-01-21 14:28:14'),(704,'administrador01','El usuario ha ingresado al sistema',NULL,'Login',NULL,'App\\Models\\User',13,'[]',NULL,'2022-01-21 14:28:22','2022-01-21 14:28:22'),(705,'administrador01','Se ha actualizado el usuario','App\\Models\\User','updated',1,'App\\Models\\User',13,'{\"attributes\":{\"password\":\"$2y$10$en5wqQlIH7\\/H.RU66IE3JOY8bbYx7pnPR9Rqy.ew3UnNeVw3cPgDq\"},\"old\":{\"password\":\"$2y$10$njak08vHY9nPkSpdsV8QjO.nHw26aAu5wkV3uSzW7kIHwGXrb8bd2\"}}',NULL,'2022-01-21 14:28:55','2022-01-21 14:28:55'),(706,'administrador01','El usuario ha cerrado sesión',NULL,'Logout',NULL,'App\\Models\\User',13,'[]',NULL,'2022-01-21 14:28:59','2022-01-21 14:28:59'),(707,'SuperAdmin','El usuario ha ingresado al sistema',NULL,'Login',NULL,'App\\Models\\User',1,'[]',NULL,'2022-01-21 14:29:05','2022-01-21 14:29:05'),(708,'SuperAdmin','El usuario ha cerrado sesión',NULL,'Logout',NULL,'App\\Models\\User',1,'[]',NULL,'2022-01-21 14:29:33','2022-01-21 14:29:33'),(709,'digitador01','El usuario ha ingresado al sistema',NULL,'Login',NULL,'App\\Models\\User',5,'[]',NULL,'2022-01-21 14:29:42','2022-01-21 14:29:42'),(710,'digitador01','El usuario ha cerrado sesión',NULL,'Logout',NULL,'App\\Models\\User',5,'[]',NULL,'2022-01-21 14:30:30','2022-01-21 14:30:30'),(711,'administrador01','El usuario ha ingresado al sistema',NULL,'Login',NULL,'App\\Models\\User',13,'[]',NULL,'2022-01-21 14:30:49','2022-01-21 14:30:49'),(712,'administrador01','Se ha actualizado el usuario','App\\Models\\User','updated',1,'App\\Models\\User',13,'{\"attributes\":{\"password\":\"$2y$10$cSQ3TSR4w68ZUfHxzeffhe9bKYv.61OX3Zn1rPTVLGQeK7tiOZ8oS\"},\"old\":{\"password\":\"$2y$10$en5wqQlIH7\\/H.RU66IE3JOY8bbYx7pnPR9Rqy.ew3UnNeVw3cPgDq\"}}',NULL,'2022-01-21 14:31:17','2022-01-21 14:31:17'),(713,'administrador01','El usuario ha cerrado sesión',NULL,'Logout',NULL,'App\\Models\\User',13,'[]',NULL,'2022-01-21 14:31:31','2022-01-21 14:31:31'),(714,'SuperAdmin','El usuario ha ingresado al sistema',NULL,'Login',NULL,'App\\Models\\User',1,'[]',NULL,'2022-01-21 14:31:36','2022-01-21 14:31:36'),(715,'SuperAdmin','El usuario ha cerrado sesión',NULL,'Logout',NULL,'App\\Models\\User',1,'[]',NULL,'2022-01-21 14:33:16','2022-01-21 14:33:16'),(716,'digitador01','El usuario ha ingresado al sistema',NULL,'Login',NULL,'App\\Models\\User',5,'[]',NULL,'2022-01-21 14:33:25','2022-01-21 14:33:25'),(717,'digitador01','El usuario ha cerrado sesión',NULL,'Logout',NULL,'App\\Models\\User',5,'[]',NULL,'2022-01-21 14:34:02','2022-01-21 14:34:02'),(718,'SuperAdmin','El usuario ha ingresado al sistema',NULL,'Login',NULL,'App\\Models\\User',1,'[]',NULL,'2022-01-21 14:34:12','2022-01-21 14:34:12'),(719,'SuperAdmin','El usuario ha cerrado sesión',NULL,'Logout',NULL,'App\\Models\\User',1,'[]',NULL,'2022-01-21 14:36:11','2022-01-21 14:36:11'),(720,'administrador01','El usuario ha ingresado al sistema',NULL,'Login',NULL,'App\\Models\\User',13,'[]',NULL,'2022-01-21 14:36:19','2022-01-21 14:36:19'),(721,'administrador01','El usuario ha cerrado sesión',NULL,'Logout',NULL,'App\\Models\\User',13,'[]',NULL,'2022-01-21 14:39:13','2022-01-21 14:39:13'),(722,'generador01','El usuario ha ingresado al sistema',NULL,'Login',NULL,'App\\Models\\User',6,'[]',NULL,'2022-01-21 14:39:22','2022-01-21 14:39:22'),(723,'generador01','El usuario ha cerrado sesión',NULL,'Logout',NULL,'App\\Models\\User',6,'[]',NULL,'2022-01-21 14:39:40','2022-01-21 14:39:40'),(724,'SuperAdmin','El usuario ha ingresado al sistema',NULL,'Login',NULL,'App\\Models\\User',1,'[]',NULL,'2022-01-21 14:39:49','2022-01-21 14:39:49'),(725,'SuperAdmin','El usuario ha cerrado sesión',NULL,'Logout',NULL,'App\\Models\\User',1,'[]',NULL,'2022-01-21 14:44:14','2022-01-21 14:44:14'),(726,'generador01','El usuario ha ingresado al sistema',NULL,'Login',NULL,'App\\Models\\User',6,'[]',NULL,'2022-01-21 14:44:22','2022-01-21 14:44:22'),(727,'generador01','El usuario ha cerrado sesión',NULL,'Logout',NULL,'App\\Models\\User',6,'[]',NULL,'2022-01-21 14:47:36','2022-01-21 14:47:36'),(728,'generador01','El usuario ha ingresado al sistema',NULL,'Login',NULL,'App\\Models\\User',6,'[]',NULL,'2022-01-21 14:48:02','2022-01-21 14:48:02'),(729,'generador01','El usuario ha cerrado sesión',NULL,'Logout',NULL,'App\\Models\\User',6,'[]',NULL,'2022-01-21 14:48:37','2022-01-21 14:48:37'),(730,'SuperAdmin','El usuario ha ingresado al sistema',NULL,'Login',NULL,'App\\Models\\User',1,'[]',NULL,'2022-01-21 14:48:45','2022-01-21 14:48:45'),(731,'SuperAdmin','El usuario ha cerrado sesión',NULL,'Logout',NULL,'App\\Models\\User',1,'[]',NULL,'2022-01-21 14:50:37','2022-01-21 14:50:37'),(732,'visualizador02','El usuario ha ingresado al sistema',NULL,'Login',NULL,'App\\Models\\User',35,'[]',NULL,'2022-01-21 14:50:42','2022-01-21 14:50:42'),(733,'visualizador02','El usuario ha cerrado sesión',NULL,'Logout',NULL,'App\\Models\\User',35,'[]',NULL,'2022-01-21 14:51:34','2022-01-21 14:51:34'),(734,'SuperAdmin','El usuario ha ingresado al sistema',NULL,'Login',NULL,'App\\Models\\User',1,'[]',NULL,'2022-01-21 14:51:41','2022-01-21 14:51:41'),(735,'SuperAdmin','El usuario ha cerrado sesión',NULL,'Logout',NULL,'App\\Models\\User',1,'[]',NULL,'2022-01-21 14:51:53','2022-01-21 14:51:53'),(736,'visualizador01','El usuario ha ingresado al sistema',NULL,'Login',NULL,'App\\Models\\User',4,'[]',NULL,'2022-01-21 14:52:02','2022-01-21 14:52:02'),(737,'visualizador01','El usuario ha cerrado sesión',NULL,'Logout',NULL,'App\\Models\\User',4,'[]',NULL,'2022-01-21 14:52:54','2022-01-21 14:52:54'),(738,'digitador01','El usuario ha ingresado al sistema',NULL,'Login',NULL,'App\\Models\\User',5,'[]',NULL,'2022-01-21 14:53:07','2022-01-21 14:53:07'),(739,'digitador01','El usuario ha cerrado sesión',NULL,'Logout',NULL,'App\\Models\\User',5,'[]',NULL,'2022-01-21 14:53:44','2022-01-21 14:53:44'),(740,'generador01','El usuario ha ingresado al sistema',NULL,'Login',NULL,'App\\Models\\User',6,'[]',NULL,'2022-01-21 14:54:07','2022-01-21 14:54:07'),(741,'generador01','El usuario ha cerrado sesión',NULL,'Logout',NULL,'App\\Models\\User',6,'[]',NULL,'2022-01-21 14:57:20','2022-01-21 14:57:20'),(742,'administrador01','El usuario ha ingresado al sistema',NULL,'Login',NULL,'App\\Models\\User',13,'[]',NULL,'2022-01-21 14:57:28','2022-01-21 14:57:28'),(743,'administrador01','El usuario ha cerrado sesión',NULL,'Logout',NULL,'App\\Models\\User',13,'[]',NULL,'2022-01-21 14:57:59','2022-01-21 14:57:59'),(744,'generador01','El usuario ha ingresado al sistema',NULL,'Login',NULL,'App\\Models\\User',6,'[]',NULL,'2022-01-21 14:58:12','2022-01-21 14:58:12'),(745,'generador01','El usuario ha cerrado sesión',NULL,'Logout',NULL,'App\\Models\\User',6,'[]',NULL,'2022-01-21 14:58:41','2022-01-21 14:58:41'),(746,'visualizador02','El usuario ha ingresado al sistema',NULL,'Login',NULL,'App\\Models\\User',35,'[]',NULL,'2022-01-21 14:58:46','2022-01-21 14:58:46'),(747,'visualizador02','El usuario ha cerrado sesión',NULL,'Logout',NULL,'App\\Models\\User',35,'[]',NULL,'2022-01-21 15:00:10','2022-01-21 15:00:10'),(748,'SuperAdmin','El usuario ha ingresado al sistema',NULL,'Login',NULL,'App\\Models\\User',1,'[]',NULL,'2022-01-21 15:00:17','2022-01-21 15:00:17'),(749,'SuperAdmin','Se ha actualizado el decomiso','App\\Models\\Decomiso','updated',1,'App\\Models\\User',1,'{\"attributes\":{\"fecha\":\"2021-09-26\",\"observacion\":\"Hubo todo tipo de decomisos\",\"direccion\":\"alguna direcci\\u00f3n\",\"municipio_id\":180,\"institucion_id\":3},\"old\":{\"fecha\":\"2021-09-26\",\"observacion\":\"una observaci\\u00f3n\",\"direccion\":\"alguna direcci\\u00f3n\",\"municipio_id\":180,\"institucion_id\":3}}',NULL,'2022-01-21 15:02:04','2022-01-21 15:02:04'),(750,'SuperAdmin','Se ha actualizado el decomiso','App\\Models\\Decomiso','updated',1,'App\\Models\\User',1,'{\"attributes\":{\"fecha\":\"2021-09-26\",\"observacion\":\"Hubo todo tipo de decomisos\",\"direccion\":\"Cerca del Mercadito Kelvin\",\"municipio_id\":180,\"institucion_id\":3},\"old\":{\"fecha\":\"2021-09-26\",\"observacion\":\"Hubo todo tipo de decomisos\",\"direccion\":\"alguna direcci\\u00f3n\",\"municipio_id\":180,\"institucion_id\":3}}',NULL,'2022-01-21 15:02:43','2022-01-21 15:02:43'),(751,'SuperAdmin','Se ha actualizado la institución','App\\Models\\Institucion','updated',1,'App\\Models\\User',1,'{\"attributes\":{\"descripcion\":null,\"contacto\":\"Ing Jose Perez\",\"telefono\":\"3389-8985\"},\"old\":{\"descripcion\":null,\"contacto\":\"Ing Jose Perez\",\"telefono\":\"3389-8985\"}}',NULL,'2022-01-21 15:03:47','2022-01-21 15:03:47'),(752,'SuperAdmin','Se ha actualizado la institución','App\\Models\\Institucion','updated',3,'App\\Models\\User',1,'{\"attributes\":{\"descripcion\":null,\"contacto\":\"Lic. Carlos Ventura\",\"telefono\":\"3345-6589\"},\"old\":{\"descripcion\":null,\"contacto\":\"Lic. Carlos Ventura\",\"telefono\":\"3345-6589\"}}',NULL,'2022-01-21 15:04:08','2022-01-21 15:04:08'),(753,'SuperAdmin','Se ha creado la institución','App\\Models\\Institucion','created',5,'App\\Models\\User',1,'{\"attributes\":{\"descripcion\":null,\"contacto\":\"Lic. Roberto Caseres\",\"telefono\":\"3258-8745\"}}',NULL,'2022-01-21 15:05:17','2022-01-21 15:05:17'),(754,'SuperAdmin','Se ha creado la institución','App\\Models\\Institucion','created',6,'App\\Models\\User',1,'{\"attributes\":{\"descripcion\":null,\"contacto\":\"Lic. Rodolfo Fonseca\",\"telefono\":\"8865-4521\"}}',NULL,'2022-01-21 15:06:21','2022-01-21 15:06:21'),(755,'SuperAdmin','Se ha creado la institución','App\\Models\\Institucion','created',7,'App\\Models\\User',1,'{\"attributes\":{\"descripcion\":null,\"contacto\":\"Lic. Ruben Pereira\",\"telefono\":\"8725-9812\"}}',NULL,'2022-01-21 15:07:16','2022-01-21 15:07:16'),(756,'SuperAdmin','Se ha actualizado la institución','App\\Models\\Institucion','updated',5,'App\\Models\\User',1,'{\"attributes\":{\"descripcion\":null,\"contacto\":\"Lic. Roberto Caseres\",\"telefono\":\"3258-8745\"},\"old\":{\"descripcion\":null,\"contacto\":\"Lic. Roberto Caseres\",\"telefono\":\"3258-8745\"}}',NULL,'2022-01-21 15:13:01','2022-01-21 15:13:01'),(757,'SuperAdmin','Se ha actualizado la institución','App\\Models\\Institucion','updated',1,'App\\Models\\User',1,'{\"attributes\":{\"descripcion\":null,\"contacto\":\"Ing Jose Perez\",\"telefono\":\"3389-8985\"},\"old\":{\"descripcion\":null,\"contacto\":\"Ing Jose Perez\",\"telefono\":\"3389-8985\"}}',NULL,'2022-01-21 15:13:12','2022-01-21 15:13:12'),(758,'SuperAdmin','Se ha actualizado la institución','App\\Models\\Institucion','updated',7,'App\\Models\\User',1,'{\"attributes\":{\"descripcion\":null,\"contacto\":\"Lic. Ruben Pereira\",\"telefono\":\"8725-9812\"},\"old\":{\"descripcion\":null,\"contacto\":\"Lic. Ruben Pereira\",\"telefono\":\"8725-9812\"}}',NULL,'2022-01-21 15:13:23','2022-01-21 15:13:23'),(759,'SuperAdmin','Se ha actualizado el decomiso','App\\Models\\Decomiso','updated',3,'App\\Models\\User',1,'{\"attributes\":{\"fecha\":\"2021-11-01\",\"observacion\":\"Solo se decomiso droga\",\"direccion\":\"En cercan\\u00edas a casa tortuga\",\"municipio_id\":158,\"institucion_id\":3},\"old\":{\"fecha\":\"2021-11-01\",\"observacion\":\"otra observaci\\u00f3n\",\"direccion\":\"otra direcci\\u00f3n\",\"municipio_id\":158,\"institucion_id\":1}}',NULL,'2022-01-21 15:16:00','2022-01-21 15:16:00'),(760,'SuperAdmin','Se ha actualizado el tipo de droga','App\\Models\\TipoDroga','updated',4,'App\\Models\\User',1,'{\"attributes\":{\"descripcion\":\"Tranquilizantes\"},\"old\":{\"descripcion\":\"alucinantes\"}}',NULL,'2022-01-21 15:17:01','2022-01-21 15:17:01'),(761,'SuperAdmin','Se ha creado el tipo de droga','App\\Models\\TipoDroga','created',8,'App\\Models\\User',1,'{\"attributes\":{\"descripcion\":\"Hipn\\u00f3ticos\"}}',NULL,'2022-01-21 15:17:21','2022-01-21 15:17:21'),(762,'SuperAdmin','Se ha actualizado el tipo de droga','App\\Models\\TipoDroga','updated',4,'App\\Models\\User',1,'{\"attributes\":{\"descripcion\":\"sedantes\"},\"old\":{\"descripcion\":\"Tranquilizantes\"}}',NULL,'2022-01-21 15:18:16','2022-01-21 15:18:16'),(763,'SuperAdmin','Se ha actualizado el tipo de droga','App\\Models\\TipoDroga','updated',8,'App\\Models\\User',1,'{\"attributes\":{\"descripcion\":\"estimulantes\"},\"old\":{\"descripcion\":\"Hipn\\u00f3ticos\"}}',NULL,'2022-01-21 15:18:30','2022-01-21 15:18:30'),(764,'SuperAdmin','Se ha creado el tipo de droga','App\\Models\\TipoDroga','created',9,'App\\Models\\User',1,'{\"attributes\":{\"descripcion\":\"afrodis\\u00edacos\"}}',NULL,'2022-01-21 15:18:41','2022-01-21 15:18:41'),(765,'SuperAdmin','Se ha creado la presentación de precursor','App\\Models\\presentacionPrecursor','created',6,'App\\Models\\User',1,'{\"attributes\":{\"descripcion\":\"bolsas\"}}',NULL,'2022-01-21 15:19:19','2022-01-21 15:19:19'),(766,'SuperAdmin','Se ha creado la presentación de precursor','App\\Models\\presentacionPrecursor','created',7,'App\\Models\\User',1,'{\"attributes\":{\"descripcion\":\"barriles\"}}',NULL,'2022-01-21 15:19:35','2022-01-21 15:19:35'),(767,'SuperAdmin','Se ha creado la presentación de precursor','App\\Models\\presentacionPrecursor','created',8,'App\\Models\\User',1,'{\"attributes\":{\"descripcion\":\"costales\"}}',NULL,'2022-01-21 15:19:48','2022-01-21 15:19:48'),(768,'SuperAdmin','Se ha creado el precursor','App\\Models\\Precursor','created',5,'App\\Models\\User',1,'{\"attributes\":{\"descripcion\":\"Acetona\",\"presentacion\":null}}',NULL,'2022-01-21 15:20:56','2022-01-21 15:20:56'),(769,'SuperAdmin','Se ha creado el precursor','App\\Models\\Precursor','created',6,'App\\Models\\User',1,'{\"attributes\":{\"descripcion\":\"Eredrina\",\"presentacion\":null}}',NULL,'2022-01-21 15:21:51','2022-01-21 15:21:51'),(770,'SuperAdmin','Se ha actualizado el precursor','App\\Models\\Precursor','updated',6,'App\\Models\\User',1,'{\"attributes\":{\"descripcion\":\"Efedrina\",\"presentacion\":null},\"old\":{\"descripcion\":\"Eredrina\",\"presentacion\":null}}',NULL,'2022-01-21 15:22:04','2022-01-21 15:22:04'),(771,'SuperAdmin','Se ha creado el precursor','App\\Models\\Precursor','created',7,'App\\Models\\User',1,'{\"attributes\":{\"descripcion\":\"\\u00c9ter Et\\u00edlico\",\"presentacion\":null}}',NULL,'2022-01-21 15:22:33','2022-01-21 15:22:33'),(772,'SuperAdmin','Se ha creado el precursor','App\\Models\\Precursor','created',8,'App\\Models\\User',1,'{\"attributes\":{\"descripcion\":\"Isosafrol\",\"presentacion\":null}}',NULL,'2022-01-21 15:22:52','2022-01-21 15:22:52'),(773,'SuperAdmin','Se ha creado el arma','App\\Models\\Arma','created',6,'App\\Models\\User',1,'{\"attributes\":{\"descripcion\":\"Glock\"}}',NULL,'2022-01-21 15:25:11','2022-01-21 15:25:11'),(774,'SuperAdmin','Se ha creado el arma','App\\Models\\Arma','created',7,'App\\Models\\User',1,'{\"attributes\":{\"descripcion\":\"Bereta\"}}',NULL,'2022-01-21 15:25:33','2022-01-21 15:25:33'),(775,'SuperAdmin','Se ha creado el arma','App\\Models\\Arma','created',8,'App\\Models\\User',1,'{\"attributes\":{\"descripcion\":\"Taurus\"}}',NULL,'2022-01-21 15:25:53','2022-01-21 15:25:53'),(776,'SuperAdmin','Se ha creado el arma','App\\Models\\Arma','created',9,'App\\Models\\User',1,'{\"attributes\":{\"descripcion\":\"Smith and wesson\"}}',NULL,'2022-01-21 15:26:22','2022-01-21 15:26:22'),(777,'SuperAdmin','Se ha actualizado el arma','App\\Models\\Arma','updated',9,'App\\Models\\User',1,'{\"attributes\":{\"descripcion\":\"Escopeta\"},\"old\":{\"descripcion\":\"Smith and wesson\"}}',NULL,'2022-01-21 15:27:26','2022-01-21 15:27:26'),(778,'SuperAdmin','Se ha actualizado el arma','App\\Models\\Arma','updated',8,'App\\Models\\User',1,'{\"attributes\":{\"descripcion\":\"Rifle\"},\"old\":{\"descripcion\":\"Taurus\"}}',NULL,'2022-01-21 15:27:51','2022-01-21 15:27:51'),(779,'SuperAdmin','Se ha actualizado el arma','App\\Models\\Arma','updated',7,'App\\Models\\User',1,'{\"attributes\":{\"descripcion\":\"Revolver\"},\"old\":{\"descripcion\":\"Bereta\"}}',NULL,'2022-01-21 15:28:34','2022-01-21 15:28:34'),(780,'SuperAdmin','Se ha actualizado el arma','App\\Models\\Arma','updated',6,'App\\Models\\User',1,'{\"attributes\":{\"descripcion\":\"Pistola\"},\"old\":{\"descripcion\":\"Glock\"}}',NULL,'2022-01-21 15:28:44','2022-01-21 15:28:44'),(781,'SuperAdmin','Se ha creado el arma','App\\Models\\Arma','created',10,'App\\Models\\User',1,'{\"attributes\":{\"descripcion\":\"Mini Uzi\"}}',NULL,'2022-01-21 15:29:49','2022-01-21 15:29:49'),(782,'SuperAdmin','Se ha actualizado el tipo de munición','App\\Models\\TipoMunicion','updated',3,'App\\Models\\User',1,'{\"attributes\":{\"descripcion\":\"0.380 mm\"},\"old\":{\"descripcion\":\"5.74 mm\"}}',NULL,'2022-01-21 15:30:47','2022-01-21 15:30:47'),(783,'SuperAdmin','Se ha creado el tipo de munición','App\\Models\\TipoMunicion','created',5,'App\\Models\\User',1,'{\"attributes\":{\"descripcion\":\"22 mm\"}}',NULL,'2022-01-21 15:31:49','2022-01-21 15:31:49'),(784,'SuperAdmin','Se ha creado el tipo de munición','App\\Models\\TipoMunicion','created',6,'App\\Models\\User',1,'{\"attributes\":{\"descripcion\":\"40 mm\"}}',NULL,'2022-01-21 15:33:09','2022-01-21 15:33:09'),(785,'SuperAdmin','Se ha creado el tipo de munición','App\\Models\\TipoMunicion','created',7,'App\\Models\\User',1,'{\"attributes\":{\"descripcion\":\"Cartucho de escopeta\"}}',NULL,'2022-01-21 15:35:02','2022-01-21 15:35:02'),(786,'SuperAdmin','Se ha creado identificación','App\\Models\\Identificacion','created',7,'App\\Models\\User',1,'{\"attributes\":{\"descripcion\":\"Licencia de conducir\"}}',NULL,'2022-01-21 15:35:41','2022-01-21 15:35:41'),(787,'SuperAdmin','Se ha actualizado la ocupación','App\\Models\\Ocupacion','updated',1,'App\\Models\\User',1,'{\"attributes\":{\"descripcion\":\"Ingeniero Industrial\"},\"old\":{\"descripcion\":\"ingeniero\"}}',NULL,'2022-01-21 15:37:04','2022-01-21 15:37:04'),(788,'SuperAdmin','Se ha actualizado la ocupación','App\\Models\\Ocupacion','updated',3,'App\\Models\\User',1,'{\"attributes\":{\"descripcion\":\"Alba\\u00f1il\"},\"old\":{\"descripcion\":\"alba\\u00f1il\"}}',NULL,'2022-01-21 15:37:13','2022-01-21 15:37:13'),(789,'SuperAdmin','Se ha creado la ocupación','App\\Models\\Ocupacion','created',5,'App\\Models\\User',1,'{\"attributes\":{\"descripcion\":\"Comerciante\"}}',NULL,'2022-01-21 15:37:23','2022-01-21 15:37:23'),(790,'SuperAdmin','Se ha creado la ocupación','App\\Models\\Ocupacion','created',6,'App\\Models\\User',1,'{\"attributes\":{\"descripcion\":\"Agricultor\"}}',NULL,'2022-01-21 15:38:46','2022-01-21 15:38:46'),(791,'SuperAdmin','Se ha creado la ocupación','App\\Models\\Ocupacion','created',7,'App\\Models\\User',1,'{\"attributes\":{\"descripcion\":\"Transportista\"}}',NULL,'2022-01-21 15:38:58','2022-01-21 15:38:58'),(792,'SuperAdmin','Se ha creado la ocupación','App\\Models\\Ocupacion','created',8,'App\\Models\\User',1,'{\"attributes\":{\"descripcion\":\"Polic\\u00eda\"}}',NULL,'2022-01-21 15:39:38','2022-01-21 15:39:38'),(793,'SuperAdmin','Se ha creado la ocupación','App\\Models\\Ocupacion','created',9,'App\\Models\\User',1,'{\"attributes\":{\"descripcion\":\"Estudiante\"}}',NULL,'2022-01-21 15:39:59','2022-01-21 15:39:59'),(794,'SuperAdmin','Se ha actualizado la ocupación','App\\Models\\Ocupacion','updated',8,'App\\Models\\User',1,'{\"attributes\":{\"descripcion\":\"Agricultor\"},\"old\":{\"descripcion\":\"Polic\\u00eda\"}}',NULL,'2022-01-21 15:40:14','2022-01-21 15:40:14'),(795,'SuperAdmin','Se ha actualizado la estructura criminal','App\\Models\\EstructuraCriminal','updated',1,'App\\Models\\User',1,'{\"attributes\":{\"descripcion\":\"Los cabezones\"},\"old\":{\"descripcion\":\"los cabezones\"}}',NULL,'2022-01-21 15:40:32','2022-01-21 15:40:32'),(796,'SuperAdmin','Se ha actualizado la estructura criminal','App\\Models\\EstructuraCriminal','updated',3,'App\\Models\\User',1,'{\"attributes\":{\"descripcion\":\"Los negros\"},\"old\":{\"descripcion\":\"los negros\"}}',NULL,'2022-01-21 15:40:40','2022-01-21 15:40:40'),(797,'SuperAdmin','Se ha creado la estructura criminal','App\\Models\\EstructuraCriminal','created',4,'App\\Models\\User',1,'{\"attributes\":{\"descripcion\":\"Los malvados\"}}',NULL,'2022-01-21 15:40:51','2022-01-21 15:40:51'),(798,'SuperAdmin','Se ha creado la estructura criminal','App\\Models\\EstructuraCriminal','created',5,'App\\Models\\User',1,'{\"attributes\":{\"descripcion\":\"Los bandidos\"}}',NULL,'2022-01-21 15:41:02','2022-01-21 15:41:02'),(799,'SuperAdmin','Se ha creado la droga','App\\Models\\Droga','created',10,'App\\Models\\User',1,'{\"attributes\":{\"descripcion\":\"Hero\\u00edna\",\"tipo_droga_id\":4}}',NULL,'2022-01-21 15:44:36','2022-01-21 15:44:36'),(800,'SuperAdmin','Se ha creado la droga','App\\Models\\Droga','created',11,'App\\Models\\User',1,'{\"attributes\":{\"descripcion\":\"Metanfetamina\",\"tipo_droga_id\":8}}',NULL,'2022-01-21 15:45:23','2022-01-21 15:45:23'),(801,'SuperAdmin','Se ha creado el estado civil','App\\Models\\EstadoCivil','created',6,'App\\Models\\User',1,'{\"attributes\":{\"descripcion\":\"Uni\\u00f3n libre\"}}',NULL,'2022-01-21 15:48:14','2022-01-21 15:48:14'),(802,'SuperAdmin','Se ha creado el estado civil','App\\Models\\EstadoCivil','created',7,'App\\Models\\User',1,'{\"attributes\":{\"descripcion\":\"Viudo\"}}',NULL,'2022-01-21 15:48:28','2022-01-21 15:48:28'),(803,'SuperAdmin','Se ha actualizado el decomiso','App\\Models\\Decomiso','updated',4,'App\\Models\\User',1,'{\"attributes\":{\"fecha\":\"2021-08-01\",\"observacion\":\"Solo drogas y armas\",\"direccion\":\"Cerca de la finca la transacci\\u00f3n\",\"municipio_id\":173,\"institucion_id\":1},\"old\":{\"fecha\":\"2021-08-01\",\"observacion\":\"j\\u00f1alkfd\",\"direccion\":\"iooi\",\"municipio_id\":173,\"institucion_id\":1}}',NULL,'2022-01-21 15:49:47','2022-01-21 15:49:47'),(804,'SuperAdmin','Se ha actualizado el decomiso','App\\Models\\Decomiso','updated',5,'App\\Models\\User',1,'{\"attributes\":{\"fecha\":\"2021-08-10\",\"observacion\":\"Hubo de todo tipo de decomisos\",\"direccion\":\"En cercan\\u00edas de una llantera\",\"municipio_id\":206,\"institucion_id\":1},\"old\":{\"fecha\":\"2021-08-10\",\"observacion\":\"lk\\u00f1k\",\"direccion\":\"oiupoi\",\"municipio_id\":206,\"institucion_id\":1}}',NULL,'2022-01-21 15:50:47','2022-01-21 15:50:47'),(805,'SuperAdmin','Se ha actualizado el decomiso','App\\Models\\Decomiso','updated',6,'App\\Models\\User',1,'{\"attributes\":{\"fecha\":\"2021-08-12\",\"observacion\":\"Solo hubieron decomisos de armas\",\"direccion\":\"Entre pulper\\u00eda y juzgados\",\"municipio_id\":264,\"institucion_id\":3},\"old\":{\"fecha\":\"2021-08-12\",\"observacion\":\"una observaci\\u00f3n\",\"direccion\":\"otra direcci\\u00f3n\",\"municipio_id\":264,\"institucion_id\":3}}',NULL,'2022-01-21 15:52:00','2022-01-21 15:52:00'),(806,'SuperAdmin','Se ha actualizado el decomiso','App\\Models\\Decomiso','updated',7,'App\\Models\\User',1,'{\"attributes\":{\"fecha\":\"2021-06-01\",\"observacion\":\"se decomiso \\u00fanicamente marihuana\",\"direccion\":\"En las afueras de Sinuapa\",\"municipio_id\":224,\"institucion_id\":1},\"old\":{\"fecha\":\"2021-06-01\",\"observacion\":\"sadfa\",\"direccion\":\"otra direcci\\u00f3n\",\"municipio_id\":224,\"institucion_id\":1}}',NULL,'2022-01-21 15:53:25','2022-01-21 15:53:25'),(807,'SuperAdmin','Se ha actualizado el decomiso','App\\Models\\Decomiso','updated',8,'App\\Models\\User',1,'{\"attributes\":{\"fecha\":\"2021-10-20\",\"observacion\":\"Solamente drogas y municiones\",\"direccion\":\"cerca de los juzgados de Quimist\\u00e1n\",\"municipio_id\":264,\"institucion_id\":3},\"old\":{\"fecha\":\"2021-10-20\",\"observacion\":\"una observaci\\u00f3n\",\"direccion\":\"otra direcci\\u00f3n\",\"municipio_id\":264,\"institucion_id\":3}}',NULL,'2022-01-21 15:54:36','2022-01-21 15:54:36'),(808,'SuperAdmin','Se ha actualizado el decomiso','App\\Models\\Decomiso','updated',9,'App\\Models\\User',1,'{\"attributes\":{\"fecha\":\"2021-10-08\",\"observacion\":\"no hubieron detenidos\",\"direccion\":\"cerca de hotel la hacienda\",\"municipio_id\":225,\"institucion_id\":3},\"old\":{\"fecha\":\"2021-10-08\",\"observacion\":\"sadfa\",\"direccion\":\"sdfasdf\",\"municipio_id\":225,\"institucion_id\":3}}',NULL,'2022-01-21 15:55:47','2022-01-21 15:55:47'),(809,'SuperAdmin','Se ha actualizado el decomiso','App\\Models\\Decomiso','updated',12,'App\\Models\\User',1,'{\"attributes\":{\"fecha\":\"2021-07-01\",\"observacion\":\"Todo tipo de decomisos\",\"direccion\":\"En cercan\\u00edas del Cacao\",\"municipio_id\":31,\"institucion_id\":5},\"old\":{\"fecha\":\"2021-07-01\",\"observacion\":\"fxhxgh\",\"direccion\":\"dfghdfg4\",\"municipio_id\":31,\"institucion_id\":3}}',NULL,'2022-01-21 15:56:40','2022-01-21 15:56:40'),(810,'SuperAdmin','Se ha actualizado el decomiso','App\\Models\\Decomiso','updated',8,'App\\Models\\User',1,'{\"attributes\":{\"fecha\":\"2021-10-20\",\"observacion\":\"Solamente drogas y municiones\",\"direccion\":\"cerca de los juzgados de Quimist\\u00e1n\",\"municipio_id\":264,\"institucion_id\":6},\"old\":{\"fecha\":\"2021-10-20\",\"observacion\":\"Solamente drogas y municiones\",\"direccion\":\"cerca de los juzgados de Quimist\\u00e1n\",\"municipio_id\":264,\"institucion_id\":3}}',NULL,'2022-01-21 15:56:53','2022-01-21 15:56:53'),(811,'SuperAdmin','Se ha actualizado el decomiso','App\\Models\\Decomiso','updated',3,'App\\Models\\User',1,'{\"attributes\":{\"fecha\":\"2021-11-01\",\"observacion\":\"Solo se decomiso droga\",\"direccion\":\"En cercan\\u00edas a casa tortuga\",\"municipio_id\":158,\"institucion_id\":7},\"old\":{\"fecha\":\"2021-11-01\",\"observacion\":\"Solo se decomiso droga\",\"direccion\":\"En cercan\\u00edas a casa tortuga\",\"municipio_id\":158,\"institucion_id\":3}}',NULL,'2022-01-21 15:57:06','2022-01-21 15:57:06'),(812,'SuperAdmin','Se ha actualizado el decomiso','App\\Models\\Decomiso','updated',9,'App\\Models\\User',1,'{\"attributes\":{\"fecha\":\"2021-10-08\",\"observacion\":\"no hubieron detenidos\",\"direccion\":\"cerca de hotel la hacienda\",\"municipio_id\":225,\"institucion_id\":5},\"old\":{\"fecha\":\"2021-10-08\",\"observacion\":\"no hubieron detenidos\",\"direccion\":\"cerca de hotel la hacienda\",\"municipio_id\":225,\"institucion_id\":3}}',NULL,'2022-01-21 15:57:30','2022-01-21 15:57:30'),(813,'SuperAdmin','Se ha actualizado el detenido','App\\Models\\decomiso_detenido','updated',6,'App\\Models\\User',1,'{\"attributes\":{\"nombre\":\"sdfg44\",\"alias\":\"sdfgsdfg\",\"identidad\":\"0632-1965-256845\",\"edad\":99,\"decomiso_id\":12,\"identificacion_id\":1,\"estructura_id\":1,\"ocupacion_id\":5,\"estado_civil_id\":4,\"pais_id\":87},\"old\":{\"nombre\":\"sdfg44\",\"alias\":\"sdfgsdfg\",\"identidad\":\"0632-1965-256845\",\"edad\":99,\"decomiso_id\":12,\"identificacion_id\":1,\"estructura_id\":1,\"ocupacion_id\":4,\"estado_civil_id\":4,\"pais_id\":87}}',NULL,'2022-01-21 16:05:07','2022-01-21 16:05:07'),(814,'SuperAdmin','Se ha creado el decomiso','App\\Models\\Decomiso','created',13,'App\\Models\\User',1,'{\"attributes\":{\"fecha\":\"2021-10-14\",\"observacion\":\"Solo se decomiso\",\"direccion\":\"Cerca de reserva de vida silvestre\",\"municipio_id\":36,\"institucion_id\":5}}',NULL,'2022-01-21 16:09:20','2022-01-21 16:09:20'),(815,'SuperAdmin','Se ha creado el decomiso','App\\Models\\Decomiso','created',14,'App\\Models\\User',1,'{\"attributes\":{\"fecha\":\"2021-07-22\",\"observacion\":\"Solo se decomiso paquetes de marihuana\",\"direccion\":\"Cerca de sal\\u00f3n de eventos\",\"municipio_id\":169,\"institucion_id\":1}}',NULL,'2022-01-21 16:11:31','2022-01-21 16:11:31'),(816,'SuperAdmin','Se ha creado el decomiso','App\\Models\\Decomiso','created',15,'App\\Models\\User',1,'{\"attributes\":{\"fecha\":\"2021-09-07\",\"observacion\":\"mas paquetes de marihuana\",\"direccion\":\"Cerca del desv\\u00edo a la finca del carpintero\",\"municipio_id\":169,\"institucion_id\":1}}',NULL,'2022-01-21 16:13:33','2022-01-21 16:13:33'),(817,'SuperAdmin','Se ha creado el decomiso','App\\Models\\Decomiso','created',16,'App\\Models\\User',1,'{\"attributes\":{\"fecha\":\"2021-06-11\",\"observacion\":\"Solamente precursores\",\"direccion\":\"Cerca del corralito\",\"municipio_id\":90,\"institucion_id\":6}}',NULL,'2022-01-21 16:17:55','2022-01-21 16:17:55'),(818,'SuperAdmin','Se ha actualizado el detenido','App\\Models\\decomiso_detenido','updated',5,'App\\Models\\User',1,'{\"attributes\":{\"nombre\":\"Juana Galindo\",\"alias\":\"capo\",\"identidad\":\"0502-2659-02654\",\"edad\":56,\"decomiso_id\":5,\"identificacion_id\":4,\"estructura_id\":3,\"ocupacion_id\":1,\"estado_civil_id\":4,\"pais_id\":190},\"old\":{\"nombre\":\"juan\",\"alias\":\"capo\",\"identidad\":\"0502-2659-02654\",\"edad\":56,\"decomiso_id\":5,\"identificacion_id\":4,\"estructura_id\":3,\"ocupacion_id\":1,\"estado_civil_id\":4,\"pais_id\":190}}',NULL,'2022-01-21 16:27:13','2022-01-21 16:27:13'),(819,'SuperAdmin','Se ha actualizado el detenido','App\\Models\\decomiso_detenido','updated',6,'App\\Models\\User',1,'{\"attributes\":{\"nombre\":\"Jose Peralta\",\"alias\":\"El mero\",\"identidad\":\"0632-1965-256845\",\"edad\":35,\"decomiso_id\":12,\"identificacion_id\":1,\"estructura_id\":1,\"ocupacion_id\":5,\"estado_civil_id\":4,\"pais_id\":87},\"old\":{\"nombre\":\"sdfg44\",\"alias\":\"sdfgsdfg\",\"identidad\":\"0632-1965-256845\",\"edad\":99,\"decomiso_id\":12,\"identificacion_id\":1,\"estructura_id\":1,\"ocupacion_id\":5,\"estado_civil_id\":4,\"pais_id\":87}}',NULL,'2022-01-21 16:27:51','2022-01-21 16:27:51'),(820,'SuperAdmin','Se ha actualizado el detenido','App\\Models\\decomiso_detenido','updated',2,'App\\Models\\User',1,'{\"attributes\":{\"nombre\":\"Jose Restrepo\",\"alias\":\"pancho\",\"identidad\":\"0801-1985-68595\",\"edad\":14,\"decomiso_id\":1,\"identificacion_id\":1,\"estructura_id\":1,\"ocupacion_id\":1,\"estado_civil_id\":1,\"pais_id\":87},\"old\":{\"nombre\":\"jose\",\"alias\":\"pancho\",\"identidad\":\"0801-1985-68595\",\"edad\":14,\"decomiso_id\":1,\"identificacion_id\":1,\"estructura_id\":1,\"ocupacion_id\":1,\"estado_civil_id\":1,\"pais_id\":87}}',NULL,'2022-01-21 16:29:19','2022-01-21 16:29:19'),(821,'SuperAdmin','Se ha actualizado el detenido','App\\Models\\decomiso_detenido','updated',3,'App\\Models\\User',1,'{\"attributes\":{\"nombre\":\"Raul Avilez\",\"alias\":\"pelon\",\"identidad\":\"0856-2546-52136\",\"edad\":38,\"decomiso_id\":1,\"identificacion_id\":5,\"estructura_id\":3,\"ocupacion_id\":3,\"estado_civil_id\":4,\"pais_id\":212},\"old\":{\"nombre\":\"raul\",\"alias\":\"pelon\",\"identidad\":\"0856-2546-52136\",\"edad\":3,\"decomiso_id\":1,\"identificacion_id\":5,\"estructura_id\":3,\"ocupacion_id\":3,\"estado_civil_id\":4,\"pais_id\":212}}',NULL,'2022-01-21 16:29:34','2022-01-21 16:29:34'),(822,'SuperAdmin','El usuario ha cerrado sesión',NULL,'Logout',NULL,'App\\Models\\User',1,'[]',NULL,'2022-01-21 16:40:45','2022-01-21 16:40:45'),(823,'SuperAdmin','El usuario ha ingresado al sistema',NULL,'Login',NULL,'App\\Models\\User',1,'[]',NULL,'2022-01-21 16:40:56','2022-01-21 16:40:56'),(824,'SuperAdmin','El usuario ha ingresado al sistema',NULL,'Login',NULL,'App\\Models\\User',1,'[]',NULL,'2022-01-21 21:24:23','2022-01-21 21:24:23'),(825,'SuperAdmin','El usuario ha cerrado sesión',NULL,'Logout',NULL,'App\\Models\\User',1,'[]',NULL,'2022-01-21 21:41:35','2022-01-21 21:41:35'),(826,'SuperAdmin','El usuario ha ingresado al sistema',NULL,'Login',NULL,'App\\Models\\User',1,'[]',NULL,'2022-01-21 21:42:45','2022-01-21 21:42:45'),(827,'SuperAdmin','El usuario ha ingresado al sistema',NULL,'Login',NULL,'App\\Models\\User',1,'[]',NULL,'2022-01-26 22:23:53','2022-01-26 22:23:53'),(828,'SuperAdmin','Se ha creado el usuario','App\\Models\\User','created',36,'App\\Models\\User',1,'{\"attributes\":{\"name\":\"prueba\",\"email\":\"prueba_123@yahoo.es\",\"password\":\"$2y$10$7LpPGp1qQRcYHu4s2wqFte8rmgsgy4gdrxEV9VjgKlaU7a\\/jpJEkK\",\"two_factor_secret\":null}}',NULL,'2022-01-26 22:25:09','2022-01-26 22:25:09'),(829,'SuperAdmin','Se le ha asignado el rol de: Administrador al usuario con id: 36','App\\Models\\User','creado',36,'App\\Models\\User',1,'{\"attributes\":{\"role_id\":\"1\"}}',NULL,'2022-01-26 22:25:09','2022-01-26 22:25:09'),(830,'SuperAdmin','El usuario ha cerrado sesión',NULL,'Logout',NULL,'App\\Models\\User',1,'[]',NULL,'2022-01-26 22:25:14','2022-01-26 22:25:14'),(831,'prueba','El usuario ha ingresado al sistema',NULL,'Login',NULL,'App\\Models\\User',36,'[]',NULL,'2022-01-26 22:32:23','2022-01-26 22:32:23'),(832,'prueba','El usuario ha cerrado sesión',NULL,'Logout',NULL,'App\\Models\\User',36,'[]',NULL,'2022-01-26 22:36:12','2022-01-26 22:36:12'),(833,'SuperAdmin','El usuario ha ingresado al sistema',NULL,'Login',NULL,'App\\Models\\User',1,'[]',NULL,'2022-01-26 23:08:32','2022-01-26 23:08:32'),(834,'SuperAdmin','El usuario ha ingresado al sistema',NULL,'Login',NULL,'App\\Models\\User',1,'[]',NULL,'2022-01-28 04:10:05','2022-01-28 04:10:05'),(835,'SuperAdmin','El usuario ha ingresado al sistema',NULL,'Login',NULL,'App\\Models\\User',1,'[]',NULL,'2022-01-29 01:15:16','2022-01-29 01:15:16'),(836,'SuperAdmin','Se ha borrado el tipo de droga','App\\Models\\TipoDroga','deleted',1,'App\\Models\\User',1,'{\"old\":{\"descripcion\":\"alucin\\u00f3genos\"}}',NULL,'2022-01-29 01:32:43','2022-01-29 01:32:43'),(837,'SuperAdmin','Se ha borrado el tipo de droga','App\\Models\\TipoDroga','deleted',1,'App\\Models\\User',1,'{\"old\":{\"descripcion\":\"alucin\\u00f3genos\"}}',NULL,'2022-01-29 01:34:36','2022-01-29 01:34:36'),(838,'SuperAdmin','El usuario ha cerrado sesión',NULL,'Logout',NULL,'App\\Models\\User',1,'[]',NULL,'2022-01-29 03:20:28','2022-01-29 03:20:28'),(839,'administrador01','El usuario ha ingresado al sistema',NULL,'Login',NULL,'App\\Models\\User',13,'[]',NULL,'2022-01-29 03:20:41','2022-01-29 03:20:41'),(840,'administrador01','El usuario ha cerrado sesión',NULL,'Logout',NULL,'App\\Models\\User',13,'[]',NULL,'2022-01-29 03:21:38','2022-01-29 03:21:38'),(841,'SuperAdmin','El usuario ha ingresado al sistema',NULL,'Login',NULL,'App\\Models\\User',1,'[]',NULL,'2022-01-29 03:21:48','2022-01-29 03:21:48'),(842,'SuperAdmin','El usuario ha cerrado sesión',NULL,'Logout',NULL,'App\\Models\\User',1,'[]',NULL,'2022-01-29 04:12:14','2022-01-29 04:12:14'),(843,'SuperAdmin','El usuario ha ingresado al sistema',NULL,'Login',NULL,'App\\Models\\User',1,'[]',NULL,'2022-01-29 04:16:04','2022-01-29 04:16:04'),(844,'SuperAdmin','El usuario ha cerrado sesión',NULL,'Logout',NULL,'App\\Models\\User',1,'[]',NULL,'2022-01-29 04:38:56','2022-01-29 04:38:56'),(845,'SuperAdmin','El usuario ha ingresado al sistema',NULL,'Login',NULL,'App\\Models\\User',1,'[]',NULL,'2022-01-31 20:25:02','2022-01-31 20:25:02'),(846,'SuperAdmin','El usuario ha cerrado sesión',NULL,'Logout',NULL,'App\\Models\\User',1,'[]',NULL,'2022-01-31 20:37:40','2022-01-31 20:37:40'),(847,'SuperAdmin','El usuario ha ingresado al sistema',NULL,'Login',NULL,'App\\Models\\User',1,'[]',NULL,'2022-01-31 20:37:49','2022-01-31 20:37:49'),(848,'SuperAdmin','El usuario ha cerrado sesión',NULL,'Logout',NULL,'App\\Models\\User',1,'[]',NULL,'2022-01-31 20:38:07','2022-01-31 20:38:07'),(849,'digitador01','El usuario ha ingresado al sistema',NULL,'Login',NULL,'App\\Models\\User',5,'[]',NULL,'2022-01-31 20:38:18','2022-01-31 20:38:18'),(850,'digitador01','El usuario ha cerrado sesión',NULL,'Logout',NULL,'App\\Models\\User',5,'[]',NULL,'2022-01-31 20:38:37','2022-01-31 20:38:37'),(851,'SuperAdmin','El usuario ha ingresado al sistema',NULL,'Login',NULL,'App\\Models\\User',1,'[]',NULL,'2022-01-31 20:38:45','2022-01-31 20:38:45'),(852,'SuperAdmin','Se ha creado el permiso','Spatie\\Permission\\Models\\Permission','created',62,'App\\Models\\User',1,'{\"attributes\":{\"name\":\"crear respaldo\"}}',NULL,'2022-01-31 20:43:28','2022-01-31 20:43:28'),(853,'SuperAdmin','Se ha creado el permiso','Spatie\\Permission\\Models\\Permission','created',63,'App\\Models\\User',1,'{\"attributes\":{\"name\":\"ver decomisos de droga\"}}',NULL,'2022-01-31 21:07:08','2022-01-31 21:07:08'),(854,'SuperAdmin','Se ha creado el permiso','Spatie\\Permission\\Models\\Permission','created',64,'App\\Models\\User',1,'{\"attributes\":{\"name\":\"crear decomisos de droga\"}}',NULL,'2022-01-31 21:07:31','2022-01-31 21:07:31'),(855,'SuperAdmin','Se ha creado el permiso','Spatie\\Permission\\Models\\Permission','created',65,'App\\Models\\User',1,'{\"attributes\":{\"name\":\"editar decomisos de droga\"}}',NULL,'2022-01-31 21:08:36','2022-01-31 21:08:36'),(856,'SuperAdmin','Se ha creado el permiso','Spatie\\Permission\\Models\\Permission','created',66,'App\\Models\\User',1,'{\"attributes\":{\"name\":\"borrar decomisos de droga\"}}',NULL,'2022-01-31 21:08:58','2022-01-31 21:08:58'),(857,'SuperAdmin','El usuario ha cerrado sesión',NULL,'Logout',NULL,'App\\Models\\User',1,'[]',NULL,'2022-01-31 21:51:30','2022-01-31 21:51:30'),(858,'administrador01','El usuario ha ingresado al sistema',NULL,'Login',NULL,'App\\Models\\User',13,'[]',NULL,'2022-01-31 21:51:37','2022-01-31 21:51:37'),(859,'administrador01','El usuario ha cerrado sesión',NULL,'Logout',NULL,'App\\Models\\User',13,'[]',NULL,'2022-01-31 21:51:43','2022-01-31 21:51:43'),(860,'digitador01','El usuario ha ingresado al sistema',NULL,'Login',NULL,'App\\Models\\User',5,'[]',NULL,'2022-01-31 21:51:49','2022-01-31 21:51:49'),(861,'digitador01','El usuario ha cerrado sesión',NULL,'Logout',NULL,'App\\Models\\User',5,'[]',NULL,'2022-01-31 23:20:06','2022-01-31 23:20:06'),(862,'SuperAdmin','El usuario ha ingresado al sistema',NULL,'Login',NULL,'App\\Models\\User',1,'[]',NULL,'2022-01-31 23:20:12','2022-01-31 23:20:12'),(863,'SuperAdmin','El usuario ha cerrado sesión',NULL,'Logout',NULL,'App\\Models\\User',1,'[]',NULL,'2022-01-31 23:21:51','2022-01-31 23:21:51'),(864,'SuperAdmin','El usuario ha ingresado al sistema',NULL,'Login',NULL,'App\\Models\\User',1,'[]',NULL,'2022-01-31 23:22:50','2022-01-31 23:22:50'),(865,'SuperAdmin','El usuario ha ingresado al sistema',NULL,'Login',NULL,'App\\Models\\User',1,'[]',NULL,'2022-01-31 23:23:09','2022-01-31 23:23:09'),(866,'SuperAdmin','El usuario ha cerrado sesión',NULL,'Logout',NULL,'App\\Models\\User',1,'[]',NULL,'2022-01-31 23:23:13','2022-01-31 23:23:13'),(867,'digitador01','El usuario ha ingresado al sistema',NULL,'Login',NULL,'App\\Models\\User',5,'[]',NULL,'2022-01-31 23:23:21','2022-01-31 23:23:21'),(868,'SuperAdmin','Se le ha asignado el permiso de: ver decomisos de droga al usuario con id: 5','App\\Models\\User','creado',5,'App\\Models\\User',1,'{\"attributes\":{\"permission_id\":\"63\",\"model_id\":5},\"old\":{\"permission_id\":\"\",\"model_id\":5}}',NULL,'2022-01-31 23:31:01','2022-01-31 23:31:01'),(869,'SuperAdmin','Se ha creado el permiso','Spatie\\Permission\\Models\\Permission','created',67,'App\\Models\\User',1,'{\"attributes\":{\"name\":\"ver decomisos de precursores\"}}',NULL,'2022-01-31 23:32:51','2022-01-31 23:32:51'),(870,'SuperAdmin','Se le ha asignado el permiso de: ver decomisos de droga, ver decomisos de precursores al usuario con id: 5','App\\Models\\User','creado',5,'App\\Models\\User',1,'{\"attributes\":{\"permission_id\":\"63, 67\",\"model_id\":5},\"old\":{\"permission_id\":\"63\",\"model_id\":5}}',NULL,'2022-01-31 23:33:07','2022-01-31 23:33:07'),(871,'SuperAdmin','Se ha creado el permiso','Spatie\\Permission\\Models\\Permission','created',68,'App\\Models\\User',1,'{\"attributes\":{\"name\":\"ver decomisos de armas\"}}',NULL,'2022-02-01 00:01:21','2022-02-01 00:01:21'),(872,'SuperAdmin','Se ha creado el permiso','Spatie\\Permission\\Models\\Permission','created',69,'App\\Models\\User',1,'{\"attributes\":{\"name\":\"ver decomisos de municiones\"}}',NULL,'2022-02-01 00:01:39','2022-02-01 00:01:39'),(873,'SuperAdmin','Se ha creado el permiso','Spatie\\Permission\\Models\\Permission','created',70,'App\\Models\\User',1,'{\"attributes\":{\"name\":\"ver detenidos en decomisos\"}}',NULL,'2022-02-01 00:02:01','2022-02-01 00:02:01'),(874,'SuperAdmin','Se ha creado el permiso','Spatie\\Permission\\Models\\Permission','created',71,'App\\Models\\User',1,'{\"attributes\":{\"name\":\"ver decomisos de transportes\"}}',NULL,'2022-02-01 00:02:16','2022-02-01 00:02:16'),(875,'digitador01','El usuario ha cerrado sesión',NULL,'Logout',NULL,'App\\Models\\User',5,'[]',NULL,'2022-02-01 01:48:42','2022-02-01 01:48:42'),(876,'SuperAdmin','El usuario ha ingresado al sistema',NULL,'Login',NULL,'App\\Models\\User',1,'[]',NULL,'2022-02-01 01:48:47','2022-02-01 01:48:47'),(877,'SuperAdmin','El usuario ha cerrado sesión',NULL,'Logout',NULL,'App\\Models\\User',1,'[]',NULL,'2022-02-01 01:49:43','2022-02-01 01:49:43'),(878,'digitador01','El usuario ha ingresado al sistema',NULL,'Login',NULL,'App\\Models\\User',5,'[]',NULL,'2022-02-01 01:49:51','2022-02-01 01:49:51'),(879,'SuperAdmin','El usuario ha ingresado al sistema',NULL,'Login',NULL,'App\\Models\\User',1,'[]',NULL,'2022-02-01 02:19:49','2022-02-01 02:19:49'),(880,'SuperAdmin','Se le ha asignado el permiso de: ver decomisos de precursores al usuario con id: 5','App\\Models\\User','creado',5,'App\\Models\\User',1,'{\"attributes\":{\"permission_id\":\"67\",\"model_id\":5},\"old\":{\"permission_id\":\"63, 67\",\"model_id\":5}}',NULL,'2022-02-01 02:21:09','2022-02-01 02:21:09'),(881,'SuperAdmin','Se le ha asignado el permiso de: ver decomisos de droga, ver decomisos de precursores al usuario con id: 5','App\\Models\\User','creado',5,'App\\Models\\User',1,'{\"attributes\":{\"permission_id\":\"63, 67\",\"model_id\":5},\"old\":{\"permission_id\":\"67\",\"model_id\":5}}',NULL,'2022-02-01 02:29:25','2022-02-01 02:29:25'),(882,'SuperAdmin','Se le ha asignado el permiso de: ver decomisos de precursores al usuario con id: 5','App\\Models\\User','creado',5,'App\\Models\\User',1,'{\"attributes\":{\"permission_id\":\"67\",\"model_id\":5},\"old\":{\"permission_id\":\"63, 67\",\"model_id\":5}}',NULL,'2022-02-01 02:57:34','2022-02-01 02:57:34'),(883,'SuperAdmin','Se le ha asignado el permiso de: ver decomisos de droga, ver decomisos de precursores al usuario con id: 5','App\\Models\\User','creado',5,'App\\Models\\User',1,'{\"attributes\":{\"permission_id\":\"63, 67\",\"model_id\":5},\"old\":{\"permission_id\":\"67\",\"model_id\":5}}',NULL,'2022-02-01 03:04:47','2022-02-01 03:04:47'),(884,'SuperAdmin','Se le ha asignado el permiso de: ver decomisos de droga al usuario con id: 5','App\\Models\\User','creado',5,'App\\Models\\User',1,'{\"attributes\":{\"permission_id\":\"63\",\"model_id\":5},\"old\":{\"permission_id\":\"63, 67\",\"model_id\":5}}',NULL,'2022-02-01 03:10:09','2022-02-01 03:10:09'),(885,'SuperAdmin','Se le ha asignado el permiso de: ver decomisos de droga, ver decomisos de precursores al usuario con id: 5','App\\Models\\User','creado',5,'App\\Models\\User',1,'{\"attributes\":{\"permission_id\":\"63, 67\",\"model_id\":5},\"old\":{\"permission_id\":\"63\",\"model_id\":5}}',NULL,'2022-02-01 03:10:44','2022-02-01 03:10:44'),(886,'SuperAdmin','Se le ha asignado el permiso de: ver decomisos de droga al usuario con id: 5','App\\Models\\User','creado',5,'App\\Models\\User',1,'{\"attributes\":{\"permission_id\":\"63\",\"model_id\":5},\"old\":{\"permission_id\":\"63, 67\",\"model_id\":5}}',NULL,'2022-02-01 03:14:52','2022-02-01 03:14:52'),(887,'SuperAdmin','Se le ha asignado el permiso de: ver decomisos de droga, ver decomisos de precursores al usuario con id: 5','App\\Models\\User','creado',5,'App\\Models\\User',1,'{\"attributes\":{\"permission_id\":\"63, 67\",\"model_id\":5},\"old\":{\"permission_id\":\"63\",\"model_id\":5}}',NULL,'2022-02-01 03:15:22','2022-02-01 03:15:22'),(888,'SuperAdmin','Se le ha asignado el permiso de: ver decomisos de droga al usuario con id: 5','App\\Models\\User','creado',5,'App\\Models\\User',1,'{\"attributes\":{\"permission_id\":\"63\",\"model_id\":5},\"old\":{\"permission_id\":\"63, 67\",\"model_id\":5}}',NULL,'2022-02-01 03:47:28','2022-02-01 03:47:28'),(889,'SuperAdmin','Se le ha asignado el permiso de: ver decomisos de droga, ver decomisos de precursores al usuario con id: 5','App\\Models\\User','creado',5,'App\\Models\\User',1,'{\"attributes\":{\"permission_id\":\"63, 67\",\"model_id\":5},\"old\":{\"permission_id\":\"63\",\"model_id\":5}}',NULL,'2022-02-01 03:47:49','2022-02-01 03:47:49'),(890,'SuperAdmin','Se le ha asignado el permiso de: ver decomisos de armas, ver detenidos en decomisos al usuario con id: 5','App\\Models\\User','creado',5,'App\\Models\\User',1,'{\"attributes\":{\"permission_id\":\"68, 70\",\"model_id\":5},\"old\":{\"permission_id\":\"63, 67\",\"model_id\":5}}',NULL,'2022-02-01 03:49:54','2022-02-01 03:49:54'),(891,'digitador01','Se ha actualizado el detenido','App\\Models\\decomiso_detenido','updated',2,'App\\Models\\User',5,'{\"attributes\":{\"nombre\":\"Jose Restrepo\",\"alias\":\"pancho\",\"identidad\":\"0801-1985-68595\",\"edad\":17,\"decomiso_id\":1,\"identificacion_id\":1,\"estructura_id\":1,\"ocupacion_id\":1,\"estado_civil_id\":1,\"pais_id\":87},\"old\":{\"nombre\":\"Jose Restrepo\",\"alias\":\"pancho\",\"identidad\":\"0801-1985-68595\",\"edad\":14,\"decomiso_id\":1,\"identificacion_id\":1,\"estructura_id\":1,\"ocupacion_id\":1,\"estado_civil_id\":1,\"pais_id\":87}}',NULL,'2022-02-01 03:50:57','2022-02-01 03:50:57'),(892,'SuperAdmin','Se le ha asignado el permiso de: ver decomisos de armas, ver decomisos de droga, ver decomisos de municiones, ver decomisos de precursores, ver decomisos de transportes, ver detenidos en decomisos al usuario con id: 5','App\\Models\\User','creado',5,'App\\Models\\User',1,'{\"attributes\":{\"permission_id\":\"68, 63, 69, 67, 71, 70\",\"model_id\":5},\"old\":{\"permission_id\":\"68, 70\",\"model_id\":5}}',NULL,'2022-02-01 03:56:13','2022-02-01 03:56:13'),(893,'SuperAdmin','Se ha creado el permiso','Spatie\\Permission\\Models\\Permission','created',72,'App\\Models\\User',1,'{\"attributes\":{\"name\":\"crear decomisos de precursores\"}}',NULL,'2022-02-01 03:59:22','2022-02-01 03:59:22'),(894,'SuperAdmin','Se ha creado el permiso','Spatie\\Permission\\Models\\Permission','created',73,'App\\Models\\User',1,'{\"attributes\":{\"name\":\"crear decomisos de armas\"}}',NULL,'2022-02-01 03:59:36','2022-02-01 03:59:36'),(895,'SuperAdmin','Se ha creado el permiso','Spatie\\Permission\\Models\\Permission','created',74,'App\\Models\\User',1,'{\"attributes\":{\"name\":\"crear decomisos de municiones\"}}',NULL,'2022-02-01 03:59:50','2022-02-01 03:59:50'),(896,'SuperAdmin','Se ha creado el permiso','Spatie\\Permission\\Models\\Permission','created',75,'App\\Models\\User',1,'{\"attributes\":{\"name\":\"crear detenidos en decomisos\"}}',NULL,'2022-02-01 04:00:01','2022-02-01 04:00:01'),(897,'SuperAdmin','Se ha creado el permiso','Spatie\\Permission\\Models\\Permission','created',76,'App\\Models\\User',1,'{\"attributes\":{\"name\":\"crear decomisos de transportes\"}}',NULL,'2022-02-01 04:00:13','2022-02-01 04:00:13'),(898,'SuperAdmin','Se le ha asignado el permiso de: crear decomisos de armas, crear decomisos de droga, crear decomisos de municiones, crear decomisos de precursores, crear decomisos de transportes, crear detenidos en decomisos, ver decomisos de armas, ver decomisos de droga, ver decomisos de municiones, ver decomisos de precursores, ver decomisos de transportes, ver detenidos en decomisos al usuario con id: 5','App\\Models\\User','creado',5,'App\\Models\\User',1,'{\"attributes\":{\"permission_id\":\"73, 64, 74, 72, 76, 75, 68, 63, 69, 67, 71, 70\",\"model_id\":5},\"old\":{\"permission_id\":\"63, 67, 68, 69, 70, 71\",\"model_id\":5}}',NULL,'2022-02-01 04:01:12','2022-02-01 04:01:12'),(899,'SuperAdmin','Se le ha asignado el permiso de: crear decomisos de armas, crear decomisos de droga, crear decomisos de municiones, crear decomisos de precursores, crear decomisos de transportes, crear detenidos en decomisos, editar decomisos de droga, ver decomisos de armas, ver decomisos de droga, ver decomisos de municiones, ver decomisos de precursores, ver decomisos de transportes, ver detenidos en decomisos al usuario con id: 5','App\\Models\\User','creado',5,'App\\Models\\User',1,'{\"attributes\":{\"permission_id\":\"73, 64, 74, 72, 76, 75, 65, 68, 63, 69, 67, 71, 70\",\"model_id\":5},\"old\":{\"permission_id\":\"63, 64, 67, 68, 69, 70, 71, 72, 73, 74, 75, 76\",\"model_id\":5}}',NULL,'2022-02-01 04:11:48','2022-02-01 04:11:48'),(900,'SuperAdmin','Se ha creado el permiso','Spatie\\Permission\\Models\\Permission','created',77,'App\\Models\\User',1,'{\"attributes\":{\"name\":\"editar decomisos de precursores\"}}',NULL,'2022-02-01 04:31:28','2022-02-01 04:31:28'),(901,'SuperAdmin','Se le ha asignado el permiso de: crear decomisos de armas, crear decomisos de droga, crear decomisos de municiones, crear decomisos de precursores, crear decomisos de transportes, crear detenidos en decomisos, editar decomisos de droga, editar decomisos de precursores, ver decomisos de armas, ver decomisos de droga, ver decomisos de municiones, ver decomisos de precursores, ver decomisos de transportes, ver detenidos en decomisos al usuario con id: 5','App\\Models\\User','creado',5,'App\\Models\\User',1,'{\"attributes\":{\"permission_id\":\"73, 64, 74, 72, 76, 75, 65, 77, 68, 63, 69, 67, 71, 70\",\"model_id\":5},\"old\":{\"permission_id\":\"63, 64, 65, 67, 68, 69, 70, 71, 72, 73, 74, 75, 76\",\"model_id\":5}}',NULL,'2022-02-01 04:37:56','2022-02-01 04:37:56'),(902,'SuperAdmin','Se le ha asignado el permiso de: borrar decomisos de droga, crear decomisos de armas, crear decomisos de droga, crear decomisos de municiones, crear decomisos de precursores, crear decomisos de transportes, crear detenidos en decomisos, editar decomisos de droga, editar decomisos de precursores, ver decomisos de armas, ver decomisos de droga, ver decomisos de municiones, ver decomisos de precursores, ver decomisos de transportes, ver detenidos en decomisos al usuario con id: 5','App\\Models\\User','creado',5,'App\\Models\\User',1,'{\"attributes\":{\"permission_id\":\"66, 73, 64, 74, 72, 76, 75, 65, 77, 68, 63, 69, 67, 71, 70\",\"model_id\":5},\"old\":{\"permission_id\":\"63, 64, 65, 67, 68, 69, 70, 71, 72, 73, 74, 75, 76, 77\",\"model_id\":5}}',NULL,'2022-02-01 04:39:33','2022-02-01 04:39:33'),(903,'SuperAdmin','Se ha creado el permiso','Spatie\\Permission\\Models\\Permission','created',78,'App\\Models\\User',1,'{\"attributes\":{\"name\":\"borrar decomisos de precursores\"}}',NULL,'2022-02-01 04:47:04','2022-02-01 04:47:04'),(904,'SuperAdmin','Se le ha asignado el permiso de: borrar decomisos de droga, borrar decomisos de precursores, crear decomisos de armas, crear decomisos de droga, crear decomisos de municiones, crear decomisos de precursores, crear decomisos de transportes, crear detenidos en decomisos, editar decomisos de droga, editar decomisos de precursores, ver decomisos de armas, ver decomisos de droga, ver decomisos de municiones, ver decomisos de precursores, ver decomisos de transportes, ver detenidos en decomisos al usuario con id: 5','App\\Models\\User','creado',5,'App\\Models\\User',1,'{\"attributes\":{\"permission_id\":\"66, 78, 73, 64, 74, 72, 76, 75, 65, 77, 68, 63, 69, 67, 71, 70\",\"model_id\":5},\"old\":{\"permission_id\":\"63, 64, 65, 66, 67, 68, 69, 70, 71, 72, 73, 74, 75, 76, 77\",\"model_id\":5}}',NULL,'2022-02-01 04:48:32','2022-02-01 04:48:32'),(905,'SuperAdmin','Se ha creado el permiso','Spatie\\Permission\\Models\\Permission','created',79,'App\\Models\\User',1,'{\"attributes\":{\"name\":\"editar decomisos de armas\"}}',NULL,'2022-02-01 04:50:14','2022-02-01 04:50:14'),(906,'SuperAdmin','Se ha creado el permiso','Spatie\\Permission\\Models\\Permission','created',80,'App\\Models\\User',1,'{\"attributes\":{\"name\":\"borrar decomisos de armas\"}}',NULL,'2022-02-01 04:50:25','2022-02-01 04:50:25'),(907,'SuperAdmin','Se ha creado el permiso','Spatie\\Permission\\Models\\Permission','created',81,'App\\Models\\User',1,'{\"attributes\":{\"name\":\"editar decomisos de municiones\"}}',NULL,'2022-02-01 04:53:13','2022-02-01 04:53:13'),(908,'SuperAdmin','Se ha creado el permiso','Spatie\\Permission\\Models\\Permission','created',82,'App\\Models\\User',1,'{\"attributes\":{\"name\":\"borrar decomisos de municiones\"}}',NULL,'2022-02-01 04:53:25','2022-02-01 04:53:25'),(909,'SuperAdmin','Se le ha asignado el permiso de: borrar decomisos de armas, borrar decomisos de droga, borrar decomisos de municiones, borrar decomisos de precursores, crear decomisos de armas, crear decomisos de droga, crear decomisos de municiones, crear decomisos de precursores, crear decomisos de transportes, crear detenidos en decomisos, editar decomisos de armas, editar decomisos de droga, editar decomisos de municiones, editar decomisos de precursores, ver decomisos de armas, ver decomisos de droga, ver decomisos de municiones, ver decomisos de precursores, ver decomisos de transportes, ver detenidos en decomisos al usuario con id: 5','App\\Models\\User','creado',5,'App\\Models\\User',1,'{\"attributes\":{\"permission_id\":\"80, 66, 82, 78, 73, 64, 74, 72, 76, 75, 79, 65, 81, 77, 68, 63, 69, 67, 71, 70\",\"model_id\":5},\"old\":{\"permission_id\":\"63, 64, 65, 66, 67, 68, 69, 70, 71, 72, 73, 74, 75, 76, 77, 78\",\"model_id\":5}}',NULL,'2022-02-01 04:54:07','2022-02-01 04:54:07'),(910,'SuperAdmin','Se ha creado el permiso','Spatie\\Permission\\Models\\Permission','created',83,'App\\Models\\User',1,'{\"attributes\":{\"name\":\"editar detenido en decomisos\"}}',NULL,'2022-02-01 04:57:07','2022-02-01 04:57:07'),(911,'SuperAdmin','Se ha creado el permiso','Spatie\\Permission\\Models\\Permission','created',84,'App\\Models\\User',1,'{\"attributes\":{\"name\":\"borrar detenido en decomisos\"}}',NULL,'2022-02-01 04:57:17','2022-02-01 04:57:17'),(912,'SuperAdmin','Se ha creado el permiso','Spatie\\Permission\\Models\\Permission','created',85,'App\\Models\\User',1,'{\"attributes\":{\"name\":\"editar decomisos de detenidos\"}}',NULL,'2022-02-01 04:59:20','2022-02-01 04:59:20'),(913,'SuperAdmin','Se ha creado el permiso','Spatie\\Permission\\Models\\Permission','created',86,'App\\Models\\User',1,'{\"attributes\":{\"name\":\"borrar decomisos de detenidos\"}}',NULL,'2022-02-01 04:59:28','2022-02-01 04:59:28'),(914,'digitador01','El usuario ha cerrado sesión',NULL,'Logout',NULL,'App\\Models\\User',5,'[]',NULL,'2022-02-01 04:59:41','2022-02-01 04:59:41'),(915,'SuperAdmin','El usuario ha ingresado al sistema',NULL,'Login',NULL,'App\\Models\\User',1,'[]',NULL,'2022-02-01 21:13:04','2022-02-01 21:13:04'),(916,'digitador01','El usuario ha ingresado al sistema',NULL,'Login',NULL,'App\\Models\\User',5,'[]',NULL,'2022-02-01 21:13:11','2022-02-01 21:13:11'),(917,'SuperAdmin','Se le ha asignado el permiso de: borrar decomisos de armas, borrar decomisos de detenidos, borrar decomisos de droga, borrar decomisos de municiones, borrar decomisos de precursores, borrar detenido en decomisos, crear decomisos de armas, crear decomisos de droga, crear decomisos de municiones, crear decomisos de precursores, crear decomisos de transportes, crear detenidos en decomisos, editar decomisos de armas, editar decomisos de detenidos, editar decomisos de droga, editar decomisos de municiones, editar decomisos de precursores, editar detenido en decomisos, ver decomisos de armas, ver decomisos de droga, ver decomisos de municiones, ver decomisos de precursores, ver decomisos de transportes, ver detenidos en decomisos al usuario con id: 5','App\\Models\\User','creado',5,'App\\Models\\User',1,'{\"attributes\":{\"permission_id\":\"80, 86, 66, 82, 78, 84, 73, 64, 74, 72, 76, 75, 79, 85, 65, 81, 77, 83, 68, 63, 69, 67, 71, 70\",\"model_id\":5},\"old\":{\"permission_id\":\"63, 64, 65, 66, 67, 68, 69, 70, 71, 72, 73, 74, 75, 76, 77, 78, 79, 80, 81, 82\",\"model_id\":5}}',NULL,'2022-02-01 21:15:04','2022-02-01 21:15:04'),(918,'SuperAdmin','Se le ha asignado el permiso de: borrar decomisos de armas, borrar decomisos de detenidos, borrar decomisos de droga, borrar decomisos de municiones, borrar decomisos de precursores, borrar detenido en decomisos, crear decomisos de armas, crear decomisos de droga, crear decomisos de municiones, crear decomisos de precursores, crear decomisos de transportes, crear detenidos en decomisos, editar decomisos de armas, editar decomisos de detenidos, editar decomisos de droga, editar decomisos de municiones, editar decomisos de precursores, editar detenido en decomisos, ver decomisos de armas, ver decomisos de municiones, ver decomisos de precursores, ver decomisos de transportes, ver detenidos en decomisos al usuario con id: 5','App\\Models\\User','creado',5,'App\\Models\\User',1,'{\"attributes\":{\"permission_id\":\"80, 86, 66, 82, 78, 84, 73, 64, 74, 72, 76, 75, 79, 85, 65, 81, 77, 83, 68, 69, 67, 71, 70\",\"model_id\":5},\"old\":{\"permission_id\":\"63, 64, 65, 66, 67, 68, 69, 70, 71, 72, 73, 74, 75, 76, 77, 78, 79, 80, 81, 82, 83, 84, 85, 86\",\"model_id\":5}}',NULL,'2022-02-01 21:17:43','2022-02-01 21:17:43'),(919,'SuperAdmin','Se le ha asignado el permiso de: borrar decomisos de armas, borrar decomisos de detenidos, borrar decomisos de municiones, borrar decomisos de precursores, borrar detenido en decomisos, crear decomisos de armas, crear decomisos de municiones, crear decomisos de precursores, crear decomisos de transportes, crear detenidos en decomisos, editar decomisos de armas, editar decomisos de detenidos, editar decomisos de municiones, editar decomisos de precursores, editar detenido en decomisos, ver decomisos de armas, ver decomisos de municiones, ver decomisos de precursores, ver decomisos de transportes, ver detenidos en decomisos al usuario con id: 5','App\\Models\\User','creado',5,'App\\Models\\User',1,'{\"attributes\":{\"permission_id\":\"80, 86, 82, 78, 84, 73, 74, 72, 76, 75, 79, 85, 81, 77, 83, 68, 69, 67, 71, 70\",\"model_id\":5},\"old\":{\"permission_id\":\"64, 65, 66, 67, 68, 69, 70, 71, 72, 73, 74, 75, 76, 77, 78, 79, 80, 81, 82, 83, 84, 85, 86\",\"model_id\":5}}',NULL,'2022-02-01 21:18:21','2022-02-01 21:18:21'),(920,'SuperAdmin','Se le ha asignado el permiso de: borrar decomisos de armas, borrar decomisos de detenidos, borrar decomisos de municiones, borrar decomisos de precursores, borrar detenido en decomisos, crear decomisos de armas, crear decomisos de municiones, crear decomisos de precursores, crear decomisos de transportes, crear detenidos en decomisos, editar decomisos de armas, editar decomisos de detenidos, editar decomisos de municiones, editar decomisos de precursores, editar detenido en decomisos, ver decomisos de armas, ver decomisos de droga, ver decomisos de municiones, ver decomisos de precursores, ver decomisos de transportes, ver detenidos en decomisos al usuario con id: 5','App\\Models\\User','creado',5,'App\\Models\\User',1,'{\"attributes\":{\"permission_id\":\"80, 86, 82, 78, 84, 73, 74, 72, 76, 75, 79, 85, 81, 77, 83, 68, 63, 69, 67, 71, 70\",\"model_id\":5},\"old\":{\"permission_id\":\"67, 68, 69, 70, 71, 72, 73, 74, 75, 76, 77, 78, 79, 80, 81, 82, 83, 84, 85, 86\",\"model_id\":5}}',NULL,'2022-02-01 21:21:18','2022-02-01 21:21:18'),(921,'SuperAdmin','Se le ha asignado el permiso de: borrar decomisos de armas, borrar decomisos de detenidos, borrar decomisos de municiones, borrar decomisos de precursores, borrar detenido en decomisos, crear decomisos de armas, crear decomisos de droga, crear decomisos de municiones, crear decomisos de precursores, crear decomisos de transportes, crear detenidos en decomisos, editar decomisos de armas, editar decomisos de detenidos, editar decomisos de municiones, editar decomisos de precursores, editar detenido en decomisos, ver decomisos de armas, ver decomisos de municiones, ver decomisos de precursores, ver decomisos de transportes, ver detenidos en decomisos al usuario con id: 5','App\\Models\\User','creado',5,'App\\Models\\User',1,'{\"attributes\":{\"permission_id\":\"80, 86, 82, 78, 84, 73, 64, 74, 72, 76, 75, 79, 85, 81, 77, 83, 68, 69, 67, 71, 70\",\"model_id\":5},\"old\":{\"permission_id\":\"63, 67, 68, 69, 70, 71, 72, 73, 74, 75, 76, 77, 78, 79, 80, 81, 82, 83, 84, 85, 86\",\"model_id\":5}}',NULL,'2022-02-01 21:21:53','2022-02-01 21:21:53'),(922,'SuperAdmin','Se le ha asignado el permiso de: borrar decomisos de armas, borrar decomisos de detenidos, borrar decomisos de municiones, borrar decomisos de precursores, borrar detenido en decomisos, crear decomisos de armas, crear decomisos de municiones, crear decomisos de precursores, crear decomisos de transportes, crear detenidos en decomisos, editar decomisos de armas, editar decomisos de detenidos, editar decomisos de municiones, editar decomisos de precursores, editar detenido en decomisos, ver decomisos de armas, ver decomisos de municiones, ver decomisos de precursores, ver decomisos de transportes, ver detenidos en decomisos al usuario con id: 5','App\\Models\\User','creado',5,'App\\Models\\User',1,'{\"attributes\":{\"permission_id\":\"80, 86, 82, 78, 84, 73, 74, 72, 76, 75, 79, 85, 81, 77, 83, 68, 69, 67, 71, 70\",\"model_id\":5},\"old\":{\"permission_id\":\"64, 67, 68, 69, 70, 71, 72, 73, 74, 75, 76, 77, 78, 79, 80, 81, 82, 83, 84, 85, 86\",\"model_id\":5}}',NULL,'2022-02-01 21:27:13','2022-02-01 21:27:13'),(923,'SuperAdmin','Se ha actualizado el permiso','Spatie\\Permission\\Models\\Permission','updated',86,'App\\Models\\User',1,'{\"attributes\":{\"name\":\"borrar decomisos de transportes\"},\"old\":{\"name\":\"borrar decomisos de detenidos\"}}',NULL,'2022-02-01 21:45:35','2022-02-01 21:45:35'),(924,'SuperAdmin','Se ha actualizado el permiso','Spatie\\Permission\\Models\\Permission','updated',85,'App\\Models\\User',1,'{\"attributes\":{\"name\":\"editar decomisos de transportes\"},\"old\":{\"name\":\"editar decomisos de detenidos\"}}',NULL,'2022-02-01 21:46:13','2022-02-01 21:46:13'),(925,'digitador01','Se ha actualizado el transporte','App\\Models\\decomiso_transporte','updated',1,'App\\Models\\User',5,'{\"attributes\":{\"tipo\":\"Terrestre\",\"marca\":null,\"modelo\":\"sedans\",\"color\":\"verde\",\"placa\":\"MAG-9865\",\"decomiso_id\":1,\"pais_pro_id\":87,\"pais_des_id\":87,\"dep_pro_id\":12,\"dep_des_id\":8,\"mun_pro_id\":175,\"mun_des_id\":107},\"old\":{\"tipo\":\"Terrestre\",\"marca\":null,\"modelo\":\"sedan\",\"color\":\"verde\",\"placa\":\"MAG-9865\",\"decomiso_id\":1,\"pais_pro_id\":87,\"pais_des_id\":87,\"dep_pro_id\":12,\"dep_des_id\":8,\"mun_pro_id\":175,\"mun_des_id\":107}}',NULL,'2022-02-01 21:47:01','2022-02-01 21:47:01'),(926,'SuperAdmin','Se ha actualizado el permiso','Spatie\\Permission\\Models\\Permission','updated',84,'App\\Models\\User',1,'{\"attributes\":{\"name\":\"borrar detenidos en decomisos\"},\"old\":{\"name\":\"borrar detenido en decomisos\"}}',NULL,'2022-02-01 21:49:43','2022-02-01 21:49:43'),(927,'SuperAdmin','Se ha actualizado el permiso','Spatie\\Permission\\Models\\Permission','updated',83,'App\\Models\\User',1,'{\"attributes\":{\"name\":\"editar detenidos en decomisos\"},\"old\":{\"name\":\"editar detenido en decomisos\"}}',NULL,'2022-02-01 21:50:02','2022-02-01 21:50:02'),(928,'digitador01','Se ha actualizado el transporte','App\\Models\\decomiso_transporte','updated',1,'App\\Models\\User',5,'{\"attributes\":{\"tipo\":\"Terrestre\",\"marca\":null,\"modelo\":\"sedan\",\"color\":\"verde\",\"placa\":\"MAG-9865\",\"decomiso_id\":1,\"pais_pro_id\":87,\"pais_des_id\":87,\"dep_pro_id\":12,\"dep_des_id\":8,\"mun_pro_id\":175,\"mun_des_id\":107},\"old\":{\"tipo\":\"Terrestre\",\"marca\":null,\"modelo\":\"sedans\",\"color\":\"verde\",\"placa\":\"MAG-9865\",\"decomiso_id\":1,\"pais_pro_id\":87,\"pais_des_id\":87,\"dep_pro_id\":12,\"dep_des_id\":8,\"mun_pro_id\":175,\"mun_des_id\":107}}',NULL,'2022-02-01 21:50:50','2022-02-01 21:50:50'),(929,'SuperAdmin','Se le ha asignado el permiso de: borrar decomisos de armas, borrar decomisos de municiones, borrar decomisos de precursores, borrar decomisos de transportes, borrar detenidos en decomisos, crear decomisos de armas, crear decomisos de municiones, crear decomisos de precursores, crear decomisos de transportes, crear detenidos en decomisos, editar decomisos de armas, editar decomisos de municiones, editar decomisos de precursores, editar detenidos en decomisos, ver decomisos de armas, ver decomisos de municiones, ver decomisos de precursores, ver decomisos de transportes, ver detenidos en decomisos al usuario con id: 5','App\\Models\\User','creado',5,'App\\Models\\User',1,'{\"attributes\":{\"permission_id\":\"80, 82, 78, 86, 84, 73, 74, 72, 76, 75, 79, 81, 77, 83, 68, 69, 67, 71, 70\",\"model_id\":5},\"old\":{\"permission_id\":\"67, 68, 69, 70, 71, 72, 73, 74, 75, 76, 77, 78, 79, 80, 81, 82, 83, 84, 85, 86\",\"model_id\":5}}',NULL,'2022-02-01 21:56:23','2022-02-01 21:56:23'),(930,'SuperAdmin','Se le ha asignado el permiso de: borrar decomisos de armas, borrar decomisos de municiones, borrar decomisos de precursores, borrar decomisos de transportes, borrar detenidos en decomisos, crear decomisos de armas, crear decomisos de municiones, crear decomisos de precursores, crear decomisos de transportes, crear detenidos en decomisos, editar decomisos de armas, editar decomisos de municiones, editar decomisos de precursores, editar decomisos de transportes, editar detenidos en decomisos, ver decomisos de armas, ver decomisos de municiones, ver decomisos de precursores, ver decomisos de transportes, ver detenidos en decomisos al usuario con id: 5','App\\Models\\User','creado',5,'App\\Models\\User',1,'{\"attributes\":{\"permission_id\":\"80, 82, 78, 86, 84, 73, 74, 72, 76, 75, 79, 81, 77, 85, 83, 68, 69, 67, 71, 70\",\"model_id\":5},\"old\":{\"permission_id\":\"67, 68, 69, 70, 71, 72, 73, 74, 75, 76, 77, 78, 79, 80, 81, 82, 83, 84, 86\",\"model_id\":5}}',NULL,'2022-02-01 21:56:58','2022-02-01 21:56:58'),(931,'SuperAdmin','Se le ha asignado el permiso de: borrar decomisos de armas, borrar decomisos de droga, borrar decomisos de municiones, borrar decomisos de precursores, borrar decomisos de transportes, borrar detenidos en decomisos, crear decomisos de armas, crear decomisos de droga, crear decomisos de municiones, crear decomisos de precursores, crear decomisos de transportes, crear detenidos en decomisos, editar decomisos de armas, editar decomisos de droga, editar decomisos de municiones, editar decomisos de precursores, editar decomisos de transportes, editar detenidos en decomisos, ver decomisos de armas, ver decomisos de droga, ver decomisos de municiones, ver decomisos de precursores, ver decomisos de transportes, ver detenidos en decomisos al usuario con id: 5','App\\Models\\User','creado',5,'App\\Models\\User',1,'{\"attributes\":{\"permission_id\":\"80, 66, 82, 78, 86, 84, 73, 64, 74, 72, 76, 75, 79, 65, 81, 77, 85, 83, 68, 63, 69, 67, 71, 70\",\"model_id\":5},\"old\":{\"permission_id\":\"67, 68, 69, 70, 71, 72, 73, 74, 75, 76, 77, 78, 79, 80, 81, 82, 83, 84, 85, 86\",\"model_id\":5}}',NULL,'2022-02-01 22:14:16','2022-02-01 22:14:16'),(932,'digitador01','Se ha actualizado el decomiso de droga','App\\Models\\decomiso_droga','updated',10,'App\\Models\\User',5,'{\"attributes\":{\"cantidad\":6,\"peso\":65,\"decomiso_id\":1,\"droga_id\":8,\"presentacion_droga_id\":3},\"old\":{\"cantidad\":5,\"peso\":65,\"decomiso_id\":1,\"droga_id\":8,\"presentacion_droga_id\":3}}',NULL,'2022-02-01 22:14:28','2022-02-01 22:14:28'),(933,'digitador01','Se ha actualizado el decomiso de precursor','App\\Models\\decomiso_precursor','updated',17,'App\\Models\\User',5,'{\"attributes\":{\"cantidad\":57,\"volumen\":545.7,\"decomiso_id\":1,\"precursor_id\":3,\"presentacion_precursor_id\":5},\"old\":{\"cantidad\":56,\"volumen\":545.7,\"decomiso_id\":1,\"precursor_id\":3,\"presentacion_precursor_id\":5}}',NULL,'2022-02-01 22:19:49','2022-02-01 22:19:49'),(934,'digitador01','Se ha actualizado el decomiso de precursor','App\\Models\\decomiso_precursor','updated',17,'App\\Models\\User',5,'{\"attributes\":{\"cantidad\":54,\"volumen\":545.7,\"decomiso_id\":1,\"precursor_id\":3,\"presentacion_precursor_id\":5},\"old\":{\"cantidad\":57,\"volumen\":545.7,\"decomiso_id\":1,\"precursor_id\":3,\"presentacion_precursor_id\":5}}',NULL,'2022-02-01 16:22:41','2022-02-01 16:22:41'),(935,'digitador01','Se ha actualizado el decomiso de precursor','App\\Models\\decomiso_precursor','updated',12,'App\\Models\\User',5,'{\"attributes\":{\"cantidad\":75,\"volumen\":9,\"decomiso_id\":1,\"precursor_id\":3,\"presentacion_precursor_id\":3},\"old\":{\"cantidad\":78,\"volumen\":9,\"decomiso_id\":1,\"precursor_id\":3,\"presentacion_precursor_id\":3}}',NULL,'2022-02-01 22:30:36','2022-02-01 22:30:36'),(936,'digitador01','Se ha actualizado el decomiso del arma','App\\Models\\decomiso_arma','updated',3,'App\\Models\\User',5,'{\"attributes\":{\"cantidad\":11,\"decomiso_id\":1,\"arma_id\":3},\"old\":{\"cantidad\":12,\"decomiso_id\":1,\"arma_id\":3}}',NULL,'2022-02-01 22:42:44','2022-02-01 22:42:44'),(937,'digitador01','Se ha actualizado el decomiso del arma','App\\Models\\decomiso_municion','updated',2,'App\\Models\\User',5,'{\"attributes\":{\"cantidad\":452,\"decomiso_id\":1,\"tipo_municion_id\":1},\"old\":{\"cantidad\":452,\"decomiso_id\":1,\"tipo_municion_id\":3}}',NULL,'2022-02-01 22:43:13','2022-02-01 22:43:13'),(938,'digitador01','Se ha actualizado el decomiso del arma','App\\Models\\decomiso_municion','updated',1,'App\\Models\\User',5,'{\"attributes\":{\"cantidad\":73,\"decomiso_id\":1,\"tipo_municion_id\":6},\"old\":{\"cantidad\":73,\"decomiso_id\":1,\"tipo_municion_id\":1}}',NULL,'2022-02-01 22:43:32','2022-02-01 22:43:32'),(939,'digitador01','Se ha actualizado el detenido','App\\Models\\decomiso_detenido','updated',2,'App\\Models\\User',5,'{\"attributes\":{\"nombre\":\"Jose Restrepo\",\"alias\":\"pancho\",\"identidad\":\"0801-1985-68595\",\"edad\":19,\"decomiso_id\":1,\"identificacion_id\":1,\"estructura_id\":1,\"ocupacion_id\":1,\"estado_civil_id\":1,\"pais_id\":87},\"old\":{\"nombre\":\"Jose Restrepo\",\"alias\":\"pancho\",\"identidad\":\"0801-1985-68595\",\"edad\":17,\"decomiso_id\":1,\"identificacion_id\":1,\"estructura_id\":1,\"ocupacion_id\":1,\"estado_civil_id\":1,\"pais_id\":87}}',NULL,'2022-02-01 22:43:47','2022-02-01 22:43:47'),(940,'digitador01','Se ha actualizado el transporte','App\\Models\\decomiso_transporte','updated',4,'App\\Models\\User',5,'{\"attributes\":{\"tipo\":\"Terrestre\",\"marca\":\"Mazda\",\"modelo\":\"Sedan\",\"color\":\"rojo marron\",\"placa\":\"LKJ-9865\",\"decomiso_id\":1,\"pais_pro_id\":73,\"pais_des_id\":87,\"dep_pro_id\":null,\"dep_des_id\":12,\"mun_pro_id\":null,\"mun_des_id\":173},\"old\":{\"tipo\":\"Terrestre\",\"marca\":\"Mazda\",\"modelo\":\"Sedan\",\"color\":\"rojo\",\"placa\":\"LKJ-9865\",\"decomiso_id\":1,\"pais_pro_id\":73,\"pais_des_id\":87,\"dep_pro_id\":null,\"dep_des_id\":12,\"mun_pro_id\":null,\"mun_des_id\":173}}',NULL,'2022-02-01 22:44:13','2022-02-01 22:44:13'),(941,'digitador01','El usuario ha cerrado sesión',NULL,'Logout',NULL,'App\\Models\\User',5,'[]',NULL,'2022-02-01 22:50:28','2022-02-01 22:50:28'),(942,'SuperAdmin','El usuario ha ingresado al sistema',NULL,'Login',NULL,'App\\Models\\User',1,'[]',NULL,'2022-02-01 22:50:34','2022-02-01 22:50:34'),(943,'SuperAdmin','El usuario ha cerrado sesión',NULL,'Logout',NULL,'App\\Models\\User',1,'[]',NULL,'2022-02-01 22:51:04','2022-02-01 22:51:04'),(944,'visualizador02','El usuario ha ingresado al sistema',NULL,'Login',NULL,'App\\Models\\User',35,'[]',NULL,'2022-02-01 22:51:09','2022-02-01 22:51:09'),(945,'default','Se ha generado una grafica de droga',NULL,NULL,NULL,'App\\Models\\User',35,'[]',NULL,'2022-02-01 23:29:12','2022-02-01 23:29:12'),(946,'default','Se ha generado una grafica de droga',NULL,NULL,NULL,'App\\Models\\User',35,'[]',NULL,'2022-02-01 23:29:28','2022-02-01 23:29:28'),(947,'visualizador02','Se ha generado una grafica',NULL,'Login',NULL,'App\\Models\\User',35,'[]',NULL,'2022-02-01 23:33:23','2022-02-01 23:33:23'),(948,'visualizador02','Se ha generado una grafica',NULL,'Login',NULL,'App\\Models\\User',35,'[]',NULL,'2022-02-01 23:33:41','2022-02-01 23:33:41'),(949,'SuperAdmin','Se le ha asignado el rol de: Visualizador al usuario con id: 4','App\\Models\\User','actualizado',4,'App\\Models\\User',1,'{\"attributes\":{\"role_id\":\"2\",\"model_id\":4},\"old\":{\"role_id\":\"2\",\"model_id\":4}}',NULL,'2022-02-01 23:40:03','2022-02-01 23:40:03'),(950,'visualizador02','Se ha generado una grafica',NULL,'Login',NULL,'App\\Models\\User',35,'{\"attributes\":{\"fecha_ini\":\"2021-05-01\",\"fecha_fin\":\"2022-02-16\",\"tipo_tiempo\":\"Anual\",\"tipo_decomiso\":\"Droga\",\"tipo_gr\":\"presentaciones\",\"drogas\":\"Marihuana\",\"pres_drogas\":\"1, 3, 4, 5, 6\",\"parametro\":\"peso\"}}',NULL,'2022-02-01 23:52:25','2022-02-01 23:52:25'),(951,'visualizador02','Se ha generado una grafica',NULL,'Login',NULL,'App\\Models\\User',35,'{\"attributes\":{\"fecha_ini\":\"2021-05-01\",\"fecha_fin\":\"2022-02-16\",\"tipo_tiempo\":\"Anual\",\"tipo_decomiso\":\"Droga\",\"tipo_gr\":\"drogas\",\"drogas\":\"Coca\\u00edna, Marihuana, Crack\",\"pres_drogas\":\"1\",\"parametro\":\"peso\"}}',NULL,'2022-02-01 23:53:06','2022-02-01 23:53:06'),(952,'visualizador02','Se ha generado una grafica de precursores',NULL,'Login',NULL,'App\\Models\\User',35,'{\"attributes\":{\"fecha_ini\":\"2021-05-01\",\"fecha_fin\":\"2022-02-16\",\"tipo_tiempo\":\"Anual\",\"tipo_decomiso\":\"Precursor\",\"crit_prec\":\"presentaciones\",\"precursores\":\"Alcohol isobut\\u00edlico\",\"pres_precursores\":\"1, 3\",\"parametro\":\"volumen\"}}',NULL,'2022-02-01 23:56:44','2022-02-01 23:56:44'),(953,'visualizador02','Se ha generado una grafica de armas',NULL,'Login',NULL,'App\\Models\\User',35,'{\"attributes\":{\"fecha_ini\":\"2021-05-01\",\"fecha_fin\":\"2022-02-16\",\"tipo_tiempo\":\"Anual\",\"tipo_decomiso\":\"Arma\",\"armas\":\"Ak-47, Vector, Pistola, Revolver, Rifle\"}}',NULL,'2022-02-02 00:01:27','2022-02-02 00:01:27'),(954,'visualizador02','Se ha generado una grafica de municiones',NULL,'Login',NULL,'App\\Models\\User',35,'{\"attributes\":{\"fecha_ini\":\"2021-05-01\",\"fecha_fin\":\"2022-02-16\",\"tipo_tiempo\":\"Anual\",\"tipo_decomiso\":\"Municion\",\"municiones\":\"9 mm, 0.380 mm, 22 mm, 40 mm\"}}',NULL,'2022-02-02 00:05:17','2022-02-02 00:05:17'),(955,'visualizador02','Se ha generado una grafica de detenidos',NULL,'Login',NULL,'App\\Models\\User',35,'{\"attributes\":{\"fecha_ini\":\"2021-05-01\",\"fecha_fin\":\"2022-02-16\",\"tipo_tiempo\":\"Anual\",\"tipo_decomiso\":\"Detenido\",\"dete_gen\":\"1, 0\",\"dete_estr\":\"Los cabezones, Los negros, Los malvados\"}}',NULL,'2022-02-02 00:09:36','2022-02-02 00:09:36'),(956,'visualizador02','Se ha generado una grafica de transportes',NULL,'Login',NULL,'App\\Models\\User',35,'{\"attributes\":{\"fecha_ini\":\"2021-05-01\",\"fecha_fin\":\"2022-02-16\",\"tipo_tiempo\":\"Anual\",\"tipo_decomiso\":\"Transporte\",\"trans_tip\":\"Aereo, Terrestre, Maritimo\"}}',NULL,'2022-02-02 00:13:21','2022-02-02 00:13:21'),(957,'visualizador02','Se ha generado una grafica de detenidos',NULL,'Login',NULL,'App\\Models\\User',35,'{\"attributes\":{\"fecha_ini\":\"2021-05-01\",\"fecha_fin\":\"2022-02-16\",\"tipo_tiempo\":\"Anual\",\"tipo_decomiso\":\"Detenido\",\"genero\":\"1, 0\",\"estructura\":\"Los cabezones, Los negros, Los malvados, Los bandidos\"}}',NULL,'2022-02-02 00:15:11','2022-02-02 00:15:11'),(958,'visualizador02','Se ha generado una grafica de drogas',NULL,'Login',NULL,'App\\Models\\User',35,'{\"attributes\":{\"fecha_ini\":\"2021-05-01\",\"fecha_fin\":\"2022-02-16\",\"tipo_tiempo\":\"Anual\",\"tipo_decomiso\":\"Droga\",\"criterio\":\"presentaciones\",\"drogas\":\"Marihuana\",\"presentaci\\u00f3n\":\"1, 3, 4, 5, 6\",\"magnitud\":\"peso\"}}',NULL,'2022-02-02 00:18:09','2022-02-02 00:18:09'),(959,'visualizador02','Se ha generado una grafica de drogas',NULL,'Login',NULL,'App\\Models\\User',35,'{\"attributes\":{\"fecha_inicial\":\"2021-05-01\",\"fecha_final\":\"2022-02-16\",\"periodo\":\"Anual\",\"tipo_decomiso\":\"Droga\",\"criterio\":\"presentaciones\",\"drogas\":\"Marihuana\",\"presentaci\\u00f3n\":\"1, 3, 4, 5, 6\",\"magnitud\":\"peso\"}}',NULL,'2022-02-02 01:25:19','2022-02-02 01:25:19'),(960,'visualizador02','Se ha generado una grafica de drogas',NULL,'Login',NULL,'App\\Models\\User',35,'{\"attributes\":{\"fecha_inicial\":\"2021-07-01\",\"fecha_final\":\"2022-02-17\",\"periodo\":\"Anual\",\"tipo_decomiso\":\"Droga\",\"criterio\":\"presentaciones\",\"drogas\":\"Marihuana\",\"presentaci\\u00f3n\":\"1, 3, 4, 5\",\"magnitud\":\"peso\"}}',NULL,'2022-02-02 01:29:39','2022-02-02 01:29:39'),(961,'visualizador02','Se ha generado un mapa de drogas',NULL,'Login',NULL,'App\\Models\\User',35,'{\"attributes\":{\"fecha_inicial\":\"2021-05-01\",\"fecha_final\":\"2022-02-18\",\"tipo_decomiso\":\"Droga\",\"drogas\":\"Marihuana\",\"presentaci\\u00f3n\":\"1\",\"tipo_mapa\":\"departamentos\",\"magnitud\":\"peso\"}}',NULL,'2022-02-02 01:36:08','2022-02-02 01:36:08'),(962,'visualizador02','Se ha generado un mapa de precurores',NULL,'Login',NULL,'App\\Models\\User',35,'{\"attributes\":{\"fecha_inicial\":\"2021-05-01\",\"fecha_final\":\"2022-02-18\",\"tipo_decomiso\":\"Droga\",\"precursores\":\"Alcohol but\\u00edlico\",\"presentaci\\u00f3n\":\"1\",\"tipo_mapa\":\"departamentos\",\"magnitud\":\"volumen\"}}',NULL,'2022-02-02 01:38:47','2022-02-02 01:38:47'),(963,'visualizador02','Se ha generado un mapa de armas',NULL,'Login',NULL,'App\\Models\\User',35,'{\"attributes\":{\"fecha_inicial\":\"2021-05-01\",\"fecha_final\":\"2022-02-18\",\"tipo_decomiso\":\"Droga\",\"tipo_mapa\":\"departamentos\",\"armas\":\"Ak-47\"}}',NULL,'2022-02-02 01:47:39','2022-02-02 01:47:39'),(964,'visualizador02','Se ha generado un mapa de municiones',NULL,'Login',NULL,'App\\Models\\User',35,'{\"attributes\":{\"fecha_inicial\":\"2021-05-01\",\"fecha_final\":\"2022-02-18\",\"tipo_decomiso\":\"Droga\",\"tipo_mapa\":\"departamentos\",\"municiones\":\"9 mm\"}}',NULL,'2022-02-02 01:49:46','2022-02-02 01:49:46'),(965,'visualizador02','Se ha generado un mapa de detenidos',NULL,'Login',NULL,'App\\Models\\User',35,'{\"attributes\":{\"fecha_inicial\":\"2021-05-01\",\"fecha_final\":\"2022-02-18\",\"tipo_decomiso\":\"Droga\",\"tipo_mapa\":\"departamentos\",\"genero\":\"1, 0\",\"estructura\":\"Los cabezones, Los negros, Los malvados, Los bandidos\"}}',NULL,'2022-02-02 01:51:35','2022-02-02 01:51:35'),(966,'visualizador02','Se ha generado un mapa de transportes',NULL,'Login',NULL,'App\\Models\\User',35,'{\"attributes\":{\"fecha_inicial\":\"2021-05-01\",\"fecha_final\":\"2022-02-18\",\"tipo_decomiso\":\"Droga\",\"tipo_mapa\":\"departamentos\",\"tipo_transporte\":\"Aereo, Terrestre, Maritimo\"}}',NULL,'2022-02-02 01:52:49','2022-02-02 01:52:49'),(967,'visualizador02','Se ha generado un mapa de detenidos',NULL,'Login',NULL,'App\\Models\\User',35,'{\"attributes\":{\"fecha_inicial\":\"2021-05-01\",\"fecha_final\":\"2022-02-18\",\"tipo_decomiso\":\"Droga\",\"tipo_mapa\":\"departamentos\",\"genero\":\"1, 0\",\"estructura\":\"Los cabezones, Los negros, Los malvados, Los bandidos\"}}',NULL,'2022-02-02 02:09:25','2022-02-02 02:09:25'),(968,'visualizador02','Se ha generado un mapa de detenidos',NULL,'Login',NULL,'App\\Models\\User',35,'{\"attributes\":{\"fecha_inicial\":\"2021-05-01\",\"fecha_final\":\"2022-02-18\",\"tipo_decomiso\":\"Droga\",\"tipo_mapa\":\"departamentos\",\"genero\":\"1, 0\",\"estructura\":\"Los cabezones, Los negros, Los malvados, Los bandidos\"}}',NULL,'2022-02-02 02:13:37','2022-02-02 02:13:37'),(969,'visualizador02','Se ha generado un mapa de detenidos',NULL,'Login',NULL,'App\\Models\\User',35,'{\"attributes\":{\"fecha_inicial\":\"2021-05-01\",\"fecha_final\":\"2022-02-18\",\"tipo_decomiso\":\"Detenidos\",\"tipo_mapa\":\"departamentos\",\"genero\":\"1, 0\",\"estructura\":\"Los cabezones, Los negros, Los malvados, Los bandidos\"}}',NULL,'2022-02-02 02:17:08','2022-02-02 02:17:08'),(970,'visualizador02','Se ha generado un mapa de drogas',NULL,'Login',NULL,'App\\Models\\User',35,'{\"attributes\":{\"fecha_inicial\":\"2021-05-01\",\"fecha_final\":\"2022-02-18\",\"tipo_decomiso\":\"Drogas\",\"drogas\":\"Marihuana\",\"presentaci\\u00f3n\":\"3\",\"tipo_mapa\":\"departamentos\",\"magnitud\":\"cantidad\"}}',NULL,'2022-02-02 02:18:36','2022-02-02 02:18:36'),(971,'visualizador02','Se ha generado un mapa de precurores',NULL,'Login',NULL,'App\\Models\\User',35,'{\"attributes\":{\"fecha_inicial\":\"2021-05-01\",\"fecha_final\":\"2022-02-18\",\"tipo_decomiso\":\"Precursores\",\"precursores\":\"Alcohol isobut\\u00edlico\",\"presentaci\\u00f3n\":\"1\",\"tipo_mapa\":\"departamentos\",\"magnitud\":\"volumen\"}}',NULL,'2022-02-02 02:20:05','2022-02-02 02:20:05'),(972,'visualizador02','Se ha generado un mapa de precurores',NULL,'Login',NULL,'App\\Models\\User',35,'{\"attributes\":{\"fecha_inicial\":\"2021-05-01\",\"fecha_final\":\"2022-02-18\",\"tipo_decomiso\":\"Precursores\",\"precursores\":\"Alcohol isobut\\u00edlico\",\"presentaci\\u00f3n\":\"1\",\"tipo_mapa\":\"departamentos\",\"magnitud\":\"volumen\"}}',NULL,'2022-02-02 02:20:13','2022-02-02 02:20:13'),(973,'visualizador02','El usuario ha cerrado sesión',NULL,'Logout',NULL,'App\\Models\\User',35,'[]',NULL,'2022-02-02 02:20:30','2022-02-02 02:20:30'),(974,'administrador01','El usuario ha ingresado al sistema',NULL,'Login',NULL,'App\\Models\\User',13,'[]',NULL,'2022-02-02 02:20:40','2022-02-02 02:20:40'),(975,'administrador01','Se ha actualizado el tipo de droga','App\\Models\\TipoDroga','updated',4,'App\\Models\\User',13,'{\"attributes\":{\"descripcion\":\"sedantes_\"},\"old\":{\"descripcion\":\"sedantes\"}}',NULL,'2022-02-02 02:20:56','2022-02-02 02:20:56'),(976,'administrador01','Se ha actualizado el tipo de droga','App\\Models\\TipoDroga','updated',4,'App\\Models\\User',13,'{\"attributes\":{\"descripcion\":\"sedantes\"},\"old\":{\"descripcion\":\"sedantes_\"}}',NULL,'2022-02-02 02:21:09','2022-02-02 02:21:09'),(977,'administrador01','Se ha actualizado la presentación de droga','App\\Models\\presentacionDroga','updated',1,'App\\Models\\User',13,'{\"attributes\":{\"descripcion\":\"paquetes_\"},\"old\":{\"descripcion\":\"paquetes\"}}',NULL,'2022-02-02 02:21:46','2022-02-02 02:21:46'),(978,'administrador01','Se ha actualizado la presentación de droga','App\\Models\\presentacionDroga','updated',1,'App\\Models\\User',13,'{\"attributes\":{\"descripcion\":\"paquetes\"},\"old\":{\"descripcion\":\"paquetes_\"}}',NULL,'2022-02-02 02:21:58','2022-02-02 02:21:58'),(979,'administrador01','Se ha actualizado la presentación de precursor','App\\Models\\presentacionPrecursor','updated',1,'App\\Models\\User',13,'{\"attributes\":{\"descripcion\":\"botes_\"},\"old\":{\"descripcion\":\"botes\"}}',NULL,'2022-02-02 02:22:12','2022-02-02 02:22:12'),(980,'administrador01','Se ha actualizado la presentación de precursor','App\\Models\\presentacionPrecursor','updated',1,'App\\Models\\User',13,'{\"attributes\":{\"descripcion\":\"botes\"},\"old\":{\"descripcion\":\"botes_\"}}',NULL,'2022-02-02 02:22:25','2022-02-02 02:22:25'),(981,'administrador01','Se ha actualizado el estado civil','App\\Models\\EstadoCivil','updated',1,'App\\Models\\User',13,'{\"attributes\":{\"descripcion\":\"Soltero_\"},\"old\":{\"descripcion\":\"Soltero\"}}',NULL,'2022-02-02 02:31:06','2022-02-02 02:31:06'),(982,'administrador01','Se ha actualizado el estado civil','App\\Models\\EstadoCivil','updated',1,'App\\Models\\User',13,'{\"attributes\":{\"descripcion\":\"Soltero\"},\"old\":{\"descripcion\":\"Soltero_\"}}',NULL,'2022-02-02 02:31:19','2022-02-02 02:31:19'),(983,'administrador01','El usuario ha cerrado sesión',NULL,'Logout',NULL,'App\\Models\\User',13,'[]',NULL,'2022-02-02 02:31:37','2022-02-02 02:31:37'),(984,'digitador01','El usuario ha ingresado al sistema',NULL,'Login',NULL,'App\\Models\\User',5,'[]',NULL,'2022-02-02 02:31:43','2022-02-02 02:31:43'),(985,'digitador01','El usuario ha cerrado sesión',NULL,'Logout',NULL,'App\\Models\\User',5,'[]',NULL,'2022-02-02 02:32:12','2022-02-02 02:32:12'),(986,'visualizador01','El usuario ha ingresado al sistema',NULL,'Login',NULL,'App\\Models\\User',4,'[]',NULL,'2022-02-02 02:32:17','2022-02-02 02:32:17'),(987,'visualizador01','El usuario ha cerrado sesión',NULL,'Logout',NULL,'App\\Models\\User',4,'[]',NULL,'2022-02-02 02:32:28','2022-02-02 02:32:28'),(988,'visualizador02','El usuario ha ingresado al sistema',NULL,'Login',NULL,'App\\Models\\User',35,'[]',NULL,'2022-02-02 02:32:38','2022-02-02 02:32:38'),(989,'SuperAdmin','Se le ha asignado el permiso de: ver decomisos de droga al usuario con id: 35','App\\Models\\User','creado',35,'App\\Models\\User',1,'{\"attributes\":{\"permission_id\":\"63\",\"model_id\":35},\"old\":{\"permission_id\":\"\",\"model_id\":35}}',NULL,'2022-02-02 02:35:06','2022-02-02 02:35:06'),(990,'SuperAdmin','Se le ha asignado el permiso de: ver decomisos de armas, ver decomisos de droga, ver decomisos de municiones, ver decomisos de precursores, ver decomisos de transportes, ver detenidos en decomisos al usuario con id: 35','App\\Models\\User','creado',35,'App\\Models\\User',1,'{\"attributes\":{\"permission_id\":\"68, 63, 69, 67, 71, 70\",\"model_id\":35},\"old\":{\"permission_id\":\"63\",\"model_id\":35}}',NULL,'2022-02-02 02:36:53','2022-02-02 02:36:53'),(991,'visualizador02','El usuario ha cerrado sesión',NULL,'Logout',NULL,'App\\Models\\User',35,'[]',NULL,'2022-02-02 02:56:17','2022-02-02 02:56:17'),(992,'SuperAdmin','El usuario ha ingresado al sistema',NULL,'Login',NULL,'App\\Models\\User',1,'[]',NULL,'2022-02-02 02:56:48','2022-02-02 02:56:48'),(993,'SuperAdmin','El usuario ha cerrado sesión',NULL,'Logout',NULL,'App\\Models\\User',1,'[]',NULL,'2022-02-02 02:57:38','2022-02-02 02:57:38'),(994,'SuperAdmin','El usuario ha ingresado al sistema',NULL,'Login',NULL,'App\\Models\\User',1,'[]',NULL,'2022-02-02 03:00:59','2022-02-02 03:00:59'),(995,'SuperAdmin','El usuario ha cerrado sesión',NULL,'Logout',NULL,'App\\Models\\User',1,'[]',NULL,'2022-02-02 03:01:24','2022-02-02 03:01:24'),(996,'digitador01','El usuario ha ingresado al sistema',NULL,'Login',NULL,'App\\Models\\User',5,'[]',NULL,'2022-02-02 03:01:32','2022-02-02 03:01:32'),(997,'digitador01','El usuario ha cerrado sesión',NULL,'Logout',NULL,'App\\Models\\User',5,'[]',NULL,'2022-02-02 03:04:17','2022-02-02 03:04:17'),(998,'SuperAdmin','El usuario ha ingresado al sistema',NULL,'Login',NULL,'App\\Models\\User',1,'[]',NULL,'2022-02-02 03:04:23','2022-02-02 03:04:23'),(999,'SuperAdmin','El usuario ha cerrado sesión',NULL,'Logout',NULL,'App\\Models\\User',1,'[]',NULL,'2022-02-02 03:06:14','2022-02-02 03:06:14'),(1000,'SuperAdmin','El usuario ha ingresado al sistema',NULL,'Login',NULL,'App\\Models\\User',1,'[]',NULL,'2022-02-02 03:06:18','2022-02-02 03:06:18'),(1001,'SuperAdmin','El usuario ha cerrado sesión',NULL,'Logout',NULL,'App\\Models\\User',1,'[]',NULL,'2022-02-02 03:06:57','2022-02-02 03:06:57'),(1002,'SuperAdmin','El usuario ha ingresado al sistema',NULL,'Login',NULL,'App\\Models\\User',1,'[]',NULL,'2022-02-02 03:07:01','2022-02-02 03:07:01'),(1003,'SuperAdmin','El usuario ha cerrado sesión',NULL,'Logout',NULL,'App\\Models\\User',1,'[]',NULL,'2022-02-02 03:07:19','2022-02-02 03:07:19'),(1004,'SuperAdmin','El usuario ha ingresado al sistema',NULL,'Login',NULL,'App\\Models\\User',1,'[]',NULL,'2022-02-02 03:07:22','2022-02-02 03:07:22'),(1005,'SuperAdmin','El usuario ha cerrado sesión',NULL,'Logout',NULL,'App\\Models\\User',1,'[]',NULL,'2022-02-02 03:08:56','2022-02-02 03:08:56'),(1006,'administrador01','El usuario ha ingresado al sistema',NULL,'Login',NULL,'App\\Models\\User',13,'[]',NULL,'2022-02-02 03:09:04','2022-02-02 03:09:04'),(1007,'administrador01','El usuario ha cerrado sesión',NULL,'Logout',NULL,'App\\Models\\User',13,'[]',NULL,'2022-02-02 03:09:08','2022-02-02 03:09:08'),(1008,'digitador01','El usuario ha ingresado al sistema',NULL,'Login',NULL,'App\\Models\\User',5,'[]',NULL,'2022-02-02 03:09:17','2022-02-02 03:09:17'),(1009,'digitador01','El usuario ha cerrado sesión',NULL,'Logout',NULL,'App\\Models\\User',5,'[]',NULL,'2022-02-02 03:16:58','2022-02-02 03:16:58'),(1010,'SuperAdmin','El usuario ha ingresado al sistema',NULL,'Login',NULL,'App\\Models\\User',1,'[]',NULL,'2022-02-02 03:17:13','2022-02-02 03:17:13'),(1011,'SuperAdmin','El usuario ha cerrado sesión',NULL,'Logout',NULL,'App\\Models\\User',1,'[]',NULL,'2022-02-02 03:19:32','2022-02-02 03:19:32'),(1012,'SuperAdmin','El usuario ha ingresado al sistema',NULL,'Login',NULL,'App\\Models\\User',1,'[]',NULL,'2022-02-02 03:19:37','2022-02-02 03:19:37'),(1013,'SuperAdmin','El usuario ha cerrado sesión',NULL,'Logout',NULL,'App\\Models\\User',1,'[]',NULL,'2022-02-02 03:22:07','2022-02-02 03:22:07'),(1014,'digitador01','El usuario ha ingresado al sistema',NULL,'Login',NULL,'App\\Models\\User',5,'[]',NULL,'2022-02-02 03:22:14','2022-02-02 03:22:14'),(1015,'digitador01','El usuario ha cerrado sesión',NULL,'Logout',NULL,'App\\Models\\User',5,'[]',NULL,'2022-02-02 03:22:22','2022-02-02 03:22:22'),(1016,'SuperAdmin','El usuario ha ingresado al sistema',NULL,'Login',NULL,'App\\Models\\User',1,'[]',NULL,'2022-02-02 03:22:31','2022-02-02 03:22:31'),(1017,'SuperAdmin','El usuario ha cerrado sesión',NULL,'Logout',NULL,'App\\Models\\User',1,'[]',NULL,'2022-02-02 03:37:25','2022-02-02 03:37:25'),(1018,'SuperAdmin','El usuario ha ingresado al sistema',NULL,'Login',NULL,'App\\Models\\User',1,'[]',NULL,'2022-02-02 03:37:29','2022-02-02 03:37:29'),(1019,'SuperAdmin','El usuario ha cerrado sesión',NULL,'Logout',NULL,'App\\Models\\User',1,'[]',NULL,'2022-02-02 03:46:50','2022-02-02 03:46:50'),(1020,'SuperAdmin','El usuario ha ingresado al sistema',NULL,'Login',NULL,'App\\Models\\User',1,'[]',NULL,'2022-02-02 03:46:54','2022-02-02 03:46:54'),(1021,'SuperAdmin','El usuario ha cerrado sesión',NULL,'Logout',NULL,'App\\Models\\User',1,'[]',NULL,'2022-02-02 03:47:40','2022-02-02 03:47:40'),(1022,'administrador01','El usuario ha ingresado al sistema',NULL,'Login',NULL,'App\\Models\\User',13,'[]',NULL,'2022-02-02 03:47:48','2022-02-02 03:47:48');
/*!40000 ALTER TABLE `activity_log` ENABLE KEYS */;
UNLOCK TABLES;

--
-- Table structure for table `arma_decomiso`
--

DROP TABLE IF EXISTS `arma_decomiso`;
/*!40101 SET @saved_cs_client     = @@character_set_client */;
/*!40101 SET character_set_client = utf8 */;
CREATE TABLE `arma_decomiso` (
  `id` bigint(20) unsigned NOT NULL AUTO_INCREMENT,
  `cantidad` int(11) NOT NULL,
  `decomiso_id` bigint(20) unsigned NOT NULL,
  `arma_id` bigint(20) unsigned NOT NULL,
  `created_at` timestamp NULL DEFAULT NULL,
  `updated_at` timestamp NULL DEFAULT NULL,
  `deleted_at` timestamp NULL DEFAULT NULL,
  PRIMARY KEY (`id`),
  KEY `arma_decomiso_decomiso_id_foreign` (`decomiso_id`),
  KEY `arma_decomiso_arma_id_foreign` (`arma_id`),
  CONSTRAINT `arma_decomiso_arma_id_foreign` FOREIGN KEY (`arma_id`) REFERENCES `armas` (`id`) ON DELETE CASCADE,
  CONSTRAINT `arma_decomiso_decomiso_id_foreign` FOREIGN KEY (`decomiso_id`) REFERENCES `decomisos` (`id`) ON DELETE CASCADE
) ENGINE=InnoDB AUTO_INCREMENT=19 DEFAULT CHARSET=utf8mb4 COLLATE=utf8mb4_unicode_ci;
/*!40101 SET character_set_client = @saved_cs_client */;

--
-- Dumping data for table `arma_decomiso`
--

LOCK TABLES `arma_decomiso` WRITE;
/*!40000 ALTER TABLE `arma_decomiso` DISABLE KEYS */;
INSERT INTO `arma_decomiso` VALUES (1,450,1,1,NULL,'2021-11-16 14:46:23',NULL),(3,11,1,3,NULL,'2022-02-01 22:42:44',NULL),(11,89,5,9,NULL,'2022-01-21 16:00:39',NULL),(12,150,6,3,NULL,NULL,NULL),(13,73,9,1,NULL,NULL,NULL),(14,65,1,5,NULL,NULL,NULL),(15,89,12,3,NULL,NULL,NULL),(16,673,12,10,NULL,'2022-01-21 16:04:50',NULL),(17,14,4,7,NULL,NULL,NULL),(18,12,6,8,NULL,NULL,NULL);
/*!40000 ALTER TABLE `arma_decomiso` ENABLE KEYS */;
UNLOCK TABLES;

--
-- Table structure for table `armas`
--

DROP TABLE IF EXISTS `armas`;
/*!40101 SET @saved_cs_client     = @@character_set_client */;
/*!40101 SET character_set_client = utf8 */;
CREATE TABLE `armas` (
  `id` bigint(20) unsigned NOT NULL AUTO_INCREMENT,
  `descripcion` varchar(255) COLLATE utf8mb4_unicode_ci NOT NULL,
  `created_at` timestamp NULL DEFAULT NULL,
  `updated_at` timestamp NULL DEFAULT NULL,
  `deleted_at` timestamp NULL DEFAULT NULL,
  PRIMARY KEY (`id`)
) ENGINE=InnoDB AUTO_INCREMENT=11 DEFAULT CHARSET=utf8mb4 COLLATE=utf8mb4_unicode_ci;
/*!40101 SET character_set_client = @saved_cs_client */;

--
-- Dumping data for table `armas`
--

LOCK TABLES `armas` WRITE;
/*!40000 ALTER TABLE `armas` DISABLE KEYS */;
INSERT INTO `armas` VALUES (1,'Ak-47','2021-10-20 10:06:25','2021-10-20 10:09:20',NULL),(3,'Vector','2021-10-20 10:09:34','2021-10-20 10:09:34',NULL),(5,'m-16','2022-01-12 02:48:29','2022-01-18 05:57:03','2022-01-18 05:57:03'),(6,'Pistola','2022-01-21 15:25:11','2022-01-21 15:28:44',NULL),(7,'Revolver','2022-01-21 15:25:33','2022-01-21 15:28:34',NULL),(8,'Rifle','2022-01-21 15:25:53','2022-01-21 15:27:51',NULL),(9,'Escopeta','2022-01-21 15:26:22','2022-01-21 15:27:26',NULL),(10,'Mini Uzi','2022-01-21 15:29:49','2022-01-21 15:29:49',NULL);
/*!40000 ALTER TABLE `armas` ENABLE KEYS */;
UNLOCK TABLES;

--
-- Table structure for table `decomiso_detenidos`
--

DROP TABLE IF EXISTS `decomiso_detenidos`;
/*!40101 SET @saved_cs_client     = @@character_set_client */;
/*!40101 SET character_set_client = utf8 */;
CREATE TABLE `decomiso_detenidos` (
  `id` bigint(20) unsigned NOT NULL AUTO_INCREMENT,
  `nombre` varchar(255) COLLATE utf8mb4_unicode_ci NOT NULL,
  `alias` varchar(255) COLLATE utf8mb4_unicode_ci DEFAULT NULL,
  `identidad` varchar(255) COLLATE utf8mb4_unicode_ci NOT NULL,
  `edad` int(11) NOT NULL,
  `decomiso_id` bigint(20) unsigned NOT NULL,
  `identificacion_id` bigint(20) unsigned NOT NULL,
  `estructura_id` bigint(20) unsigned DEFAULT NULL,
  `ocupacion_id` bigint(20) unsigned DEFAULT NULL,
  `estado_civil_id` bigint(20) unsigned DEFAULT NULL,
  `pais_id` bigint(20) unsigned NOT NULL,
  `created_at` timestamp NULL DEFAULT NULL,
  `updated_at` timestamp NULL DEFAULT NULL,
  `deleted_at` timestamp NULL DEFAULT NULL,
  `genero` int(11) NOT NULL,
  PRIMARY KEY (`id`),
  KEY `decomiso_detenidos_decomiso_id_foreign` (`decomiso_id`),
  KEY `decomiso_detenidos_identificacion_id_foreign` (`identificacion_id`),
  KEY `decomiso_detenidos_estructura_id_foreign` (`estructura_id`),
  KEY `decomiso_detenidos_ocupacion_id_foreign` (`ocupacion_id`),
  KEY `decomiso_detenidos_estado_civil_id_foreign` (`estado_civil_id`),
  KEY `decomiso_detenidos_pais_id_foreign` (`pais_id`),
  CONSTRAINT `decomiso_detenidos_decomiso_id_foreign` FOREIGN KEY (`decomiso_id`) REFERENCES `decomisos` (`id`) ON DELETE CASCADE,
  CONSTRAINT `decomiso_detenidos_estado_civil_id_foreign` FOREIGN KEY (`estado_civil_id`) REFERENCES `estado_civils` (`id`) ON DELETE CASCADE,
  CONSTRAINT `decomiso_detenidos_estructura_id_foreign` FOREIGN KEY (`estructura_id`) REFERENCES `estructura_criminals` (`id`) ON DELETE CASCADE,
  CONSTRAINT `decomiso_detenidos_identificacion_id_foreign` FOREIGN KEY (`identificacion_id`) REFERENCES `identificacions` (`id`) ON DELETE CASCADE,
  CONSTRAINT `decomiso_detenidos_ocupacion_id_foreign` FOREIGN KEY (`ocupacion_id`) REFERENCES `ocupacions` (`id`) ON DELETE CASCADE,
  CONSTRAINT `decomiso_detenidos_pais_id_foreign` FOREIGN KEY (`pais_id`) REFERENCES `pais` (`id`) ON DELETE CASCADE
) ENGINE=InnoDB AUTO_INCREMENT=7 DEFAULT CHARSET=utf8mb4 COLLATE=utf8mb4_unicode_ci;
/*!40101 SET character_set_client = @saved_cs_client */;

--
-- Dumping data for table `decomiso_detenidos`
--

LOCK TABLES `decomiso_detenidos` WRITE;
/*!40000 ALTER TABLE `decomiso_detenidos` DISABLE KEYS */;
INSERT INTO `decomiso_detenidos` VALUES (1,'Juan Galvez','Josefo','8795-854-56',87,1,5,3,3,4,237,'2021-11-16 04:59:20','2021-11-16 06:31:11','2021-11-16 06:31:11',1),(2,'Jose Restrepo','pancho','0801-1985-68595',19,1,1,1,1,1,87,'2021-11-16 05:40:32','2022-02-01 22:43:47',NULL,1),(3,'Raul Avilez','pelon','0856-2546-52136',38,1,5,3,3,4,212,'2021-11-16 06:31:00','2022-01-21 16:29:34',NULL,1),(4,'carlos','perro','0801-4568-54685',7,1,5,3,3,4,149,'2021-11-17 11:21:20','2021-11-17 11:28:26','2021-11-17 11:28:26',0),(5,'Juana Galindo','capo','0502-2659-02654',56,5,4,3,1,4,190,'2021-11-21 02:59:25','2022-01-21 16:27:13',NULL,0),(6,'Jose Peralta','El mero','0632-1965-256845',35,12,1,1,5,4,87,'2022-01-12 21:19:49','2022-01-21 16:27:51',NULL,1);
/*!40000 ALTER TABLE `decomiso_detenidos` ENABLE KEYS */;
UNLOCK TABLES;

--
-- Table structure for table `decomiso_droga`
--

DROP TABLE IF EXISTS `decomiso_droga`;
/*!40101 SET @saved_cs_client     = @@character_set_client */;
/*!40101 SET character_set_client = utf8 */;
CREATE TABLE `decomiso_droga` (
  `id` bigint(20) unsigned NOT NULL AUTO_INCREMENT,
  `cantidad` int(11) NOT NULL,
  `peso` double NOT NULL,
  `decomiso_id` bigint(20) unsigned NOT NULL,
  `droga_id` bigint(20) unsigned NOT NULL,
  `presentacion_droga_id` bigint(20) unsigned NOT NULL,
  `created_at` timestamp NULL DEFAULT NULL,
  `updated_at` timestamp NULL DEFAULT NULL,
  `deleted_at` timestamp NULL DEFAULT NULL,
  PRIMARY KEY (`id`),
  KEY `decomiso_droga_decomiso_id_foreign` (`decomiso_id`),
  KEY `decomiso_droga_droga_id_foreign` (`droga_id`),
  KEY `decomiso_droga_presentacion_droga_id_foreign` (`presentacion_droga_id`),
  CONSTRAINT `decomiso_droga_decomiso_id_foreign` FOREIGN KEY (`decomiso_id`) REFERENCES `decomisos` (`id`) ON DELETE CASCADE,
  CONSTRAINT `decomiso_droga_droga_id_foreign` FOREIGN KEY (`droga_id`) REFERENCES `drogas` (`id`) ON DELETE CASCADE,
  CONSTRAINT `decomiso_droga_presentacion_droga_id_foreign` FOREIGN KEY (`presentacion_droga_id`) REFERENCES `presentacion_drogas` (`id`) ON DELETE CASCADE
) ENGINE=InnoDB AUTO_INCREMENT=28 DEFAULT CHARSET=utf8mb4 COLLATE=utf8mb4_unicode_ci;
/*!40101 SET character_set_client = @saved_cs_client */;

--
-- Dumping data for table `decomiso_droga`
--

LOCK TABLES `decomiso_droga` WRITE;
/*!40000 ALTER TABLE `decomiso_droga` DISABLE KEYS */;
INSERT INTO `decomiso_droga` VALUES (9,78,986.32,1,4,1,'2021-11-18 11:27:27','2021-11-18 11:27:27',NULL),(10,6,65,1,8,3,'2021-11-18 11:27:59','2022-02-01 22:14:28',NULL),(11,8,32,1,10,1,'2021-11-18 11:28:44','2022-01-31 22:20:27',NULL),(12,89,56.2,1,5,3,'2021-11-18 11:29:03','2021-11-18 11:29:03',NULL),(13,98,5.2,1,5,1,'2021-11-18 11:29:46','2021-11-18 11:29:46',NULL),(14,65,25.2,3,5,3,'2021-11-18 11:30:55','2021-11-18 11:30:55',NULL),(15,56,89.5,3,4,5,'2021-11-18 11:38:25','2022-01-21 15:59:15',NULL),(16,15,50.65,4,8,5,'2021-11-21 02:45:41','2021-11-21 02:45:41',NULL),(17,50,100.23,4,5,1,'2021-11-21 02:45:56','2021-11-21 02:45:56',NULL),(18,98,87.26,4,11,6,'2021-11-21 02:46:16','2022-01-21 15:59:40',NULL),(19,89,685.6,5,5,7,'2021-11-21 02:57:10','2021-11-21 02:57:10',NULL),(20,89,853.23,5,4,5,'2021-11-21 02:57:29','2021-11-21 02:57:29',NULL),(21,21,250.6,7,5,8,'2021-12-24 10:03:52','2022-01-21 16:01:46',NULL),(22,13,150.5,8,5,1,'2021-12-24 10:05:09','2021-12-24 10:05:09',NULL),(23,566,200.5,9,5,7,'2021-12-24 10:06:19','2022-01-21 16:04:13',NULL),(24,8955,345.98,12,8,5,'2022-01-15 04:15:05','2022-01-21 16:04:36',NULL),(25,23,25.25,13,5,1,'2022-01-21 16:09:41','2022-01-21 16:09:41',NULL),(26,41,235.2,14,5,1,'2022-01-21 16:11:50','2022-01-21 16:11:50',NULL),(27,78,546.32,15,5,1,'2022-01-21 16:13:49','2022-01-21 16:13:49',NULL);
/*!40000 ALTER TABLE `decomiso_droga` ENABLE KEYS */;
UNLOCK TABLES;

--
-- Table structure for table `decomiso_precursor`
--

DROP TABLE IF EXISTS `decomiso_precursor`;
/*!40101 SET @saved_cs_client     = @@character_set_client */;
/*!40101 SET character_set_client = utf8 */;
CREATE TABLE `decomiso_precursor` (
  `id` bigint(20) unsigned NOT NULL AUTO_INCREMENT,
  `cantidad` int(11) NOT NULL,
  `volumen` double NOT NULL,
  `decomiso_id` bigint(20) unsigned NOT NULL,
  `precursor_id` bigint(20) unsigned NOT NULL,
  `presentacion_precursor_id` bigint(20) unsigned NOT NULL,
  `created_at` timestamp NULL DEFAULT NULL,
  `updated_at` timestamp NULL DEFAULT NULL,
  `deleted_at` timestamp NULL DEFAULT NULL,
  PRIMARY KEY (`id`),
  KEY `decomiso_precursor_decomiso_id_foreign` (`decomiso_id`),
  KEY `decomiso_precursor_precursor_id_foreign` (`precursor_id`),
  KEY `decomiso_precursor_presentacion_precursor_id_foreign` (`presentacion_precursor_id`),
  CONSTRAINT `decomiso_precursor_decomiso_id_foreign` FOREIGN KEY (`decomiso_id`) REFERENCES `decomisos` (`id`) ON DELETE CASCADE,
  CONSTRAINT `decomiso_precursor_precursor_id_foreign` FOREIGN KEY (`precursor_id`) REFERENCES `precursors` (`id`) ON DELETE CASCADE,
  CONSTRAINT `decomiso_precursor_presentacion_precursor_id_foreign` FOREIGN KEY (`presentacion_precursor_id`) REFERENCES `presentacion_precursors` (`id`) ON DELETE CASCADE
) ENGINE=InnoDB AUTO_INCREMENT=21 DEFAULT CHARSET=utf8mb4 COLLATE=utf8mb4_unicode_ci;
/*!40101 SET character_set_client = @saved_cs_client */;

--
-- Dumping data for table `decomiso_precursor`
--

LOCK TABLES `decomiso_precursor` WRITE;
/*!40000 ALTER TABLE `decomiso_precursor` DISABLE KEYS */;
INSERT INTO `decomiso_precursor` VALUES (12,75,9,1,3,3,NULL,'2022-02-01 22:30:36',NULL),(14,89,562.25,5,1,1,NULL,NULL,NULL),(15,63,45.76,9,1,1,NULL,NULL,NULL),(17,54,545.7,1,3,5,NULL,'2022-02-01 16:22:41',NULL),(18,45,234.7,12,3,3,NULL,'2022-01-18 05:00:01',NULL),(19,65,521.23,16,5,6,NULL,NULL,NULL),(20,504,453.22,1,1,1,NULL,'2022-02-01 22:12:17',NULL);
/*!40000 ALTER TABLE `decomiso_precursor` ENABLE KEYS */;
UNLOCK TABLES;

--
-- Table structure for table `decomiso_tipo_municion`
--

DROP TABLE IF EXISTS `decomiso_tipo_municion`;
/*!40101 SET @saved_cs_client     = @@character_set_client */;
/*!40101 SET character_set_client = utf8 */;
CREATE TABLE `decomiso_tipo_municion` (
  `id` bigint(20) unsigned NOT NULL AUTO_INCREMENT,
  `cantidad` int(11) NOT NULL,
  `decomiso_id` bigint(20) unsigned NOT NULL,
  `tipo_municion_id` bigint(20) unsigned NOT NULL,
  `created_at` timestamp NULL DEFAULT NULL,
  `updated_at` timestamp NULL DEFAULT NULL,
  `deleted_at` timestamp NULL DEFAULT NULL,
  PRIMARY KEY (`id`),
  KEY `decomiso_tipo_municion_decomiso_id_foreign` (`decomiso_id`),
  KEY `decomiso_tipo_municion_tipo_municion_id_foreign` (`tipo_municion_id`),
  CONSTRAINT `decomiso_tipo_municion_decomiso_id_foreign` FOREIGN KEY (`decomiso_id`) REFERENCES `decomisos` (`id`) ON DELETE CASCADE,
  CONSTRAINT `decomiso_tipo_municion_tipo_municion_id_foreign` FOREIGN KEY (`tipo_municion_id`) REFERENCES `tipo_municions` (`id`) ON DELETE CASCADE
) ENGINE=InnoDB AUTO_INCREMENT=16 DEFAULT CHARSET=utf8mb4 COLLATE=utf8mb4_unicode_ci;
/*!40101 SET character_set_client = @saved_cs_client */;

--
-- Dumping data for table `decomiso_tipo_municion`
--

LOCK TABLES `decomiso_tipo_municion` WRITE;
/*!40000 ALTER TABLE `decomiso_tipo_municion` DISABLE KEYS */;
INSERT INTO `decomiso_tipo_municion` VALUES (1,73,1,6,NULL,'2022-02-01 22:43:32',NULL),(2,452,1,1,NULL,'2022-02-01 22:43:13',NULL),(5,897,1,3,NULL,'2022-02-01 02:58:01',NULL),(8,25,5,1,NULL,NULL,NULL),(9,44,9,3,NULL,'2022-01-07 21:57:22',NULL),(10,3458,12,1,NULL,'2022-01-14 23:50:50',NULL),(11,32,12,3,NULL,'2022-01-21 16:04:59',NULL),(12,45,8,5,NULL,NULL,NULL),(13,45,8,6,NULL,NULL,NULL),(14,21,8,3,NULL,NULL,NULL),(15,24,1,3,NULL,'2022-02-01 03:00:55',NULL);
/*!40000 ALTER TABLE `decomiso_tipo_municion` ENABLE KEYS */;
UNLOCK TABLES;

--
-- Table structure for table `decomiso_transportes`
--

DROP TABLE IF EXISTS `decomiso_transportes`;
/*!40101 SET @saved_cs_client     = @@character_set_client */;
/*!40101 SET character_set_client = utf8 */;
CREATE TABLE `decomiso_transportes` (
  `id` bigint(20) unsigned NOT NULL AUTO_INCREMENT,
  `tipo` varchar(255) COLLATE utf8mb4_unicode_ci NOT NULL,
  `marca` varchar(255) COLLATE utf8mb4_unicode_ci DEFAULT NULL,
  `modelo` varchar(255) COLLATE utf8mb4_unicode_ci DEFAULT NULL,
  `color` varchar(255) COLLATE utf8mb4_unicode_ci NOT NULL,
  `placa` varchar(255) COLLATE utf8mb4_unicode_ci DEFAULT NULL,
  `decomiso_id` bigint(20) unsigned NOT NULL,
  `pais_pro_id` bigint(20) unsigned DEFAULT NULL,
  `pais_des_id` bigint(20) unsigned DEFAULT NULL,
  `dep_pro_id` bigint(20) unsigned DEFAULT NULL,
  `dep_des_id` bigint(20) unsigned DEFAULT NULL,
  `mun_pro_id` bigint(20) unsigned DEFAULT NULL,
  `mun_des_id` bigint(20) unsigned DEFAULT NULL,
  `created_at` timestamp NULL DEFAULT NULL,
  `updated_at` timestamp NULL DEFAULT NULL,
  `deleted_at` timestamp NULL DEFAULT NULL,
  PRIMARY KEY (`id`),
  KEY `decomiso_transportes_decomiso_id_foreign` (`decomiso_id`),
  KEY `decomiso_transportes_pais_pro_id_foreign` (`pais_pro_id`),
  KEY `decomiso_transportes_pais_des_id_foreign` (`pais_des_id`),
  KEY `decomiso_transportes_dep_pro_id_foreign` (`dep_pro_id`),
  KEY `decomiso_transportes_dep_des_id_foreign` (`dep_des_id`),
  KEY `decomiso_transportes_mun_pro_id_foreign` (`mun_pro_id`),
  KEY `decomiso_transportes_mun_des_id_foreign` (`mun_des_id`),
  CONSTRAINT `decomiso_transportes_decomiso_id_foreign` FOREIGN KEY (`decomiso_id`) REFERENCES `decomisos` (`id`) ON DELETE CASCADE,
  CONSTRAINT `decomiso_transportes_dep_des_id_foreign` FOREIGN KEY (`dep_des_id`) REFERENCES `departamentos` (`id`) ON DELETE CASCADE,
  CONSTRAINT `decomiso_transportes_dep_pro_id_foreign` FOREIGN KEY (`dep_pro_id`) REFERENCES `departamentos` (`id`) ON DELETE CASCADE,
  CONSTRAINT `decomiso_transportes_mun_des_id_foreign` FOREIGN KEY (`mun_des_id`) REFERENCES `municipios` (`id`) ON DELETE CASCADE,
  CONSTRAINT `decomiso_transportes_mun_pro_id_foreign` FOREIGN KEY (`mun_pro_id`) REFERENCES `municipios` (`id`) ON DELETE CASCADE,
  CONSTRAINT `decomiso_transportes_pais_des_id_foreign` FOREIGN KEY (`pais_des_id`) REFERENCES `pais` (`id`) ON DELETE CASCADE,
  CONSTRAINT `decomiso_transportes_pais_pro_id_foreign` FOREIGN KEY (`pais_pro_id`) REFERENCES `pais` (`id`) ON DELETE CASCADE
) ENGINE=InnoDB AUTO_INCREMENT=9 DEFAULT CHARSET=utf8mb4 COLLATE=utf8mb4_unicode_ci;
/*!40101 SET character_set_client = @saved_cs_client */;

--
-- Dumping data for table `decomiso_transportes`
--

LOCK TABLES `decomiso_transportes` WRITE;
/*!40000 ALTER TABLE `decomiso_transportes` DISABLE KEYS */;
INSERT INTO `decomiso_transportes` VALUES (1,'Terrestre',NULL,'sedan','verde','MAG-9865',1,87,87,12,8,175,107,'2021-11-16 09:06:22','2022-02-01 21:50:50',NULL),(3,'Maritimo','Mazda','cope2','blaco','JKL-9855',1,87,87,13,10,198,150,'2021-11-16 10:20:47','2021-11-17 23:12:57','2021-11-17 23:12:57'),(4,'Terrestre','Mazda','Sedan','rojo marron','LKJ-9865',1,73,87,NULL,12,NULL,173,'2021-11-17 23:14:34','2022-02-01 22:44:13',NULL),(5,'Terrestre','Mazda','sedan','rojo','oij-9865',5,87,87,13,15,200,246,'2021-11-21 03:00:56','2021-11-21 03:00:56',NULL),(6,'Aereo',NULL,NULL,'amarillo',NULL,1,87,87,13,17,200,278,'2022-01-08 02:05:01','2022-01-08 02:36:55',NULL),(7,'Terrestre',NULL,NULL,'verde',NULL,1,87,87,14,12,223,178,'2022-01-08 02:14:59','2022-01-08 02:15:40',NULL),(8,'Terrestre','Toyota','Corolla','verde','MID-9853',12,87,85,16,NULL,267,NULL,'2022-01-18 10:55:38','2022-01-18 10:57:15',NULL);
/*!40000 ALTER TABLE `decomiso_transportes` ENABLE KEYS */;
UNLOCK TABLES;

--
-- Table structure for table `decomisos`
--

DROP TABLE IF EXISTS `decomisos`;
/*!40101 SET @saved_cs_client     = @@character_set_client */;
/*!40101 SET character_set_client = utf8 */;
CREATE TABLE `decomisos` (
  `id` bigint(20) unsigned NOT NULL AUTO_INCREMENT,
  `fecha` date NOT NULL,
  `observacion` varchar(255) COLLATE utf8mb4_unicode_ci NOT NULL,
  `direccion` varchar(255) COLLATE utf8mb4_unicode_ci NOT NULL,
  `municipio_id` bigint(20) unsigned NOT NULL,
  `institucion_id` bigint(20) unsigned NOT NULL,
  `created_at` timestamp NULL DEFAULT NULL,
  `updated_at` timestamp NULL DEFAULT NULL,
  `deleted_at` timestamp NULL DEFAULT NULL,
  `latitud` double NOT NULL,
  `longitud` double NOT NULL,
  PRIMARY KEY (`id`),
  KEY `decomisos_municipio_id_foreign` (`municipio_id`),
  KEY `decomisos_institucion_id_foreign` (`institucion_id`),
  CONSTRAINT `decomisos_institucion_id_foreign` FOREIGN KEY (`institucion_id`) REFERENCES `institucions` (`id`) ON DELETE CASCADE,
  CONSTRAINT `decomisos_municipio_id_foreign` FOREIGN KEY (`municipio_id`) REFERENCES `municipios` (`id`) ON DELETE CASCADE
) ENGINE=InnoDB AUTO_INCREMENT=17 DEFAULT CHARSET=utf8mb4 COLLATE=utf8mb4_unicode_ci;
/*!40101 SET character_set_client = @saved_cs_client */;

--
-- Dumping data for table `decomisos`
--

LOCK TABLES `decomisos` WRITE;
/*!40000 ALTER TABLE `decomisos` DISABLE KEYS */;
INSERT INTO `decomisos` VALUES (1,'2021-09-26','Hubo todo tipo de decomisos','Cerca del Mercadito Kelvin',180,3,'2021-11-11 10:43:11','2022-01-21 15:02:43',NULL,14.115477111800788,-88.10785279376275),(3,'2021-11-01','Solo se decomiso droga','En cercanías a casa tortuga',158,7,'2021-11-18 03:52:32','2022-01-21 15:57:06',NULL,16.348425836846307,-86.48444379439664),(4,'2021-08-01','Solo drogas y armas','Cerca de la finca la transacción',173,1,'2021-11-21 02:45:19','2022-01-21 15:49:47',NULL,14.253497806477897,-87.94623311005292),(5,'2021-08-10','Hubo de todo tipo de decomisos','En cercanías de una llantera',206,1,'2021-11-21 02:55:56','2022-01-21 15:50:47',NULL,14.149169360190918,-88.72285996065823),(6,'2021-08-12','Solo hubieron decomisos de armas','Entre pulpería y juzgados',264,3,'2021-12-23 03:24:11','2022-01-21 15:52:00',NULL,15.365506033703703,-88.41079891115571),(7,'2021-06-01','se decomiso únicamente marihuana','En las afueras de Sinuapa',224,1,'2021-12-24 10:03:31','2022-01-21 15:53:25',NULL,14.44448148263846,-89.1841333737109),(8,'2021-10-20','Solamente drogas y municiones','cerca de los juzgados de Quimistán',264,6,'2021-12-24 10:04:56','2022-01-21 15:56:53',NULL,15.361113755722817,-88.40836039767059),(9,'2021-10-08','no hubieron detenidos','cerca de hotel la hacienda',225,5,'2021-12-24 10:05:58','2022-01-21 15:57:30',NULL,14.673987046572677,-86.19086359854603),(12,'2021-07-01','Todo tipo de decomisos','En cercanías del Cacao',31,5,'2022-01-11 07:26:12','2022-01-21 15:56:40',NULL,14.5665,-87.54566),(13,'2021-10-14','Solo se decomiso','Cerca de reserva de vida silvestre',36,5,'2022-01-21 16:09:20','2022-01-21 16:09:20',NULL,14.548237,-88.01798),(14,'2021-07-22','Solo se decomiso paquetes de marihuana','Cerca de salón de eventos',169,1,'2022-01-21 16:11:31','2022-01-21 16:11:31',NULL,14.179183,-88.068995),(15,'2021-09-07','mas paquetes de marihuana','Cerca del desvío a la finca del carpintero',169,1,'2022-01-21 16:13:33','2022-01-21 16:13:33',NULL,14.193791,-87.978785),(16,'2021-06-11','Solamente precursores','Cerca del corralito',90,6,'2022-01-21 16:17:55','2022-01-21 16:17:55',NULL,14.242674,-86.447316);
/*!40000 ALTER TABLE `decomisos` ENABLE KEYS */;
UNLOCK TABLES;

--
-- Table structure for table `departamentos`
--

DROP TABLE IF EXISTS `departamentos`;
/*!40101 SET @saved_cs_client     = @@character_set_client */;
/*!40101 SET character_set_client = utf8 */;
CREATE TABLE `departamentos` (
  `id` bigint(20) unsigned NOT NULL AUTO_INCREMENT,
  `nombre` varchar(255) COLLATE utf8mb4_unicode_ci NOT NULL,
  `pais_id` bigint(20) unsigned DEFAULT NULL,
  `latitud` double NOT NULL,
  `longitud` double NOT NULL,
  PRIMARY KEY (`id`),
  KEY `departamentos_pais_id_foreign` (`pais_id`),
  CONSTRAINT `departamentos_pais_id_foreign` FOREIGN KEY (`pais_id`) REFERENCES `pais` (`id`)
) ENGINE=InnoDB AUTO_INCREMENT=19 DEFAULT CHARSET=utf8mb4 COLLATE=utf8mb4_unicode_ci;
/*!40101 SET character_set_client = @saved_cs_client */;

--
-- Dumping data for table `departamentos`
--

LOCK TABLES `departamentos` WRITE;
/*!40000 ALTER TABLE `departamentos` DISABLE KEYS */;
INSERT INTO `departamentos` VALUES (1,'Atlantida',87,15.530921108180362,-87.12866633176552),(2,'Colon',87,15.670748539756946,-85.6924613180307),(3,'Comayagua',87,14.506174437487676,-87.65376884988025),(4,'Copan',87,14.827799330039143,-88.88242154144476),(5,'Cortes',87,15.250077886484435,-88.00429623541483),(6,'Choluteca',87,13.218610336619161,-87.14062566613414),(7,'El Paraiso',87,13.917659090038722,-86.5407540578997),(8,'Francisco Morazan',87,14.156051885340315,-87.14785303490805),(9,'Gracias a Dios',87,15.037298176416904,-84.39422559220834),(10,'Intibuca',87,14.239706475028004,-88.22137469495952),(11,'Islas de la Bahia',87,16.378706552914455,-86.39661838205225),(12,'La Paz',87,13.977091945033804,-87.87470302977115),(13,'Lempira',87,14.253641365086317,-88.60358560787984),(14,'Ocotepeque',87,14.433913693494054,-89.06350170528722),(15,'Olancho',87,14.778100137755182,-85.90065970536493),(16,'Santa Barbara',87,14.979284829820243,-88.35036034336574),(17,'Valle',87,13.498422173074202,-87.59619542037862),(18,'Yoro',87,15.150616060902424,-87.2733390436292);
/*!40000 ALTER TABLE `departamentos` ENABLE KEYS */;
UNLOCK TABLES;

--
-- Table structure for table `drogas`
--

DROP TABLE IF EXISTS `drogas`;
/*!40101 SET @saved_cs_client     = @@character_set_client */;
/*!40101 SET character_set_client = utf8 */;
CREATE TABLE `drogas` (
  `id` bigint(20) unsigned NOT NULL AUTO_INCREMENT,
  `descripcion` varchar(255) COLLATE utf8mb4_unicode_ci NOT NULL,
  `tipo_droga_id` bigint(20) unsigned NOT NULL,
  `created_at` timestamp NULL DEFAULT NULL,
  `updated_at` timestamp NULL DEFAULT NULL,
  `deleted_at` timestamp NULL DEFAULT NULL,
  PRIMARY KEY (`id`),
  KEY `drogas_tipo_droga_id_foreign` (`tipo_droga_id`),
  CONSTRAINT `drogas_tipo_droga_id_foreign` FOREIGN KEY (`tipo_droga_id`) REFERENCES `tipo_drogas` (`id`) ON DELETE CASCADE
) ENGINE=InnoDB AUTO_INCREMENT=12 DEFAULT CHARSET=utf8mb4 COLLATE=utf8mb4_unicode_ci;
/*!40101 SET character_set_client = @saved_cs_client */;

--
-- Dumping data for table `drogas`
--

LOCK TABLES `drogas` WRITE;
/*!40000 ALTER TABLE `drogas` DISABLE KEYS */;
INSERT INTO `drogas` VALUES (1,'droga 1',1,'2021-11-06 01:47:05','2021-11-11 04:37:01','2021-11-11 04:37:01'),(4,'Cocaína',1,'2021-11-07 03:46:09','2022-01-14 20:16:51',NULL),(5,'Marihuana',4,'2021-11-11 04:37:24','2021-11-13 03:02:22',NULL),(7,'lkñajdfs',4,'2021-11-17 11:32:05','2021-11-17 11:32:12','2021-11-17 11:32:12'),(8,'Crack',4,'2021-11-18 07:24:34','2021-11-18 07:24:34',NULL),(9,'otra droga 3',1,'2021-11-21 03:20:02','2022-01-15 04:20:44','2022-01-15 04:20:44'),(10,'Heroína',4,'2022-01-21 15:44:36','2022-01-21 15:44:36',NULL),(11,'Metanfetamina',8,'2022-01-21 15:45:23','2022-01-21 15:45:23',NULL);
/*!40000 ALTER TABLE `drogas` ENABLE KEYS */;
UNLOCK TABLES;

--
-- Table structure for table `estado_civils`
--

DROP TABLE IF EXISTS `estado_civils`;
/*!40101 SET @saved_cs_client     = @@character_set_client */;
/*!40101 SET character_set_client = utf8 */;
CREATE TABLE `estado_civils` (
  `id` bigint(20) unsigned NOT NULL AUTO_INCREMENT,
  `descripcion` varchar(255) COLLATE utf8mb4_unicode_ci NOT NULL,
  `created_at` timestamp NULL DEFAULT NULL,
  `updated_at` timestamp NULL DEFAULT NULL,
  `deleted_at` timestamp NULL DEFAULT NULL,
  PRIMARY KEY (`id`)
) ENGINE=InnoDB AUTO_INCREMENT=8 DEFAULT CHARSET=utf8mb4 COLLATE=utf8mb4_unicode_ci;
/*!40101 SET character_set_client = @saved_cs_client */;

--
-- Dumping data for table `estado_civils`
--

LOCK TABLES `estado_civils` WRITE;
/*!40000 ALTER TABLE `estado_civils` DISABLE KEYS */;
INSERT INTO `estado_civils` VALUES (1,'Soltero','2021-11-10 10:14:12','2022-02-02 02:31:19',NULL),(3,'Casado','2021-11-10 10:15:50','2021-11-10 10:15:50',NULL),(4,'Divorciado','2021-11-10 10:16:04','2021-11-10 10:16:04',NULL),(6,'Unión libre','2022-01-21 15:48:14','2022-01-21 15:48:14',NULL),(7,'Viudo','2022-01-21 15:48:28','2022-01-21 15:48:28',NULL);
/*!40000 ALTER TABLE `estado_civils` ENABLE KEYS */;
UNLOCK TABLES;

--
-- Table structure for table `estructura_criminals`
--

DROP TABLE IF EXISTS `estructura_criminals`;
/*!40101 SET @saved_cs_client     = @@character_set_client */;
/*!40101 SET character_set_client = utf8 */;
CREATE TABLE `estructura_criminals` (
  `id` bigint(20) unsigned NOT NULL AUTO_INCREMENT,
  `descripcion` varchar(255) COLLATE utf8mb4_unicode_ci NOT NULL,
  `created_at` timestamp NULL DEFAULT NULL,
  `updated_at` timestamp NULL DEFAULT NULL,
  `deleted_at` timestamp NULL DEFAULT NULL,
  PRIMARY KEY (`id`)
) ENGINE=InnoDB AUTO_INCREMENT=6 DEFAULT CHARSET=utf8mb4 COLLATE=utf8mb4_unicode_ci;
/*!40101 SET character_set_client = @saved_cs_client */;

--
-- Dumping data for table `estructura_criminals`
--

LOCK TABLES `estructura_criminals` WRITE;
/*!40000 ALTER TABLE `estructura_criminals` DISABLE KEYS */;
INSERT INTO `estructura_criminals` VALUES (1,'Los cabezones','2021-10-22 04:21:26','2022-01-21 15:40:31',NULL),(3,'Los negros','2021-11-10 09:19:51','2022-01-21 15:40:40',NULL),(4,'Los malvados','2022-01-21 15:40:51','2022-01-21 15:40:51',NULL),(5,'Los bandidos','2022-01-21 15:41:02','2022-01-21 15:41:02',NULL);
/*!40000 ALTER TABLE `estructura_criminals` ENABLE KEYS */;
UNLOCK TABLES;

--
-- Table structure for table `failed_jobs`
--

DROP TABLE IF EXISTS `failed_jobs`;
/*!40101 SET @saved_cs_client     = @@character_set_client */;
/*!40101 SET character_set_client = utf8 */;
CREATE TABLE `failed_jobs` (
  `id` bigint(20) unsigned NOT NULL AUTO_INCREMENT,
  `uuid` varchar(255) COLLATE utf8mb4_unicode_ci NOT NULL,
  `connection` text COLLATE utf8mb4_unicode_ci NOT NULL,
  `queue` text COLLATE utf8mb4_unicode_ci NOT NULL,
  `payload` longtext COLLATE utf8mb4_unicode_ci NOT NULL,
  `exception` longtext COLLATE utf8mb4_unicode_ci NOT NULL,
  `failed_at` timestamp NOT NULL DEFAULT current_timestamp(),
  PRIMARY KEY (`id`),
  UNIQUE KEY `failed_jobs_uuid_unique` (`uuid`)
) ENGINE=InnoDB DEFAULT CHARSET=utf8mb4 COLLATE=utf8mb4_unicode_ci;
/*!40101 SET character_set_client = @saved_cs_client */;

--
-- Dumping data for table `failed_jobs`
--

LOCK TABLES `failed_jobs` WRITE;
/*!40000 ALTER TABLE `failed_jobs` DISABLE KEYS */;
/*!40000 ALTER TABLE `failed_jobs` ENABLE KEYS */;
UNLOCK TABLES;

--
-- Table structure for table `identificacions`
--

DROP TABLE IF EXISTS `identificacions`;
/*!40101 SET @saved_cs_client     = @@character_set_client */;
/*!40101 SET character_set_client = utf8 */;
CREATE TABLE `identificacions` (
  `id` bigint(20) unsigned NOT NULL AUTO_INCREMENT,
  `descripcion` varchar(255) COLLATE utf8mb4_unicode_ci NOT NULL,
  `created_at` timestamp NULL DEFAULT NULL,
  `updated_at` timestamp NULL DEFAULT NULL,
  `deleted_at` timestamp NULL DEFAULT NULL,
  PRIMARY KEY (`id`)
) ENGINE=InnoDB AUTO_INCREMENT=8 DEFAULT CHARSET=utf8mb4 COLLATE=utf8mb4_unicode_ci;
/*!40101 SET character_set_client = @saved_cs_client */;

--
-- Dumping data for table `identificacions`
--

LOCK TABLES `identificacions` WRITE;
/*!40000 ALTER TABLE `identificacions` DISABLE KEYS */;
INSERT INTO `identificacions` VALUES (1,'Identidad','2021-10-21 21:43:49','2021-11-10 09:46:56',NULL),(4,'Pasaporte','2021-11-10 09:46:44','2021-11-10 09:46:44',NULL),(5,'Carnet de seguro','2021-11-10 09:47:07','2021-11-10 09:47:07',NULL),(6,'Carnet de estudiante','2022-01-12 21:17:39','2022-01-12 21:20:02',NULL),(7,'Licencia de conducir','2022-01-21 15:35:41','2022-01-21 15:35:41',NULL);
/*!40000 ALTER TABLE `identificacions` ENABLE KEYS */;
UNLOCK TABLES;

--
-- Table structure for table `institucions`
--

DROP TABLE IF EXISTS `institucions`;
/*!40101 SET @saved_cs_client     = @@character_set_client */;
/*!40101 SET character_set_client = utf8 */;
CREATE TABLE `institucions` (
  `id` bigint(20) unsigned NOT NULL AUTO_INCREMENT,
  `nombre` varchar(255) COLLATE utf8mb4_unicode_ci NOT NULL,
  `contacto` varchar(255) COLLATE utf8mb4_unicode_ci NOT NULL,
  `telefono` varchar(255) COLLATE utf8mb4_unicode_ci NOT NULL,
  `created_at` timestamp NULL DEFAULT NULL,
  `updated_at` timestamp NULL DEFAULT NULL,
  `deleted_at` timestamp NULL DEFAULT NULL,
  PRIMARY KEY (`id`)
) ENGINE=InnoDB AUTO_INCREMENT=8 DEFAULT CHARSET=utf8mb4 COLLATE=utf8mb4_unicode_ci;
/*!40101 SET character_set_client = @saved_cs_client */;

--
-- Dumping data for table `institucions`
--

LOCK TABLES `institucions` WRITE;
/*!40000 ALTER TABLE `institucions` DISABLE KEYS */;
INSERT INTO `institucions` VALUES (1,'Policía Militar','Ing Jose Perez','3389-8985','2021-10-23 03:17:05','2022-01-21 15:13:12',NULL),(3,'Policía Nacional de Honduras','Lic. Carlos Ventura','3345-6589','2021-11-11 10:30:16','2022-01-21 15:04:08',NULL),(4,'Otra institución','Jose Raudales','3265-8569','2022-01-18 10:59:51','2022-01-18 11:12:22','2022-01-18 11:12:22'),(5,'Agencia Técnica de Investigación','Lic. Roberto Caseres','3258-8745','2022-01-21 15:05:17','2022-01-21 15:13:01',NULL),(6,'Ministerio Público','Lic. Rodolfo Fonseca','8865-4521','2022-01-21 15:06:21','2022-01-21 15:06:21',NULL),(7,'Fuerza Nacional Anti Maras','Lic. Ruben Pereira','8725-9812','2022-01-21 15:07:16','2022-01-21 15:13:23',NULL);
/*!40000 ALTER TABLE `institucions` ENABLE KEYS */;
UNLOCK TABLES;

--
-- Table structure for table `migrations`
--

DROP TABLE IF EXISTS `migrations`;
/*!40101 SET @saved_cs_client     = @@character_set_client */;
/*!40101 SET character_set_client = utf8 */;
CREATE TABLE `migrations` (
  `id` int(10) unsigned NOT NULL AUTO_INCREMENT,
  `migration` varchar(255) COLLATE utf8mb4_unicode_ci NOT NULL,
  `batch` int(11) NOT NULL,
  PRIMARY KEY (`id`)
) ENGINE=InnoDB AUTO_INCREMENT=78 DEFAULT CHARSET=utf8mb4 COLLATE=utf8mb4_unicode_ci;
/*!40101 SET character_set_client = @saved_cs_client */;

--
-- Dumping data for table `migrations`
--

LOCK TABLES `migrations` WRITE;
/*!40000 ALTER TABLE `migrations` DISABLE KEYS */;
INSERT INTO `migrations` VALUES (1,'2014_10_12_000000_create_users_table',1),(2,'2014_10_12_100000_create_password_resets_table',1),(3,'2014_10_12_200000_add_two_factor_columns_to_users_table',1),(4,'2019_08_19_000000_create_failed_jobs_table',1),(5,'2019_12_14_000001_create_personal_access_tokens_table',1),(6,'2021_09_18_034951_create_permission_tables',2),(7,'2021_10_02_224529_create_activity_log_table',3),(8,'2021_10_02_224530_add_event_column_to_activity_log_table',3),(9,'2021_10_02_224531_add_batch_uuid_column_to_activity_log_table',3),(15,'2021_10_19_032816_create_tipo_drogas_table',4),(18,'2021_10_19_223256_create_presentacions_table',5),(19,'2021_10_20_020529_create_precursors_table',6),(20,'2021_10_20_035414_create_armas_table',7),(21,'2021_10_20_181855_create_presentacion_drogas_table',8),(22,'2021_10_20_214703_drop_presentacion_drogas_table',9),(23,'2021_10_20_220907_create_presentacion_precursors_table',10),(24,'2021_10_21_032205_create_tipo_municions_table',11),(26,'2021_10_21_145709_create_identificacions_table',12),(28,'2021_10_21_170942_create_ocupacions_table',13),(29,'2021_10_21_205143_drop_presentacions_table',13),(30,'2021_10_21_211334_create_estructura_criminals_table',14),(31,'2021_10_22_204008_create_institucions_table',15),(33,'2021_10_22_223744_create_paises_table',16),(34,'2021_10_22_224419_create_departamentos_table',17),(37,'2021_10_22_224636_create_municipios_table',18),(38,'2021_10_25_214802_create_tipo_parametros_table',19),(39,'2021_10_25_215601_create_tipo_parametros_table',20),(40,'2021_10_25_215724_create_parametros_table',21),(41,'2021_11_05_185934_create_drogas_table',22),(42,'2021_11_05_220116_add_soft_deletes_to_tipo_drogas_table',23),(43,'2021_11_05_224011_create_decomisos_table',24),(44,'2021_11_09_042219_create_paises_table',25),(45,'2021_11_09_042710_create_pais_table',26),(46,'2021_11_10_033524_create_tipo_ids_table',27),(47,'2021_11_10_035652_create_estado_civils_table',28),(48,'2021_11_11_025605_create_decomiso_droga_table',29),(49,'2021_11_11_031913_create_decomiso_precursor_table',30),(50,'2021_11_11_032517_create_decomiso_arma_table',31),(51,'2021_11_11_032810_create_decomiso_municion_table',32),(52,'2021_11_11_033110_create_decomiso_detenido_table',33),(53,'2021_11_11_034307_create_decomiso_transporte_table',34),(54,'2021_11_12_055844_create_decomiso_detenidos_table',35),(55,'2021_11_12_060130_create_decomiso_transportes_table',36),(56,'2021_11_12_065139_create_decomiso_arma_table',37),(57,'2021_11_12_065306_create_arma_decomiso_table',38),(58,'2021_11_12_065437_create_decomiso_tipo_municion_table',39),(59,'2021_11_12_065954_create_decomiso_tipo_municion_table',40),(60,'2021_11_13_072621_create_decomiso_drogas_table',41),(62,'2021_11_13_074943_create_decomiso_droga_table',42),(63,'2021_11_16_012639_add_pais_id_to_departamentos',43),(64,'2021_11_28_183713_add_coodenadas_to_departamentos',44),(65,'2021_11_30_010242_add_coodenadas_to_decomisos',45),(66,'2021_12_02_215045_add_genero_to_decomiso_detenidos',46),(67,'2021_12_31_231714_drop_precursors',47),(68,'2022_01_11_193859_add_soft_deletes_to_presentacion_drogas',48),(69,'2022_01_11_201456_add_soft_deletes_to_presentacion_precursors',49),(70,'2022_01_11_203344_add_soft_deletes_to_precursors',50),(71,'2022_01_11_204554_add_soft_deletes_to_armas',51),(72,'2022_01_12_150418_add_soft_deletes_to_tipo_municions',52),(73,'2022_01_12_151507_add_soft_deletes_to_identificacions',53),(74,'2022_01_12_152904_add_soft_deletes_to_ocupacions',54),(75,'2022_01_18_050337_add_soft_deletes_to_estructura_criminals',55),(76,'2022_01_18_050812_add_soft_deletes_to_institucions',56),(77,'2022_01_18_051030_add_soft_deletes_to_estado_civils',57);
/*!40000 ALTER TABLE `migrations` ENABLE KEYS */;
UNLOCK TABLES;

--
-- Table structure for table `model_has_permissions`
--

DROP TABLE IF EXISTS `model_has_permissions`;
/*!40101 SET @saved_cs_client     = @@character_set_client */;
/*!40101 SET character_set_client = utf8 */;
CREATE TABLE `model_has_permissions` (
  `permission_id` bigint(20) unsigned NOT NULL,
  `model_type` varchar(255) COLLATE utf8mb4_unicode_ci NOT NULL,
  `model_id` bigint(20) unsigned NOT NULL,
  PRIMARY KEY (`permission_id`,`model_id`,`model_type`),
  KEY `model_has_permissions_model_id_model_type_index` (`model_id`,`model_type`),
  CONSTRAINT `model_has_permissions_permission_id_foreign` FOREIGN KEY (`permission_id`) REFERENCES `permissions` (`id`) ON DELETE CASCADE
) ENGINE=InnoDB DEFAULT CHARSET=utf8mb4 COLLATE=utf8mb4_unicode_ci;
/*!40101 SET character_set_client = @saved_cs_client */;

--
-- Dumping data for table `model_has_permissions`
--

LOCK TABLES `model_has_permissions` WRITE;
/*!40000 ALTER TABLE `model_has_permissions` DISABLE KEYS */;
INSERT INTO `model_has_permissions` VALUES (19,'App\\Models\\User',13),(20,'App\\Models\\User',13),(63,'App\\Models\\User',5),(63,'App\\Models\\User',35),(64,'App\\Models\\User',5),(65,'App\\Models\\User',5),(66,'App\\Models\\User',5),(67,'App\\Models\\User',5),(67,'App\\Models\\User',35),(68,'App\\Models\\User',5),(68,'App\\Models\\User',35),(69,'App\\Models\\User',5),(69,'App\\Models\\User',35),(70,'App\\Models\\User',5),(70,'App\\Models\\User',35),(71,'App\\Models\\User',5),(71,'App\\Models\\User',35),(72,'App\\Models\\User',5),(73,'App\\Models\\User',5),(74,'App\\Models\\User',5),(75,'App\\Models\\User',5),(76,'App\\Models\\User',5),(77,'App\\Models\\User',5),(78,'App\\Models\\User',5),(79,'App\\Models\\User',5),(80,'App\\Models\\User',5),(81,'App\\Models\\User',5),(82,'App\\Models\\User',5),(83,'App\\Models\\User',5),(84,'App\\Models\\User',5),(85,'App\\Models\\User',5),(86,'App\\Models\\User',5);
/*!40000 ALTER TABLE `model_has_permissions` ENABLE KEYS */;
UNLOCK TABLES;

--
-- Table structure for table `model_has_roles`
--

DROP TABLE IF EXISTS `model_has_roles`;
/*!40101 SET @saved_cs_client     = @@character_set_client */;
/*!40101 SET character_set_client = utf8 */;
CREATE TABLE `model_has_roles` (
  `role_id` bigint(20) unsigned NOT NULL,
  `model_type` varchar(255) COLLATE utf8mb4_unicode_ci NOT NULL,
  `model_id` bigint(20) unsigned NOT NULL,
  PRIMARY KEY (`role_id`,`model_id`,`model_type`),
  KEY `model_has_roles_model_id_model_type_index` (`model_id`,`model_type`),
  CONSTRAINT `model_has_roles_role_id_foreign` FOREIGN KEY (`role_id`) REFERENCES `roles` (`id`) ON DELETE CASCADE
) ENGINE=InnoDB DEFAULT CHARSET=utf8mb4 COLLATE=utf8mb4_unicode_ci;
/*!40101 SET character_set_client = @saved_cs_client */;

--
-- Dumping data for table `model_has_roles`
--

LOCK TABLES `model_has_roles` WRITE;
/*!40000 ALTER TABLE `model_has_roles` DISABLE KEYS */;
INSERT INTO `model_has_roles` VALUES (1,'App\\Models\\User',13),(1,'App\\Models\\User',36),(2,'App\\Models\\User',4),(2,'App\\Models\\User',35),(3,'App\\Models\\User',5),(4,'App\\Models\\User',6),(4,'App\\Models\\User',35),(17,'App\\Models\\User',1);
/*!40000 ALTER TABLE `model_has_roles` ENABLE KEYS */;
UNLOCK TABLES;

--
-- Table structure for table `municipios`
--

DROP TABLE IF EXISTS `municipios`;
/*!40101 SET @saved_cs_client     = @@character_set_client */;
/*!40101 SET character_set_client = utf8 */;
CREATE TABLE `municipios` (
  `id` bigint(20) unsigned NOT NULL AUTO_INCREMENT,
  `nombre` varchar(255) COLLATE utf8mb4_unicode_ci NOT NULL,
  `departamento_id` bigint(20) unsigned NOT NULL,
  PRIMARY KEY (`id`),
  KEY `municipios_departamento_id_foreign` (`departamento_id`),
  CONSTRAINT `municipios_departamento_id_foreign` FOREIGN KEY (`departamento_id`) REFERENCES `departamentos` (`id`) ON DELETE CASCADE
) ENGINE=InnoDB AUTO_INCREMENT=296 DEFAULT CHARSET=utf8mb4 COLLATE=utf8mb4_unicode_ci;
/*!40101 SET character_set_client = @saved_cs_client */;

--
-- Dumping data for table `municipios`
--

LOCK TABLES `municipios` WRITE;
/*!40000 ALTER TABLE `municipios` DISABLE KEYS */;
INSERT INTO `municipios` VALUES (1,'La Ceiba',1),(2,'El Porvenir',1),(3,'Esparta',1),(4,'Jutiapa',1),(5,'La Masica',1),(6,'San Francisco',1),(7,'Tela',1),(8,'Arizona',1),(9,'Trujillo',2),(10,'Balfate',2),(11,'Iriona',2),(12,'Limón',2),(13,'Sabá',2),(14,'Santa Fe',2),(15,'Santa Rosa de Aguán',2),(16,'Sonaguera',2),(17,'Tocoa',2),(18,'Bonito Oriental',2),(19,'Comayagua',3),(20,'Ajuterique',3),(21,'El Rosario',3),(22,'Esquías',3),(23,'Humuya',3),(24,'La Libertad',3),(25,'Lamaní',3),(26,'La Trinidad',3),(27,'Lejamaní',3),(28,'Meámbar',3),(29,'Minas de Oro',3),(30,'Ojos de Agua',3),(31,'San Jerónimo',3),(32,'San José de Comayagua',3),(33,'San José del Potrero',3),(34,'San Luis',3),(35,'San Sebastián',3),(36,'Siguatepeque',3),(37,'Santa Rosa de Copán',4),(38,'Cabañas',4),(39,'Concepción',4),(40,'Copán Ruinas',4),(41,'Corquin',4),(42,'Cucuyagua',4),(43,'Dolores',4),(44,'Dulce Nombre',4),(45,'El Paraíso',4),(46,'Florida',4),(47,'La Jigua',4),(48,'La Unión',4),(49,'Nueva Arcadia',4),(50,'San Agustín',4),(51,'San Antonio',4),(52,'San Jerónimo',4),(53,'San José',4),(54,'San Juan de Opoa',4),(55,'San Nicolás',4),(56,'San Pedro de Copán',4),(57,'Santa Rita',4),(58,'Trinidad de Copán',4),(59,'Veracruz',4),(60,'San Pedro Sula',5),(61,'Choloma',5),(62,'Omoa',5),(63,'Pimienta',5),(64,'Potrerillos',5),(65,'Puerto Cortés',5),(66,'San Antonio de Cortés',5),(67,'San Francisco de Yojoa',5),(68,'San Manuel',5),(69,'Santa Cruz de Yojoa',5),(70,'Villanueva',5),(71,'La Lima',5),(72,'Choluteca',6),(73,'Apacilagua',6),(74,'Concepción de María',6),(75,'Duyure',6),(76,'El Corpus',6),(77,'El Triunfo',6),(78,'Marcovia',6),(79,'Morolica',6),(80,'Namasigüe',6),(81,'Orocuina',6),(82,'Pespire',6),(83,'San Antonio de Flores',6),(84,'San Isidro',6),(85,'San José',6),(86,'San Marcos de Colón',6),(87,'Santa Ana de Yusguare',6),(88,'Yuscarán',7),(89,'Alauca',7),(90,'Danlí',7),(91,'El Paraíso',7),(92,'Güinope',7),(93,'Jacaleapa',7),(94,'Liure',7),(95,'Morocelí',7),(96,'Oropolí',7),(97,'Potrerillos',7),(98,'San Antonio de Flores',7),(99,'San Lucas',7),(100,'San Matías',7),(101,'Soledad',7),(102,'Teupasenti',7),(103,'Texiguat',7),(104,'Vado Ancho',7),(105,'Yauyupe',7),(106,'Trojes',7),(107,'Distrito Central',8),(108,'Alubarén',8),(109,'Cedros',8),(110,'Curarén',8),(111,'El Porvenir',8),(112,'Guaimaca',8),(113,'La Libertad',8),(114,'La Venta',8),(115,'Lepaterique',8),(116,'Maraita',8),(117,'Marale',8),(118,'Nueva Armenia',8),(119,'Ojojona',8),(120,'Orica',8),(121,'Reitoca',8),(122,'Sabanagrande',8),(123,'San Antonio de Oriente',8),(124,'San Buenaventura',8),(125,'San Ignacio',8),(126,'San Juan de Flores',8),(127,'San Miguelito',8),(128,'Santa Ana',8),(129,'Santa Lucía',8),(130,'Talanga',8),(131,'Tatumbla',8),(132,'Valle de Angeles',8),(133,'Villa de San Francisco',8),(134,'Vallecillo',8),(135,'Puerto Lempira',9),(136,'Brus Laguna',9),(137,'Ahuas',9),(138,'Juan Francisco Bulnes',9),(139,'Villeda Morales',9),(140,'Wampusirpi',9),(141,'La Esperanza',10),(142,'Camasca',10),(143,'Colomoncagua',10),(144,'Concepción',10),(145,'Dolores',10),(146,'Intibucá',10),(147,'Jesús de Otoro',10),(148,'Magdalena',10),(149,'Masaguara',10),(150,'San Antonio',10),(151,'San Isidro',10),(152,'San Juan',10),(153,'San Marcos de La Sierra',10),(154,'San Miguelito',10),(155,'Santa Lucía',10),(156,'Yamaranguila',10),(157,'San Francisco de Opalaca',10),(158,'Roatán',11),(159,'Guanaja',11),(160,'José Santos Guardiola',11),(161,'Utila',11),(162,'La Paz',12),(163,'Aguanqueterique',12),(164,'Cabañas',12),(165,'Cane',12),(166,'Chinacla',12),(167,'Guajiquiro',12),(168,'Lauterique',12),(169,'Marcala',12),(170,'Mercedes de Oriente',12),(171,'Opatoro',12),(172,'San Antonio del Norte',12),(173,'San José',12),(174,'San Juan',12),(175,'San Pedro de Tutule',12),(176,'Santa Ana',12),(177,'Santa Elena',12),(178,'Santa María',12),(179,'Santiago de Puringla',12),(180,'Yarula',12),(181,'Gracias',13),(182,'Belén',13),(183,'Candelaria',13),(184,'Cololaca',13),(185,'Erandique',13),(186,'Gualcince',13),(187,'Guarita',13),(188,'La Campa',13),(189,'La Iguala',13),(190,'Las Flores',13),(191,'La Unión',13),(192,'La Virtud',13),(193,'Lepaera',13),(194,'Mapulaca',13),(195,'Piraera',13),(196,'San Andrés',13),(197,'San Francisco',13),(198,'San Juan Guarita',13),(199,'San Manuel Colohete',13),(200,'San Rafael',13),(201,'San Sebastián',13),(202,'Santa Cruz',13),(203,'Talgua',13),(204,'Tambla',13),(205,'Tomalá',13),(206,'Valladolid',13),(207,'Virginia',13),(208,'San Marcos de Caiquín',13),(209,'Ocotepeque',14),(210,'Belén Gualcho',14),(211,'Concepción',14),(212,'Dolores Merendón',14),(213,'Fraternidad',14),(214,'La Encarnación',14),(215,'La Labor',14),(216,'Lucerna',14),(217,'Mercedes',14),(218,'San Fernando',14),(219,'San Francisco del Valle',14),(220,'San Jorge',14),(221,'San Marcos',14),(222,'Santa Fe',14),(223,'Sensenti',14),(224,'Sinuapa',14),(225,'Juticalpa',15),(226,'Campamento',15),(227,'Catacamas',15),(228,'Concordia',15),(229,'Dulce Nombre de Culmí',15),(230,'El Rosario',15),(231,'Esquipulas del Norte',15),(232,'Gualaco',15),(233,'Guarizama',15),(234,'Guata',15),(235,'Guayape',15),(236,'Jano',15),(237,'La Unión',15),(238,'Mangulile',15),(239,'Manto',15),(240,'Salamá',15),(241,'San Estebán',15),(242,'San Francisco de Becerra',15),(243,'San Francisco de La Paz',15),(244,'Santa María del Real',15),(245,'Silca',15),(246,'Yocón',15),(247,'Patuca',15),(248,'Santa Bárbara',16),(249,'Arada',16),(250,'Atima',16),(251,'Azacualpa',16),(252,'Ceguaca',16),(253,'Concepción del Norte',16),(254,'Concepción del Sur',16),(255,'Chinda',16),(256,'El Níspero',16),(257,'Gualala',16),(258,'Ilama',16),(259,'Macuelizo',16),(260,'Naranjito',16),(261,'Nuevo Celilac',16),(262,'Petoa',16),(263,'Protección',16),(264,'Quimistán',16),(265,'San Francisco de Ojuera',16),(266,'San José de Colinas',16),(267,'San Luis',16),(268,'San Marcos',16),(269,'San Nicolás',16),(270,'San Pedro  Zacapa',16),(271,'San Vicente Centenario',16),(272,'Santa Rita',16),(273,'Trinidad',16),(274,'Las Vegas',16),(275,'Nueva Frontera',16),(276,'Nacaome',17),(277,'Alianza',17),(278,'Amapala',17),(279,'Aramecina',17),(280,'Caridad',17),(281,'Goascorán',17),(282,'Langue',17),(283,'San Francisco de Coray',17),(284,'San Lorenzo',17),(285,'Yoro',18),(286,'Arenal',18),(287,'El Negrito',18),(288,'El Progreso',18),(289,'Jocón',18),(290,'Morazán',18),(291,'Olanchito',18),(292,'Santa Rita',18),(293,'Sulaco',18),(294,'Victoria',18),(295,'Yorito',18);
/*!40000 ALTER TABLE `municipios` ENABLE KEYS */;
UNLOCK TABLES;

--
-- Table structure for table `ocupacions`
--

DROP TABLE IF EXISTS `ocupacions`;
/*!40101 SET @saved_cs_client     = @@character_set_client */;
/*!40101 SET character_set_client = utf8 */;
CREATE TABLE `ocupacions` (
  `id` bigint(20) unsigned NOT NULL AUTO_INCREMENT,
  `descripcion` varchar(255) COLLATE utf8mb4_unicode_ci NOT NULL,
  `created_at` timestamp NULL DEFAULT NULL,
  `updated_at` timestamp NULL DEFAULT NULL,
  `deleted_at` timestamp NULL DEFAULT NULL,
  PRIMARY KEY (`id`)
) ENGINE=InnoDB AUTO_INCREMENT=10 DEFAULT CHARSET=utf8mb4 COLLATE=utf8mb4_unicode_ci;
/*!40101 SET character_set_client = @saved_cs_client */;

--
-- Dumping data for table `ocupacions`
--

LOCK TABLES `ocupacions` WRITE;
/*!40000 ALTER TABLE `ocupacions` DISABLE KEYS */;
INSERT INTO `ocupacions` VALUES (1,'Ingeniero Industrial','2021-10-22 03:11:13','2022-01-21 15:37:04',NULL),(3,'Albañil','2021-11-10 09:19:10','2022-01-21 15:37:13',NULL),(4,'Alfarero','2022-01-12 21:30:08','2022-01-12 21:32:01','2022-01-12 21:32:01'),(5,'Comerciante','2022-01-21 15:37:23','2022-01-21 15:37:23',NULL),(6,'Agricultor','2022-01-21 15:38:46','2022-01-21 15:38:46',NULL),(7,'Transportista','2022-01-21 15:38:58','2022-01-21 15:38:58',NULL),(8,'Agricultor','2022-01-21 15:39:38','2022-01-21 15:40:14',NULL),(9,'Estudiante','2022-01-21 15:39:59','2022-01-21 15:39:59',NULL);
/*!40000 ALTER TABLE `ocupacions` ENABLE KEYS */;
UNLOCK TABLES;

--
-- Table structure for table `pais`
--

DROP TABLE IF EXISTS `pais`;
/*!40101 SET @saved_cs_client     = @@character_set_client */;
/*!40101 SET character_set_client = utf8 */;
CREATE TABLE `pais` (
  `id` bigint(20) unsigned NOT NULL AUTO_INCREMENT,
  `nombre` varchar(255) COLLATE utf8mb4_unicode_ci NOT NULL,
  PRIMARY KEY (`id`)
) ENGINE=InnoDB AUTO_INCREMENT=238 DEFAULT CHARSET=utf8mb4 COLLATE=utf8mb4_unicode_ci;
/*!40101 SET character_set_client = @saved_cs_client */;

--
-- Dumping data for table `pais`
--

LOCK TABLES `pais` WRITE;
/*!40000 ALTER TABLE `pais` DISABLE KEYS */;
INSERT INTO `pais` VALUES (1,'AFGANISTAN'),(2,'ALBANIA'),(3,'ALEMANIA'),(4,'ANDORRA'),(5,'ANGOLA'),(6,'ANGUILLA'),(7,'ANTIGUA Y BARBUDA'),(8,'ANTILLAS HOLANDESAS'),(9,'ARABIA SAUDI'),(10,'ARGELIA'),(11,'ARGENTINA'),(12,'ARMENIA'),(13,'ARUBA'),(14,'AUSTRALIA'),(15,'AUSTRIA'),(16,'AZERBAIYAN'),(17,'BAHAMAS'),(18,'BAHREIN'),(19,'BANGLADESH'),(20,'BARBADOS'),(21,'BELARUS'),(22,'BELGICA'),(23,'BELICE'),(24,'BENIN'),(25,'BERMUDAS'),(26,'BHUTÁN'),(27,'BOLIVIA'),(28,'BOSNIA Y HERZEGOVINA'),(29,'BOTSWANA'),(30,'BRASIL'),(31,'BRUNEI'),(32,'BULGARIA'),(33,'BURKINA FASO'),(34,'BURUNDI'),(35,'CABO VERDE'),(36,'CAMBOYA'),(37,'CAMERUN'),(38,'CANADA'),(39,'CHAD'),(40,'CHILE'),(41,'CHINA'),(42,'CHIPRE'),(43,'COLOMBIA'),(44,'COMORES'),(45,'CONGO'),(46,'COREA'),(47,'COREA DEL NORTE '),(48,'COSTA DE MARFIL'),(49,'COSTA RICA'),(50,'CROACIA'),(51,'CUBA'),(52,'DINAMARCA'),(53,'DJIBOUTI'),(54,'DOMINICA'),(55,'ECUADOR'),(56,'EGIPTO'),(57,'EL SALVADOR'),(58,'EMIRATOS ARABES UNIDOS'),(59,'ERITREA'),(60,'ESLOVENIA'),(61,'ESPAÑA'),(62,'ESTADOS UNIDOS DE AMERICA'),(63,'ESTONIA'),(64,'ETIOPIA'),(65,'FIJI'),(66,'FILIPINAS'),(67,'FINLANDIA'),(68,'FRANCIA'),(69,'GABON'),(70,'GAMBIA'),(71,'GEORGIA'),(72,'GHANA'),(73,'GIBRALTAR'),(74,'GRANADA'),(75,'GRECIA'),(76,'GROENLANDIA'),(77,'GUADALUPE'),(78,'GUAM'),(79,'GUATEMALA'),(80,'GUAYANA FRANCESA'),(81,'GUERNESEY'),(82,'GUINEA'),(83,'GUINEA ECUATORIAL'),(84,'GUINEA-BISSAU'),(85,'GUYANA'),(86,'HAITI'),(87,'HONDURAS'),(88,'HONG KONG'),(89,'HUNGRIA'),(90,'INDIA'),(91,'INDONESIA'),(92,'IRAN'),(93,'IRAQ'),(94,'IRLANDA'),(95,'ISLA DE MAN'),(96,'ISLA NORFOLK'),(97,'ISLANDIA'),(98,'ISLAS ALAND'),(99,'ISLAS CAIMÁN'),(100,'ISLAS COOK'),(101,'ISLAS DEL CANAL'),(102,'ISLAS FEROE'),(103,'ISLAS MALVINAS'),(104,'ISLAS MARIANAS DEL NORTE'),(105,'ISLAS MARSHALL'),(106,'ISLAS PITCAIRN'),(107,'ISLAS SALOMON'),(108,'ISLAS TURCAS Y CAICOS'),(109,'ISLAS VIRGENES BRITANICAS'),(110,'ISLAS VÍRGENES DE LOS ESTADOS UNIDOS'),(111,'ISRAEL'),(112,'ITALIA'),(113,'JAMAICA'),(114,'JAPON'),(115,'JERSEY'),(116,'JORDANIA'),(117,'KAZAJSTAN'),(118,'KENIA'),(119,'KIRGUISTAN'),(120,'KIRIBATI'),(121,'KUWAIT'),(122,'LAOS'),(123,'LESOTHO'),(124,'LETONIA'),(125,'LIBANO'),(126,'LIBERIA'),(127,'LIBIA'),(128,'LIECHTENSTEIN'),(129,'LITUANIA'),(130,'LUXEMBURGO'),(131,'MACAO'),(132,'MACEDONIA '),(133,'MADAGASCAR'),(134,'MALASIA'),(135,'MALAWI'),(136,'MALDIVAS'),(137,'MALI'),(138,'MALTA'),(139,'MARRUECOS'),(140,'MARTINICA'),(141,'MAURICIO'),(142,'MAURITANIA'),(143,'MAYOTTE'),(144,'MEXICO'),(145,'MICRONESIA'),(146,'MOLDAVIA'),(147,'MONACO'),(148,'MONGOLIA'),(149,'MONTENEGRO'),(150,'MONTSERRAT'),(151,'MOZAMBIQUE'),(152,'MYANMAR'),(153,'NAMIBIA'),(154,'NAURU'),(155,'NEPAL'),(156,'NICARAGUA'),(157,'NIGER'),(158,'NIGERIA'),(159,'NIUE'),(160,'NORUEGA'),(161,'NUEVA CALEDONIA'),(162,'NUEVA ZELANDA'),(163,'OMAN'),(164,'PAISES BAJOS'),(165,'PAKISTAN'),(166,'PALAOS'),(167,'PALESTINA'),(168,'PANAMA'),(169,'PAPUA NUEVA GUINEA'),(170,'PARAGUAY'),(171,'PERU'),(172,'POLINESIA FRANCESA'),(173,'POLONIA'),(174,'PORTUGAL'),(175,'PUERTO RICO'),(176,'QATAR'),(177,'REINO UNIDO'),(178,'REP.DEMOCRATICA DEL CONGO'),(179,'REPUBLICA CENTROAFRICANA'),(180,'REPUBLICA CHECA'),(181,'REPUBLICA DOMINICANA'),(182,'REPUBLICA ESLOVACA'),(183,'REUNION'),(184,'RUANDA'),(185,'RUMANIA'),(186,'RUSIA'),(187,'SAHARA OCCIDENTAL'),(188,'SAMOA'),(189,'SAMOA AMERICANA'),(190,'SAN BARTOLOME'),(191,'SAN CRISTOBAL Y NIEVES'),(192,'SAN MARINO'),(193,'SAN MARTIN (PARTE FRANCESA)'),(194,'SAN PEDRO Y MIQUELON '),(195,'SAN VICENTE Y LAS GRANADINAS'),(196,'SANTA HELENA'),(197,'SANTA LUCIA'),(198,'SANTA SEDE'),(199,'SANTO TOME Y PRINCIPE'),(200,'SENEGAL'),(201,'SERBIA'),(202,'SEYCHELLES'),(203,'SIERRA LEONA'),(204,'SINGAPUR'),(205,'SIRIA'),(206,'SOMALIA'),(207,'SRI LANKA'),(208,'SUDAFRICA'),(209,'SUDAN'),(210,'SUECIA'),(211,'SUIZA'),(212,'SURINAM'),(213,'SVALBARD Y JAN MAYEN'),(214,'SWAZILANDIA'),(215,'TADYIKISTAN'),(216,'TAILANDIA'),(217,'TANZANIA'),(218,'TIMOR ORIENTAL'),(219,'TOGO'),(220,'TOKELAU'),(221,'TONGA'),(222,'TRINIDAD Y TOBAGO'),(223,'TUNEZ'),(224,'TURKMENISTAN'),(225,'TURQUIA'),(226,'TUVALU'),(227,'UCRANIA'),(228,'UGANDA'),(229,'URUGUAY'),(230,'UZBEKISTAN'),(231,'VANUATU'),(232,'VENEZUELA'),(233,'VIETNAM'),(234,'WALLIS Y FORTUNA'),(235,'YEMEN'),(236,'ZAMBIA'),(237,'ZIMBABWE');
/*!40000 ALTER TABLE `pais` ENABLE KEYS */;
UNLOCK TABLES;

--
-- Table structure for table `parametros`
--

DROP TABLE IF EXISTS `parametros`;
/*!40101 SET @saved_cs_client     = @@character_set_client */;
/*!40101 SET character_set_client = utf8 */;
CREATE TABLE `parametros` (
  `id` bigint(20) unsigned NOT NULL AUTO_INCREMENT,
  `descripcion` varchar(255) COLLATE utf8mb4_unicode_ci NOT NULL,
  `tipo_parametro_id` bigint(20) unsigned NOT NULL,
  `created_at` timestamp NULL DEFAULT NULL,
  `updated_at` timestamp NULL DEFAULT NULL,
  PRIMARY KEY (`id`),
  KEY `parametros_tipo_parametro_id_foreign` (`tipo_parametro_id`),
  CONSTRAINT `parametros_tipo_parametro_id_foreign` FOREIGN KEY (`tipo_parametro_id`) REFERENCES `tipo_parametros` (`id`) ON DELETE CASCADE
) ENGINE=InnoDB AUTO_INCREMENT=4 DEFAULT CHARSET=utf8mb4 COLLATE=utf8mb4_unicode_ci;
/*!40101 SET character_set_client = @saved_cs_client */;

--
-- Dumping data for table `parametros`
--

LOCK TABLES `parametros` WRITE;
/*!40000 ALTER TABLE `parametros` DISABLE KEYS */;
INSERT INTO `parametros` VALUES (1,'descripcion de tipo de droga',3,'2021-10-28 02:03:39','2021-10-28 02:03:39'),(3,'descripcion de arma',6,'2021-10-28 04:22:13','2021-10-28 04:22:13');
/*!40000 ALTER TABLE `parametros` ENABLE KEYS */;
UNLOCK TABLES;

--
-- Table structure for table `password_resets`
--

DROP TABLE IF EXISTS `password_resets`;
/*!40101 SET @saved_cs_client     = @@character_set_client */;
/*!40101 SET character_set_client = utf8 */;
CREATE TABLE `password_resets` (
  `email` varchar(255) COLLATE utf8mb4_unicode_ci NOT NULL,
  `token` varchar(255) COLLATE utf8mb4_unicode_ci NOT NULL,
  `created_at` timestamp NULL DEFAULT NULL,
  KEY `password_resets_email_index` (`email`)
) ENGINE=InnoDB DEFAULT CHARSET=utf8mb4 COLLATE=utf8mb4_unicode_ci;
/*!40101 SET character_set_client = @saved_cs_client */;

--
-- Dumping data for table `password_resets`
--

LOCK TABLES `password_resets` WRITE;
/*!40000 ALTER TABLE `password_resets` DISABLE KEYS */;
/*!40000 ALTER TABLE `password_resets` ENABLE KEYS */;
UNLOCK TABLES;

--
-- Table structure for table `permissions`
--

DROP TABLE IF EXISTS `permissions`;
/*!40101 SET @saved_cs_client     = @@character_set_client */;
/*!40101 SET character_set_client = utf8 */;
CREATE TABLE `permissions` (
  `id` bigint(20) unsigned NOT NULL AUTO_INCREMENT,
  `name` varchar(255) COLLATE utf8mb4_unicode_ci NOT NULL,
  `guard_name` varchar(255) COLLATE utf8mb4_unicode_ci NOT NULL,
  `created_at` timestamp NULL DEFAULT NULL,
  `updated_at` timestamp NULL DEFAULT NULL,
  PRIMARY KEY (`id`),
  UNIQUE KEY `permissions_name_guard_name_unique` (`name`,`guard_name`)
) ENGINE=InnoDB AUTO_INCREMENT=87 DEFAULT CHARSET=utf8mb4 COLLATE=utf8mb4_unicode_ci;
/*!40101 SET character_set_client = @saved_cs_client */;

--
-- Dumping data for table `permissions`
--

LOCK TABLES `permissions` WRITE;
/*!40000 ALTER TABLE `permissions` DISABLE KEYS */;
INSERT INTO `permissions` VALUES (2,'crear roles','web','2021-09-22 08:35:24','2021-09-30 03:34:15'),(7,'crear usuarios','web','2021-09-29 11:17:37','2021-09-30 06:25:31'),(8,'editar roles','web','2021-09-29 11:17:47','2021-09-30 03:44:01'),(9,'ver usuarios','web','2021-09-29 11:17:57','2021-09-30 06:25:20'),(10,'borrar roles','web','2021-09-29 11:18:11','2021-09-30 03:40:45'),(11,'borrar usuarios','web','2021-09-29 11:18:53','2021-09-30 06:25:51'),(12,'editar usuarios','web','2021-09-29 11:19:03','2021-09-30 06:26:04'),(13,'ver permisos','web','2021-09-30 06:30:08','2021-09-30 06:30:08'),(14,'crear permisos','web','2021-09-30 06:30:27','2021-09-30 06:30:27'),(15,'editar permisos','web','2021-09-30 06:30:43','2021-09-30 06:30:43'),(16,'borrar permisos','web','2021-09-30 06:30:51','2021-09-30 06:30:51'),(17,'ver roles','web','2021-10-03 04:38:56','2021-10-03 04:38:56'),(19,'ver Tipo de droga','web','2021-10-28 06:34:11','2021-10-28 06:34:11'),(20,'ver armas','web','2021-10-28 06:38:21','2022-01-21 13:12:34'),(21,'ver seguridad','web','2022-01-21 12:57:45','2022-01-21 12:57:45'),(22,'ver bitacora','web','2022-01-21 12:59:10','2022-01-21 12:59:10'),(23,'ver respaldo','web','2022-01-21 12:59:39','2022-01-21 12:59:39'),(24,'manejar decomisos','web','2022-01-21 13:00:51','2022-01-21 13:00:51'),(25,'ver decomisos','web','2022-01-21 13:01:08','2022-01-21 13:01:08'),(26,'crear decomiso','web','2022-01-21 13:01:20','2022-01-21 13:01:20'),(27,'crear graficas','web','2022-01-21 13:03:01','2022-01-21 13:04:12'),(28,'crear mapas','web','2022-01-21 13:03:20','2022-01-21 13:04:21'),(29,'crear informes','web','2022-01-21 13:03:36','2022-01-21 13:04:30'),(30,'ver informe drogas','web','2022-01-21 13:05:53','2022-01-21 13:05:53'),(31,'ver informe precursores','web','2022-01-21 13:06:06','2022-01-21 13:06:06'),(32,'ver informe armas','web','2022-01-21 13:06:25','2022-01-21 13:06:25'),(33,'ver informe municiones','web','2022-01-21 13:06:41','2022-01-21 13:06:41'),(34,'ver informe transportes','web','2022-01-21 13:06:59','2022-01-21 13:06:59'),(35,'ver informe detenidos','web','2022-01-21 13:07:14','2022-01-21 13:07:14'),(36,'ver parametros','web','2022-01-21 13:08:12','2022-01-21 13:08:12'),(37,'crear Tipo de droga','web','2022-01-21 13:09:59','2022-01-21 13:09:59'),(38,'ver presentaciones droga','web','2022-01-21 13:10:21','2022-01-21 13:10:21'),(39,'crear presentaciones droga','web','2022-01-21 13:10:33','2022-01-21 13:10:33'),(40,'ver presentaciones precursor','web','2022-01-21 13:11:07','2022-01-21 13:11:07'),(41,'crear presentaciones precursor','web','2022-01-21 13:11:19','2022-01-21 13:11:19'),(42,'ver precursor','web','2022-01-21 13:11:48','2022-01-21 13:11:48'),(43,'crear precursor','web','2022-01-21 13:12:05','2022-01-21 13:12:05'),(44,'crear arma','web','2022-01-21 13:12:51','2022-01-21 13:12:51'),(45,'ver municiones','web','2022-01-21 13:13:16','2022-01-21 13:13:16'),(46,'crear municion','web','2022-01-21 13:13:29','2022-01-21 13:13:29'),(47,'ver identificaciones','web','2022-01-21 13:13:52','2022-01-21 13:13:52'),(48,'crear identificacion','web','2022-01-21 13:14:04','2022-01-21 13:14:04'),(49,'ver ocupaciones','web','2022-01-21 13:14:26','2022-01-21 13:14:26'),(50,'crear ocupacion','web','2022-01-21 13:14:40','2022-01-21 13:14:40'),(51,'ver estructuras','web','2022-01-21 13:14:55','2022-01-21 13:14:55'),(52,'crear estructura','web','2022-01-21 13:15:06','2022-01-21 13:15:06'),(53,'ver instituciones','web','2022-01-21 13:15:36','2022-01-21 13:15:36'),(54,'crear institucion','web','2022-01-21 13:15:48','2022-01-21 13:15:48'),(55,'ver drogas','web','2022-01-21 13:16:43','2022-01-21 13:16:43'),(56,'crear droga','web','2022-01-21 13:16:56','2022-01-21 13:16:56'),(57,'ver estados civiles','web','2022-01-21 13:18:11','2022-01-21 13:18:11'),(58,'crear estados civiles','web','2022-01-21 13:18:22','2022-01-21 13:18:22'),(59,'ver informacion','web','2022-01-21 13:25:58','2022-01-21 13:25:58'),(60,'editar decomisos','web','2022-01-21 13:44:22','2022-01-21 13:44:22'),(61,'borrar decomisos','web','2022-01-21 13:44:34','2022-01-21 13:44:34'),(62,'crear respaldo','web','2022-01-31 20:43:28','2022-01-31 20:43:28'),(63,'ver decomisos de droga','web','2022-01-31 21:07:08','2022-01-31 21:07:08'),(64,'crear decomisos de droga','web','2022-01-31 21:07:31','2022-01-31 21:07:31'),(65,'editar decomisos de droga','web','2022-01-31 21:08:36','2022-01-31 21:08:36'),(66,'borrar decomisos de droga','web','2022-01-31 21:08:58','2022-01-31 21:08:58'),(67,'ver decomisos de precursores','web','2022-01-31 23:32:51','2022-01-31 23:32:51'),(68,'ver decomisos de armas','web','2022-02-01 00:01:21','2022-02-01 00:01:21'),(69,'ver decomisos de municiones','web','2022-02-01 00:01:39','2022-02-01 00:01:39'),(70,'ver detenidos en decomisos','web','2022-02-01 00:02:01','2022-02-01 00:02:01'),(71,'ver decomisos de transportes','web','2022-02-01 00:02:16','2022-02-01 00:02:16'),(72,'crear decomisos de precursores','web','2022-02-01 03:59:22','2022-02-01 03:59:22'),(73,'crear decomisos de armas','web','2022-02-01 03:59:36','2022-02-01 03:59:36'),(74,'crear decomisos de municiones','web','2022-02-01 03:59:50','2022-02-01 03:59:50'),(75,'crear detenidos en decomisos','web','2022-02-01 04:00:01','2022-02-01 04:00:01'),(76,'crear decomisos de transportes','web','2022-02-01 04:00:13','2022-02-01 04:00:13'),(77,'editar decomisos de precursores','web','2022-02-01 04:31:28','2022-02-01 04:31:28'),(78,'borrar decomisos de precursores','web','2022-02-01 04:47:04','2022-02-01 04:47:04'),(79,'editar decomisos de armas','web','2022-02-01 04:50:14','2022-02-01 04:50:14'),(80,'borrar decomisos de armas','web','2022-02-01 04:50:25','2022-02-01 04:50:25'),(81,'editar decomisos de municiones','web','2022-02-01 04:53:13','2022-02-01 04:53:13'),(82,'borrar decomisos de municiones','web','2022-02-01 04:53:25','2022-02-01 04:53:25'),(83,'editar detenidos en decomisos','web','2022-02-01 04:57:07','2022-02-01 21:50:02'),(84,'borrar detenidos en decomisos','web','2022-02-01 04:57:17','2022-02-01 21:49:43'),(85,'editar decomisos de transportes','web','2022-02-01 04:59:20','2022-02-01 21:46:13'),(86,'borrar decomisos de transportes','web','2022-02-01 04:59:28','2022-02-01 21:45:34');
/*!40000 ALTER TABLE `permissions` ENABLE KEYS */;
UNLOCK TABLES;

--
-- Table structure for table `personal_access_tokens`
--

DROP TABLE IF EXISTS `personal_access_tokens`;
/*!40101 SET @saved_cs_client     = @@character_set_client */;
/*!40101 SET character_set_client = utf8 */;
CREATE TABLE `personal_access_tokens` (
  `id` bigint(20) unsigned NOT NULL AUTO_INCREMENT,
  `tokenable_type` varchar(255) COLLATE utf8mb4_unicode_ci NOT NULL,
  `tokenable_id` bigint(20) unsigned NOT NULL,
  `name` varchar(255) COLLATE utf8mb4_unicode_ci NOT NULL,
  `token` varchar(64) COLLATE utf8mb4_unicode_ci NOT NULL,
  `abilities` text COLLATE utf8mb4_unicode_ci DEFAULT NULL,
  `last_used_at` timestamp NULL DEFAULT NULL,
  `created_at` timestamp NULL DEFAULT NULL,
  `updated_at` timestamp NULL DEFAULT NULL,
  PRIMARY KEY (`id`),
  UNIQUE KEY `personal_access_tokens_token_unique` (`token`),
  KEY `personal_access_tokens_tokenable_type_tokenable_id_index` (`tokenable_type`,`tokenable_id`)
) ENGINE=InnoDB DEFAULT CHARSET=utf8mb4 COLLATE=utf8mb4_unicode_ci;
/*!40101 SET character_set_client = @saved_cs_client */;

--
-- Dumping data for table `personal_access_tokens`
--

LOCK TABLES `personal_access_tokens` WRITE;
/*!40000 ALTER TABLE `personal_access_tokens` DISABLE KEYS */;
/*!40000 ALTER TABLE `personal_access_tokens` ENABLE KEYS */;
UNLOCK TABLES;

--
-- Table structure for table `precursors`
--

DROP TABLE IF EXISTS `precursors`;
/*!40101 SET @saved_cs_client     = @@character_set_client */;
/*!40101 SET character_set_client = utf8 */;
CREATE TABLE `precursors` (
  `id` bigint(20) unsigned NOT NULL AUTO_INCREMENT,
  `descripcion` varchar(255) COLLATE utf8mb4_unicode_ci NOT NULL,
  `created_at` timestamp NULL DEFAULT NULL,
  `updated_at` timestamp NULL DEFAULT NULL,
  `deleted_at` timestamp NULL DEFAULT NULL,
  PRIMARY KEY (`id`)
) ENGINE=InnoDB AUTO_INCREMENT=9 DEFAULT CHARSET=utf8mb4 COLLATE=utf8mb4_unicode_ci;
/*!40101 SET character_set_client = @saved_cs_client */;

--
-- Dumping data for table `precursors`
--

LOCK TABLES `precursors` WRITE;
/*!40000 ALTER TABLE `precursors` DISABLE KEYS */;
INSERT INTO `precursors` VALUES (1,'Alcohol isobutílico','2021-10-20 09:24:01','2021-12-23 02:08:44',NULL),(3,'Dietilamina','2021-10-20 09:27:11','2022-01-17 20:59:30','2022-01-17 20:59:30'),(4,'Alcohol butílico','2022-01-12 02:36:16','2022-01-12 02:36:16',NULL),(5,'Acetona','2022-01-21 15:20:56','2022-01-21 15:20:56',NULL),(6,'Efedrina','2022-01-21 15:21:51','2022-01-21 15:22:04',NULL),(7,'Éter Etílico','2022-01-21 15:22:33','2022-01-21 15:22:33',NULL),(8,'Isosafrol','2022-01-21 15:22:52','2022-01-21 15:22:52',NULL);
/*!40000 ALTER TABLE `precursors` ENABLE KEYS */;
UNLOCK TABLES;

--
-- Table structure for table `presentacion_drogas`
--

DROP TABLE IF EXISTS `presentacion_drogas`;
/*!40101 SET @saved_cs_client     = @@character_set_client */;
/*!40101 SET character_set_client = utf8 */;
CREATE TABLE `presentacion_drogas` (
  `id` bigint(20) unsigned NOT NULL AUTO_INCREMENT,
  `descripcion` varchar(255) COLLATE utf8mb4_unicode_ci NOT NULL,
  `created_at` timestamp NULL DEFAULT NULL,
  `updated_at` timestamp NULL DEFAULT NULL,
  `deleted_at` timestamp NULL DEFAULT NULL,
  PRIMARY KEY (`id`)
) ENGINE=InnoDB AUTO_INCREMENT=9 DEFAULT CHARSET=utf8mb4 COLLATE=utf8mb4_unicode_ci;
/*!40101 SET character_set_client = @saved_cs_client */;

--
-- Dumping data for table `presentacion_drogas`
--

LOCK TABLES `presentacion_drogas` WRITE;
/*!40000 ALTER TABLE `presentacion_drogas` DISABLE KEYS */;
INSERT INTO `presentacion_drogas` VALUES (1,'paquetes','2021-10-21 00:42:38','2022-02-02 02:21:58',NULL),(3,'puros','2021-11-10 09:24:56','2022-01-12 01:43:39',NULL),(4,'puntas','2021-11-19 09:57:50','2021-11-19 09:57:50',NULL),(5,'piedra','2021-11-19 09:58:47','2021-11-19 09:58:47',NULL),(6,'bolsas','2021-11-19 09:59:59','2021-11-19 09:59:59',NULL),(7,'envoltorios','2021-11-19 10:00:10','2021-11-19 10:00:10',NULL),(8,'planta','2021-11-19 10:00:51','2021-11-19 10:00:51',NULL);
/*!40000 ALTER TABLE `presentacion_drogas` ENABLE KEYS */;
UNLOCK TABLES;

--
-- Table structure for table `presentacion_precursors`
--

DROP TABLE IF EXISTS `presentacion_precursors`;
/*!40101 SET @saved_cs_client     = @@character_set_client */;
/*!40101 SET character_set_client = utf8 */;
CREATE TABLE `presentacion_precursors` (
  `id` bigint(20) unsigned NOT NULL AUTO_INCREMENT,
  `descripcion` varchar(255) COLLATE utf8mb4_unicode_ci NOT NULL,
  `created_at` timestamp NULL DEFAULT NULL,
  `updated_at` timestamp NULL DEFAULT NULL,
  `deleted_at` timestamp NULL DEFAULT NULL,
  PRIMARY KEY (`id`)
) ENGINE=InnoDB AUTO_INCREMENT=9 DEFAULT CHARSET=utf8mb4 COLLATE=utf8mb4_unicode_ci;
/*!40101 SET character_set_client = @saved_cs_client */;

--
-- Dumping data for table `presentacion_precursors`
--

LOCK TABLES `presentacion_precursors` WRITE;
/*!40000 ALTER TABLE `presentacion_precursors` DISABLE KEYS */;
INSERT INTO `presentacion_precursors` VALUES (1,'botes','2021-10-21 09:15:02','2022-02-02 02:22:25',NULL),(3,'cajas','2021-11-10 09:28:20','2021-11-10 09:28:20',NULL),(5,'frascos','2022-01-12 02:22:53','2022-01-12 02:24:19','2022-01-12 02:24:19'),(6,'bolsas','2022-01-21 15:19:19','2022-01-21 15:19:19',NULL),(7,'barriles','2022-01-21 15:19:35','2022-01-21 15:19:35',NULL),(8,'costales','2022-01-21 15:19:48','2022-01-21 15:19:48',NULL);
/*!40000 ALTER TABLE `presentacion_precursors` ENABLE KEYS */;
UNLOCK TABLES;

--
-- Table structure for table `presentacions`
--

DROP TABLE IF EXISTS `presentacions`;
/*!40101 SET @saved_cs_client     = @@character_set_client */;
/*!40101 SET character_set_client = utf8 */;
CREATE TABLE `presentacions` (
  `id` bigint(20) unsigned NOT NULL AUTO_INCREMENT,
  `descripcion` varchar(255) COLLATE utf8mb4_unicode_ci NOT NULL,
  `created_at` timestamp NULL DEFAULT NULL,
  `updated_at` timestamp NULL DEFAULT NULL,
  PRIMARY KEY (`id`)
) ENGINE=InnoDB AUTO_INCREMENT=3 DEFAULT CHARSET=utf8mb4 COLLATE=utf8mb4_unicode_ci;
/*!40101 SET character_set_client = @saved_cs_client */;

--
-- Dumping data for table `presentacions`
--

LOCK TABLES `presentacions` WRITE;
/*!40000 ALTER TABLE `presentacions` DISABLE KEYS */;
INSERT INTO `presentacions` VALUES (1,'primera presentacion','2021-10-20 04:56:21','2021-10-20 07:57:57');
/*!40000 ALTER TABLE `presentacions` ENABLE KEYS */;
UNLOCK TABLES;

--
-- Table structure for table `role_has_permissions`
--

DROP TABLE IF EXISTS `role_has_permissions`;
/*!40101 SET @saved_cs_client     = @@character_set_client */;
/*!40101 SET character_set_client = utf8 */;
CREATE TABLE `role_has_permissions` (
  `permission_id` bigint(20) unsigned NOT NULL,
  `role_id` bigint(20) unsigned NOT NULL,
  PRIMARY KEY (`permission_id`,`role_id`),
  KEY `role_has_permissions_role_id_foreign` (`role_id`),
  CONSTRAINT `role_has_permissions_permission_id_foreign` FOREIGN KEY (`permission_id`) REFERENCES `permissions` (`id`) ON DELETE CASCADE,
  CONSTRAINT `role_has_permissions_role_id_foreign` FOREIGN KEY (`role_id`) REFERENCES `roles` (`id`) ON DELETE CASCADE
) ENGINE=InnoDB DEFAULT CHARSET=utf8mb4 COLLATE=utf8mb4_unicode_ci;
/*!40101 SET character_set_client = @saved_cs_client */;

--
-- Dumping data for table `role_has_permissions`
--

LOCK TABLES `role_has_permissions` WRITE;
/*!40000 ALTER TABLE `role_has_permissions` DISABLE KEYS */;
INSERT INTO `role_has_permissions` VALUES (2,1),(7,1),(8,1),(9,1),(10,1),(11,1),(12,1),(13,1),(14,1),(15,1),(16,1),(17,1),(19,1),(20,1),(21,1),(22,1),(23,1),(24,3),(25,3),(26,3),(27,2),(28,2),(29,4),(30,4),(31,4),(32,4),(33,4),(34,4),(35,4),(36,1),(37,1),(38,1),(39,1),(40,1),(41,1),(42,1),(43,1),(44,1),(45,1),(46,1),(47,1),(48,1),(49,1),(50,1),(51,1),(52,1),(53,1),(54,1),(55,1),(56,1),(57,1),(58,1),(59,2),(59,4),(60,3),(62,1);
/*!40000 ALTER TABLE `role_has_permissions` ENABLE KEYS */;
UNLOCK TABLES;

--
-- Table structure for table `roles`
--

DROP TABLE IF EXISTS `roles`;
/*!40101 SET @saved_cs_client     = @@character_set_client */;
/*!40101 SET character_set_client = utf8 */;
CREATE TABLE `roles` (
  `id` bigint(20) unsigned NOT NULL AUTO_INCREMENT,
  `name` varchar(255) COLLATE utf8mb4_unicode_ci NOT NULL,
  `guard_name` varchar(255) COLLATE utf8mb4_unicode_ci NOT NULL,
  `created_at` timestamp NULL DEFAULT NULL,
  `updated_at` timestamp NULL DEFAULT NULL,
  PRIMARY KEY (`id`),
  UNIQUE KEY `roles_name_guard_name_unique` (`name`,`guard_name`)
) ENGINE=InnoDB AUTO_INCREMENT=19 DEFAULT CHARSET=utf8mb4 COLLATE=utf8mb4_unicode_ci;
/*!40101 SET character_set_client = @saved_cs_client */;

--
-- Dumping data for table `roles`
--

LOCK TABLES `roles` WRITE;
/*!40000 ALTER TABLE `roles` DISABLE KEYS */;
INSERT INTO `roles` VALUES (1,'Administrador','web','2021-09-18 11:11:53','2021-09-18 12:27:02'),(2,'Visualizador','web','2021-09-18 11:22:26','2021-09-18 11:22:26'),(3,'Digitador','web','2021-09-18 11:23:55','2021-09-18 11:23:55'),(4,'Generador','web','2021-09-18 11:25:56','2021-09-18 11:25:56'),(17,'SuperAdministrador','web','2021-09-30 06:37:20','2021-09-30 06:37:20');
/*!40000 ALTER TABLE `roles` ENABLE KEYS */;
UNLOCK TABLES;

--
-- Table structure for table `tipo_drogas`
--

DROP TABLE IF EXISTS `tipo_drogas`;
/*!40101 SET @saved_cs_client     = @@character_set_client */;
/*!40101 SET character_set_client = utf8 */;
CREATE TABLE `tipo_drogas` (
  `id` bigint(20) unsigned NOT NULL AUTO_INCREMENT,
  `descripcion` varchar(255) COLLATE utf8mb4_unicode_ci NOT NULL,
  `created_at` timestamp NULL DEFAULT NULL,
  `updated_at` timestamp NULL DEFAULT NULL,
  `deleted_at` timestamp NULL DEFAULT NULL,
  PRIMARY KEY (`id`)
) ENGINE=InnoDB AUTO_INCREMENT=10 DEFAULT CHARSET=utf8mb4 COLLATE=utf8mb4_unicode_ci;
/*!40101 SET character_set_client = @saved_cs_client */;

--
-- Dumping data for table `tipo_drogas`
--

LOCK TABLES `tipo_drogas` WRITE;
/*!40000 ALTER TABLE `tipo_drogas` DISABLE KEYS */;
INSERT INTO `tipo_drogas` VALUES (1,'alucinógenos','2021-10-19 10:34:16','2022-01-29 01:34:36',NULL),(4,'sedantes','2021-11-06 01:43:01','2022-02-02 02:21:09',NULL),(7,'otro tipo de droga','2021-11-06 04:31:06','2021-11-07 03:46:29','2021-11-07 03:46:29'),(8,'estimulantes','2022-01-21 15:17:21','2022-01-21 15:18:30',NULL),(9,'afrodisíacos','2022-01-21 15:18:41','2022-01-21 15:18:41',NULL);
/*!40000 ALTER TABLE `tipo_drogas` ENABLE KEYS */;
UNLOCK TABLES;

--
-- Table structure for table `tipo_municions`
--

DROP TABLE IF EXISTS `tipo_municions`;
/*!40101 SET @saved_cs_client     = @@character_set_client */;
/*!40101 SET character_set_client = utf8 */;
CREATE TABLE `tipo_municions` (
  `id` bigint(20) unsigned NOT NULL AUTO_INCREMENT,
  `descripcion` varchar(255) COLLATE utf8mb4_unicode_ci NOT NULL,
  `created_at` timestamp NULL DEFAULT NULL,
  `updated_at` timestamp NULL DEFAULT NULL,
  `deleted_at` timestamp NULL DEFAULT NULL,
  PRIMARY KEY (`id`)
) ENGINE=InnoDB AUTO_INCREMENT=8 DEFAULT CHARSET=utf8mb4 COLLATE=utf8mb4_unicode_ci;
/*!40101 SET character_set_client = @saved_cs_client */;

--
-- Dumping data for table `tipo_municions`
--

LOCK TABLES `tipo_municions` WRITE;
/*!40000 ALTER TABLE `tipo_municions` DISABLE KEYS */;
INSERT INTO `tipo_municions` VALUES (1,'9 mm','2021-10-21 09:57:47','2021-11-06 04:37:47',NULL),(3,'0.380 mm','2021-11-16 02:55:25','2022-01-21 15:30:47',NULL),(4,'12 mm','2022-01-12 21:08:16','2022-01-12 21:09:13','2022-01-12 21:09:13'),(5,'22 mm','2022-01-21 15:31:49','2022-01-21 15:31:49',NULL),(6,'40 mm','2022-01-21 15:33:09','2022-01-21 15:33:09',NULL),(7,'Cartucho de escopeta','2022-01-21 15:35:02','2022-01-21 15:35:02',NULL);
/*!40000 ALTER TABLE `tipo_municions` ENABLE KEYS */;
UNLOCK TABLES;

--
-- Table structure for table `tipo_parametros`
--

DROP TABLE IF EXISTS `tipo_parametros`;
/*!40101 SET @saved_cs_client     = @@character_set_client */;
/*!40101 SET character_set_client = utf8 */;
CREATE TABLE `tipo_parametros` (
  `id` bigint(20) unsigned NOT NULL AUTO_INCREMENT,
  `descripcion` varchar(255) COLLATE utf8mb4_unicode_ci NOT NULL,
  `created_at` timestamp NULL DEFAULT NULL,
  `updated_at` timestamp NULL DEFAULT NULL,
  PRIMARY KEY (`id`)
) ENGINE=InnoDB AUTO_INCREMENT=12 DEFAULT CHARSET=utf8mb4 COLLATE=utf8mb4_unicode_ci;
/*!40101 SET character_set_client = @saved_cs_client */;

--
-- Dumping data for table `tipo_parametros`
--

LOCK TABLES `tipo_parametros` WRITE;
/*!40000 ALTER TABLE `tipo_parametros` DISABLE KEYS */;
INSERT INTO `tipo_parametros` VALUES (1,'Tipo de droga','2021-10-26 04:25:25','2021-10-26 04:49:56'),(3,'Presentación de droga','2021-10-26 04:50:12','2021-10-26 04:50:12'),(4,'Presentación de precursores','2021-10-26 04:50:27','2021-10-26 04:50:27'),(5,'Precursores químicos','2021-10-26 04:50:44','2021-10-26 04:50:44'),(6,'Armas','2021-10-26 04:50:56','2021-10-26 04:50:56'),(7,'Municiones','2021-10-26 04:51:05','2021-10-26 04:51:05'),(8,'Identificaciones','2021-10-26 04:51:15','2021-10-26 04:51:15'),(9,'Ocupaciones','2021-10-26 04:51:24','2021-10-26 04:51:24'),(10,'Estructuras criminales','2021-10-26 04:51:37','2021-10-26 04:51:37');
/*!40000 ALTER TABLE `tipo_parametros` ENABLE KEYS */;
UNLOCK TABLES;

--
-- Table structure for table `users`
--

DROP TABLE IF EXISTS `users`;
/*!40101 SET @saved_cs_client     = @@character_set_client */;
/*!40101 SET character_set_client = utf8 */;
CREATE TABLE `users` (
  `id` bigint(20) unsigned NOT NULL AUTO_INCREMENT,
  `name` varchar(255) COLLATE utf8mb4_unicode_ci NOT NULL,
  `email` varchar(255) COLLATE utf8mb4_unicode_ci NOT NULL,
  `email_verified_at` timestamp NULL DEFAULT NULL,
  `password` varchar(255) COLLATE utf8mb4_unicode_ci NOT NULL,
  `two_factor_secret` text COLLATE utf8mb4_unicode_ci DEFAULT NULL,
  `two_factor_recovery_codes` text COLLATE utf8mb4_unicode_ci DEFAULT NULL,
  `remember_token` varchar(100) COLLATE utf8mb4_unicode_ci DEFAULT NULL,
  `created_at` timestamp NULL DEFAULT NULL,
  `updated_at` timestamp NULL DEFAULT NULL,
  PRIMARY KEY (`id`),
  UNIQUE KEY `users_email_unique` (`email`)
) ENGINE=InnoDB AUTO_INCREMENT=37 DEFAULT CHARSET=utf8mb4 COLLATE=utf8mb4_unicode_ci;
/*!40101 SET character_set_client = @saved_cs_client */;

--
-- Dumping data for table `users`
--

LOCK TABLES `users` WRITE;
/*!40000 ALTER TABLE `users` DISABLE KEYS */;
INSERT INTO `users` VALUES (1,'SuperAdmin','cris_itg@yahoo.es',NULL,'$2y$10$cSQ3TSR4w68ZUfHxzeffhe9bKYv.61OX3Zn1rPTVLGQeK7tiOZ8oS',NULL,NULL,NULL,'2021-09-18 01:19:55','2022-01-21 14:31:17'),(4,'visualizador01','cris_itg@yahoo.com',NULL,'$2y$10$iOZTiJW.5C5t95jw1HDF.uBpehpi4Dqv17fq.vwUI8HK5.abt.7o6',NULL,NULL,NULL,'2021-09-18 09:23:10','2022-01-21 14:26:02'),(5,'digitador01','cris_itg@yahoo.hn',NULL,'$2y$10$DbSEkZ31A1TXNBZccaQ7fuaPr40QHaN2w2NtDhbxMoutvQLwZymYO',NULL,NULL,NULL,'2021-09-18 11:16:09','2022-01-21 12:29:06'),(6,'generador01','cris_itg@yahoo.gob',NULL,'$2y$10$MpxOXul5LBIv9lVVL5Bbiu32gR9L2oeEDq59p/C7eLdfGx7w82P6K',NULL,NULL,NULL,'2021-09-18 11:16:44','2022-01-21 12:29:28'),(13,'administrador01','cris_itg@yahoo.mx',NULL,'$2y$10$DMTgboxVvFG0SZdh9i9Weui5yjNBt9RypnbKYndCnYlkkdZ9cGpOS',NULL,NULL,NULL,'2021-09-25 06:15:25','2022-01-21 12:29:52'),(35,'visualizador02','cris_itg@gmail.com',NULL,'$2y$10$qwJ9s2z3ay4BDmb1EtAJ4ONPMQULiAWUNZWAw/CDE3jrGZF998p02',NULL,NULL,NULL,'2022-01-21 12:32:55','2022-01-21 12:33:38'),(36,'prueba','prueba_123@yahoo.es',NULL,'$2y$10$7LpPGp1qQRcYHu4s2wqFte8rmgsgy4gdrxEV9VjgKlaU7a/jpJEkK',NULL,NULL,NULL,'2022-01-26 22:25:09','2022-01-26 22:25:09');
/*!40000 ALTER TABLE `users` ENABLE KEYS */;
UNLOCK TABLES;
/*!40103 SET TIME_ZONE=@OLD_TIME_ZONE */;

/*!40101 SET SQL_MODE=@OLD_SQL_MODE */;
/*!40014 SET FOREIGN_KEY_CHECKS=@OLD_FOREIGN_KEY_CHECKS */;
/*!40014 SET UNIQUE_CHECKS=@OLD_UNIQUE_CHECKS */;
/*!40101 SET CHARACTER_SET_CLIENT=@OLD_CHARACTER_SET_CLIENT */;
/*!40101 SET CHARACTER_SET_RESULTS=@OLD_CHARACTER_SET_RESULTS */;
/*!40101 SET COLLATION_CONNECTION=@OLD_COLLATION_CONNECTION */;
/*!40111 SET SQL_NOTES=@OLD_SQL_NOTES */;

-- Dump completed on 2022-02-01 15:48:05
